url_len,hostname_len,path_len,query_len,count_dots,count_hyphens,count_at,count_question,count_equal,count_slash,count_percent,count_digits,digits_ratio,letters_ratio,has_ip,is_https,is_punycode,subdomain_count,has_excessive_subdomains,has_excessive_hyphens,url_entropy,hostname_entropy,matched_keywords,is_high_risk_tld,brand_impersonation,has_password_field,has_login_form,cross_domain_form,http_form_action,hidden_inputs_count,urgency_language,external_link_ratio,suspicious_scripts,url,label
81,21,30,21,2,0,0,1,2,5,0,1,0.0123,0.8272,0,1,0,1,0,0,4.3264,3.0823,0,0,0,0,0,0,0,1,0,0.07,0,https://www.geeksforgeeks.org/products/category/electronics?page=2&sort=price_asc,0
53,38,7,0,4,1,0,0,0,3,0,0,0.0,0.8302,0,1,0,3,1,0,4.2213,3.8173,3,1,1,0,0,0,0,0,0,0.0,0,https://appleid.apple.com.account-recovery.cam/verify,1
47,27,13,0,1,3,0,0,0,4,0,0,0.0,0.8085,0,0,0,0,0,1,4.2304,3.7821,2,1,0,1,1,1,1,9,0,0.74,1,http://sbi-online-banking-kyc.buzz/retail/login,1
57,19,30,0,3,0,0,0,0,5,0,0,0.0,0.8421,0,1,0,1,0,0,4.0654,3.5111,1,0,0,0,0,0,0,0,0,0.0,0,https://support.walmart.com/download/latest/installer.exe,0
50,17,1,23,2,0,0,1,3,3,0,5,0.1,0.66,0,1,0,1,0,0,4.5513,3.4548,1,0,0,0,0,0,0,0,0,0.0,0,https://support.arxiv.org/?ref=nav&q=test&id=55862,0
89,20,38,23,2,1,0,1,3,6,0,5,0.0562,0.764,0,0,0,1,0,0,4.5689,3.6842,1,0,0,0,0,0,0,0,0,0.1,0,http://support.flipkart.com/repos/organization/repo-name/releases?ref=nav&q=test&id=42757,0
70,16,22,23,2,1,0,1,3,5,0,6,0.0857,0.7,0,1,0,1,0,0,4.6751,3.3278,0,0,0,0,0,0,0,0,0,0.0,0,https://www.linkedin.com/docs/v2/api-reference?ref=nav&q=test&id=40525,0
80,13,36,23,1,3,0,1,3,5,0,13,0.1625,0.6375,0,0,0,0,0,0,4.8782,3.3927,0,0,0,0,0,0,0,0,0,0.0,0,http://instagram.com/questions/12345678/how-to-fix-error?ref=nav&q=test&id=39869,0
63,15,40,0,2,1,0,0,0,6,0,6,0.0952,0.746,0,1,0,1,0,0,4.5465,3.5069,0,0,0,0,0,0,0,3,0,0.2,0,https://dev.nytimes.com/article/2026/08/technology-breakthrough,0
100,16,30,45,2,0,0,2,5,5,0,6,0.06,0.75,0,1,0,1,0,0,4.6405,3.625,0,0,0,0,0,0,0,0,0,0.0,0,https://blog.nytimes.com/products/category/electronics?page=2&sort=price_asc?ref=nav&q=test&id=87662,0
73,17,25,23,2,2,0,1,3,4,0,5,0.0685,0.726,0,0,0,1,0,0,4.6845,3.3372,1,0,0,0,0,0,0,0,0,0.0,0,http://api.microsoft.com/about-us/leadership-team?ref=nav&q=test&id=74986,0
25,11,6,0,1,0,0,0,0,3,0,0,0.0,0.8,0,1,0,0,0,0,3.9933,3.0958,1,0,0,1,1,0,0,3,0,0.06,0,https://youtube.com/login,0
46,14,25,0,2,0,0,0,0,5,0,0,0.0,0.8261,0,0,0,1,0,0,4.1262,2.8963,1,0,0,0,0,0,0,3,0,0.12,0,http://app.amazon.com/user/dashboard/analytics,0
52,19,25,0,2,0,0,0,0,5,0,0,0.0,0.8462,0,1,0,1,0,0,4.2343,3.5369,0,0,0,0,0,0,0,0,0,0.0,0,https://blog.cloudflare.com/user/dashboard/analytics,0
33,19,7,0,1,1,0,0,0,3,0,1,0.0303,0.7879,0,0,0,0,0,0,4.165,3.8269,2,0,0,0,0,0,0,0,0,0.0,0,http://paypa1-security.com/webscr,1
30,17,6,0,1,3,0,0,0,3,0,0,0.0,0.7333,0,0,1,0,0,1,4.2566,3.4548,0,0,0,1,1,1,1,9,0,0.92,1,http://xn--gogle-qqa.com/drive,1
98,14,30,45,3,0,0,2,5,5,0,6,0.0612,0.7347,0,1,0,2,0,0,4.669,3.1281,0,0,1,0,0,0,0,0,0,0.0,0,https://mail.sbi.co.in/products/category/electronics?page=2&sort=price_asc?ref=nav&q=test&id=80967,0
52,30,15,0,1,3,0,0,0,3,0,0,0.0,0.8462,0,0,0,0,0,1,4.2362,3.8947,2,1,0,0,0,0,0,0,0,0.0,0,http://instagram-copyright-appeal.cam/verify-account,1
74,16,7,42,2,0,0,2,4,3,0,5,0.0676,0.7297,0,1,0,1,0,0,4.6513,3.375,0,0,0,0,0,0,0,4,0,0.09,0,https://dev.linkedin.com/search?q=machine+learning?ref=nav&q=test&id=68138,0
47,14,25,0,2,0,0,0,0,5,0,0,0.0,0.8298,0,1,0,1,0,0,4.1857,3.182,0,0,0,0,0,0,0,1,0,0.32,0,https://www.target.com/user/dashboard/analytics,0
62,16,38,0,2,1,0,0,0,6,0,0,0.0,0.8387,0,1,0,1,0,0,3.9757,3.0778,0,0,0,0,0,0,0,2,0,0.15,0,https://mail.mozilla.org/repos/organization/repo-name/releases,0
50,32,11,0,1,3,0,0,0,4,0,3,0.06,0.76,0,0,0,0,0,1,4.3362,3.9292,4,1,0,1,1,1,1,6,1,0.86,0,http://microsoft-365-password-reset.top/auth/login,1
49,17,25,0,2,2,0,0,0,4,0,0,0.0,0.8163,0,0,0,1,0,0,4.0742,3.4548,0,0,0,0,0,0,0,2,0,0.29,0,http://app.pinterest.com/about-us/leadership-team,0
54,17,30,0,3,0,0,0,0,5,0,0,0.0,0.8333,0,0,0,1,0,0,4.1882,3.4104,0,0,0,0,0,0,0,0,0,0.0,0,http://dev.icicibank.com/download/latest/installer.exe,0
44,28,9,0,1,2,0,0,0,3,0,0,0.0,0.8409,0,0,0,0,0,1,4.1813,3.7534,2,1,0,0,0,0,0,0,0,0.0,0,http://binance-kyc-verification.cam/security,1
39,14,17,0,2,2,0,0,0,3,0,0,0.0,0.7949,0,1,0,1,0,0,4.0091,2.8963,1,0,0,0,0,0,0,2,0,0.06,0,https://app.zomato.com/terms-of-service,0
52,37,7,0,4,1,0,0,0,3,0,0,0.0,0.8269,0,1,0,3,1,0,4.2728,3.8918,3,1,1,0,0,0,0,0,0,0.0,0,https://appleid.apple.com.account-recovery.ga/verify,1
46,13,25,0,2,2,0,0,0,4,0,0,0.0,0.8043,0,1,0,1,0,0,4.0906,3.027,0,0,0,0,0,0,0,0,0,0.0,0,https://app.twitch.tv/about-us/leadership-team,0
33,19,7,0,1,1,0,0,0,3,0,1,0.0303,0.7879,0,0,0,0,0,0,4.165,3.8269,2,0,0,0,0,0,0,0,0,0.0,0,http://paypa1-security.com/webscr,1
42,17,17,0,2,0,0,0,0,4,0,0,0.0,0.8333,0,1,0,1,0,0,3.9488,3.3816,2,0,0,0,0,0,0,0,0,0.05,0,https://support.apple.com/profile/settings,0
75,15,30,21,2,0,0,1,2,5,0,1,0.0133,0.8133,0,1,0,1,0,0,4.339,3.2402,1,0,0,0,0,0,0,0,0,0.06,0,https://blog.paypal.com/products/category/electronics?page=2&sort=price_asc,0
81,22,30,21,2,0,0,1,2,5,0,1,0.0123,0.8272,0,0,0,1,0,0,4.4286,3.6635,0,0,0,0,0,0,0,0,0,0.0,0,http://blog.bankofamerica.com/products/category/electronics?page=2&sort=price_asc,0
51,18,26,0,2,1,0,0,0,6,0,0,0.0,0.7843,0,0,0,0,0,0,4.1422,3.7255,3,1,1,1,1,1,1,8,1,0.81,1,http://auth-check.monster/https://paypal.com/signin,1
48,28,13,0,1,3,0,0,0,4,0,0,0.0,0.8125,0,0,0,0,0,1,4.0821,3.5836,2,1,0,0,0,0,0,0,0,0.0,0,http://sbi-online-banking-kyc.click/retail/login,1
50,19,23,0,2,1,0,0,0,4,0,0,0.0,0.84,0,1,0,1,0,0,4.1991,3.5111,0,0,0,0,0,0,0,4,0,0.05,0,https://blog.huggingface.co/explore/popular-topics,0
54,34,13,0,1,3,0,0,0,4,0,0,0.0,0.8333,0,0,0,0,0,1,4.3638,4.1529,3,1,0,0,0,0,0,0,0,0.0,0,http://hdfc-netbanking-customer-care.work/secure/login,1
65,21,9,27,2,2,0,1,1,5,0,0,0.0,0.8,0,0,0,0,0,0,4.2177,3.3088,1,1,0,1,1,1,1,5,1,0.94,0,http://suspicious-site.click/redirect?url=http://victim-login.com,1
53,38,7,0,4,1,0,0,0,3,0,0,0.0,0.8302,0,1,0,3,1,0,4.2213,3.8173,3,1,1,1,1,1,0,5,1,0.71,2,https://appleid.apple.com.account-recovery.cam/verify,1
30,17,6,0,1,3,0,0,0,3,0,0,0.0,0.7333,0,0,1,0,0,1,4.2566,3.4548,0,0,0,0,0,0,0,0,0,0.0,0,http://xn--gogle-qqa.com/drive,1
49,12,30,0,3,0,0,0,0,5,0,0,0.0,0.8163,0,0,0,1,0,0,4.0822,2.8554,0,0,0,0,0,0,0,4,0,0.23,0,http://docs.zoom.us/download/latest/installer.exe,0
69,13,18,30,3,0,0,1,1,4,0,19,0.2754,0.5797,1,0,0,2,0,0,4.9015,2.5074,3,0,0,0,0,0,0,0,0,0.0,0,http://145.42.15.188/auth/verification?token=s0mb49nv727aoqlct94gq3yo,1
43,29,7,0,1,2,0,0,0,3,0,0,0.0,0.8372,0,0,0,0,0,1,3.9323,3.7285,0,1,0,0,0,0,0,0,0,0.0,0,http://immediate-action-required.top/notice,1
49,14,28,0,2,2,0,0,0,4,0,0,0.0,0.8163,0,0,0,1,0,0,4.01,3.0391,2,0,0,0,0,0,0,0,0,0.0,0,http://api.amazon.com/help-center/contact-support,0
54,22,0,23,2,0,0,1,3,2,0,5,0.0926,0.7037,0,1,0,1,0,0,4.4998,3.1524,0,0,0,0,0,0,0,1,0,0.16,0,https://blog.geeksforgeeks.org?ref=nav&q=test&id=39911,0
73,17,25,23,2,0,0,1,3,5,0,5,0.0685,0.7397,0,0,0,1,0,0,4.7038,3.4548,0,0,0,0,0,0,0,0,0,0.35,0,http://docs.hdfcbank.com/user/dashboard/analytics?ref=nav&q=test&id=37412,0
49,31,11,0,1,3,0,0,0,3,0,0,0.0,0.8367,0,0,0,0,0,1,4.1291,3.8732,3,1,0,0,0,0,0,0,0,0.0,0,http://unauthorized-login-detected.top/secure-now,1
54,36,11,0,1,3,0,0,0,4,0,3,0.0556,0.7778,0,0,0,0,0,1,4.3431,3.9512,4,1,0,0,0,0,0,0,0,0.0,0,http://microsoft-365-password-reset.monster/auth/login,1
45,13,25,0,4,0,0,0,0,5,0,10,0.2222,0.5556,1,0,0,2,0,0,4.3668,2.8731,2,0,1,1,1,1,1,7,1,0.93,2,http://193.243.96.76/signin/paypal/index.html,1
45,13,25,0,4,0,0,0,0,5,0,10,0.2222,0.5556,1,0,0,2,0,0,4.3668,2.8731,2,0,1,0,0,0,0,0,0,0.0,0,http://162.86.58.107/signin/paypal/index.html,1
46,26,13,0,1,3,0,0,0,4,0,0,0.0,0.8043,0,0,0,0,0,1,4.2304,3.7962,2,1,0,1,1,1,1,4,0,0.93,0,http://sbi-online-banking-kyc.xyz/retail/login,1
52,32,13,0,1,3,0,0,0,4,0,0,0.0,0.8269,0,0,0,0,0,1,4.3018,4.0542,3,1,0,1,1,1,1,9,0,0.71,0,http://hdfc-netbanking-customer-care.cf/secure/login,1
53,33,13,0,1,3,0,0,0,4,0,0,0.0,0.8302,0,0,0,0,0,1,4.3037,4.1421,3,1,0,1,1,1,1,11,1,0.67,1,http://hdfc-netbanking-customer-care.top/secure/login,1
84,14,38,23,2,1,0,1,3,6,0,5,0.0595,0.75,0,1,0,1,0,0,4.5247,3.3788,0,0,0,0,0,0,0,0,0,0.0,0,https://dev.target.com/repos/organization/repo-name/releases?ref=nav&q=test&id=83426,0
43,29,7,0,1,2,0,0,0,3,0,0,0.0,0.8372,0,0,0,0,0,1,3.9323,3.6301,0,1,0,0,0,0,0,0,0,0.0,0,http://immediate-action-required.icu/notice,1
46,17,22,0,2,1,0,0,0,5,0,1,0.0217,0.7826,0,0,0,1,0,0,4.2034,3.2195,0,0,0,0,0,0,0,0,0,0.0,0,http://www.wikipedia.org/docs/v2/api-reference,0
44,28,9,0,1,2,0,0,0,3,0,0,0.0,0.8409,0,0,0,0,0,1,4.1813,3.7534,2,1,0,1,1,1,1,3,0,0.74,0,http://binance-kyc-verification.cam/security,1
78,10,36,23,2,3,0,1,3,5,0,13,0.1667,0.6154,0,1,0,1,0,0,4.8368,2.6464,0,0,0,0,0,0,0,0,0,0.0,0,https://www.gov.in/questions/12345678/how-to-fix-error?ref=nav&q=test&id=97951,0
27,12,7,0,2,0,0,0,0,3,0,0,0.0,0.7778,0,1,0,1,0,0,3.9303,3.4183,1,0,0,1,1,0,0,2,0,0.29,0,https://dev.bing.com/signin,0
71,14,25,23,2,0,0,1,3,5,0,5,0.0704,0.7324,0,1,0,1,0,0,4.7009,3.2359,1,0,0,0,0,0,0,0,0,0.0,0,https://blog.apple.com/user/dashboard/analytics?ref=nav&q=test&id=50029,0
50,37,6,0,2,2,0,0,0,3,0,0,0.0,0.84,0,0,0,1,0,1,4.4582,4.1416,4,1,1,1,1,1,1,12,1,0.91,2,http://wellsfargo.banking-access-service.xyz/login,1
63,15,40,0,2,1,0,0,0,6,0,6,0.0952,0.746,0,1,0,1,0,0,4.5403,3.5069,0,0,0,0,0,0,0,3,0,0.2,0,https://dev.walmart.com/article/2026/08/technology-breakthrough,0
48,34,7,0,1,3,0,0,0,3,0,0,0.0,0.8333,0,0,0,0,0,1,4.3717,4.0575,2,1,0,0,0,0,0,0,0,0.0,0,http://customer-support-helpdesk-agent.gq/verify,1
47,35,5,0,1,3,0,0,0,3,0,0,0.0,0.8298,0,0,0,0,0,1,4.2828,4.0144,4,1,0,1,1,1,1,12,0,0.95,1,http://secure-wellsfargo-banking-alert.icu/auth,1
33,19,7,0,1,1,0,0,0,3,0,1,0.0303,0.7879,0,0,0,0,0,0,4.165,3.8269,2,0,0,1,1,1,1,2,1,0.93,0,http://paypa1-security.com/webscr,1
68,12,25,23,1,0,0,1,3,5,0,5,0.0735,0.7353,0,0,0,0,0,0,4.6794,3.0221,0,0,0,0,0,0,0,4,0,0.08,0,http://facebook.com/user/dashboard/analytics?ref=nav&q=test&id=99543,0
48,19,7,14,3,1,0,1,1,3,0,0,0.0,0.7708,0,0,0,2,0,0,4.5268,3.3264,4,1,1,1,1,1,1,8,0,0.83,2,http://login.paypal.com.ga/webscr?cmd=_login-run,1
30,17,6,0,1,3,0,0,0,3,0,0,0.0,0.7333,0,0,1,0,0,1,4.2566,3.4548,0,0,0,1,1,1,1,9,0,0.74,0,http://xn--gogle-qqa.com/drive,1
38,9,22,0,2,1,0,0,0,5,0,1,0.0263,0.7368,0,0,0,1,0,0,4.1132,2.7255,0,0,1,0,0,0,0,0,0,0.0,0,http://sbi.co.in/docs/v2/api-reference,0
52,23,22,0,1,3,0,0,0,4,0,0,0.0,0.8269,0,0,0,0,0,1,4.173,3.7081,4,1,0,1,1,0,1,7,1,0.81,2,http://chase-security-alert.ml/auth/confirm-identity,1
51,37,7,0,1,3,0,0,0,3,0,0,0.0,0.8431,0,0,0,0,0,1,4.1872,3.733,3,1,0,0,0,0,0,0,0,0.0,0,http://coinbase-account-suspended-notice.fun/verify,1
75,15,28,23,2,2,0,1,3,4,0,5,0.0667,0.7333,0,1,0,1,0,0,4.6436,3.2402,1,0,0,0,0,0,0,0,0,0.0,0,https://app.mozilla.org/help-center/contact-support?ref=nav&q=test&id=53004,0
90,20,38,23,2,1,0,1,3,6,0,5,0.0556,0.7667,0,1,0,1,0,0,4.5899,3.8219,1,0,0,0,0,0,0,4,0,0.33,0,https://support.linkedin.com/repos/organization/repo-name/releases?ref=nav&q=test&id=73642,0
40,15,17,0,2,2,0,0,0,3,0,0,0.0,0.8,0,1,0,1,0,0,4.1964,3.5069,1,0,0,0,0,0,0,0,0,0.07,0,https://docs.gitlab.com/terms-of-service,0
42,17,17,0,3,0,0,0,0,4,0,0,0.0,0.8095,0,1,0,2,0,0,3.8988,3.3372,1,0,1,0,0,0,0,0,0,0.0,0,https://support.sbi.co.in/profile/settings,0
40,13,6,13,2,0,0,1,1,3,0,2,0.05,0.75,0,0,0,1,0,0,4.4653,3.2389,0,0,0,0,0,0,0,0,0,0.0,0,http://docs.bing.com/watch?v=dQw4w9WgXcQ,0
45,12,25,0,2,0,0,0,0,5,0,0,0.0,0.8222,0,1,0,1,0,0,4.1868,3.2516,0,0,0,0,0,0,0,0,0,0.0,0,https://app.bing.com/user/dashboard/analytics,0
27,12,7,0,1,0,0,0,0,3,0,0,0.0,0.8148,0,1,0,0,0,0,4.0323,3.4183,1,0,0,1,1,0,0,1,0,0.27,0,https://hdfcbank.com/signin,0
38,13,18,0,4,0,0,0,0,4,0,10,0.2632,0.5,1,0,0,2,0,0,4.0278,2.6612,2,0,1,0,0,0,0,0,0,0.0,0,http://220.204.31.39/paypal/signin.php,1
71,15,18,30,3,0,0,1,1,4,0,19,0.2676,0.5915,1,0,0,2,0,0,4.8483,2.9559,3,0,0,1,1,1,1,9,1,0.78,0,http://162.159.241.238/auth/verification?token=j3eu64npnk5v67gf9lwgogvw,1
48,15,26,0,2,1,0,0,0,6,0,0,0.0,0.7708,0,0,0,0,0,0,4.1969,3.3736,3,1,1,1,1,1,1,12,1,0.66,1,http://auth-check.buzz/https://paypal.com/signin,1
53,24,22,0,1,3,0,0,0,4,0,0,0.0,0.8302,0,0,0,0,0,1,4.1446,3.6573,4,1,0,0,0,0,0,0,0,0.0,0,http://chase-security-alert.cam/auth/confirm-identity,1
49,31,11,0,1,3,0,0,0,4,0,3,0.0612,0.7551,0,0,0,0,0,1,4.4102,4.0181,4,1,0,0,0,0,0,0,0,0.0,0,http://microsoft-365-password-reset.tk/auth/login,1
53,32,14,0,2,2,0,0,0,4,0,0,0.0,0.8302,0,0,0,1,0,1,4.2887,4.0122,5,1,0,1,1,0,1,12,0,0.88,0,http://secure.netflix-payment-update.tk/account/login,1
44,13,0,23,2,0,0,1,3,2,0,5,0.1136,0.6364,0,0,0,1,0,0,4.6069,3.0851,0,0,0,0,0,0,0,0,0,0.0,0,http://dev.adobe.com?ref=nav&q=test&id=85136,0
53,33,13,0,1,3,0,0,0,4,0,0,0.0,0.8302,0,0,0,0,0,1,4.2895,4.0667,3,1,0,1,1,0,1,10,1,0.86,1,http://hdfc-netbanking-customer-care.icu/secure/login,1
52,14,30,0,3,0,0,0,0,5,0,0,0.0,0.8269,0,1,0,1,0,0,4.0514,2.8963,1,0,0,0,0,0,0,0,0,0.0,0,https://app.amazon.com/download/latest/installer.exe,0
64,13,6,37,2,0,0,2,4,3,0,7,0.1094,0.6719,0,0,0,1,0,0,4.8221,3.0851,1,0,0,0,0,0,0,0,0,0.0,0,http://app.chase.com/watch?v=dQw4w9WgXcQ?ref=nav&q=test&id=26551,0
68,11,25,23,1,0,0,1,3,5,0,5,0.0735,0.7353,0,1,0,0,0,0,4.6446,3.0958,0,0,0,0,0,0,0,1,0,0.14,0,https://youtube.com/user/dashboard/analytics?ref=nav&q=test&id=65634,0
49,15,27,0,3,2,0,0,0,4,0,12,0.2449,0.551,1,0,0,2,0,0,4.6223,2.8159,3,0,1,0,0,0,0,0,0,0.0,0,http://113.127.168.159/secure/update-banking-info,1
53,33,13,0,1,3,0,0,0,4,0,0,0.0,0.8302,0,0,0,0,0,1,4.4615,4.2862,3,1,0,0,0,0,0,0,0,0.0,0,http://hdfc-netbanking-customer-care.xyz/secure/login,1
30,17,6,0,1,3,0,0,0,3,0,0,0.0,0.7333,0,0,1,0,0,1,4.2566,3.4548,0,0,0,1,1,1,1,7,1,0.78,2,http://xn--gogle-qqa.com/drive,1
46,13,25,0,1,0,0,0,0,5,0,0,0.0,0.8478,0,1,0,0,0,0,4.0814,3.3927,0,0,0,0,0,0,0,0,0,0.23,0,https://pinterest.com/user/dashboard/analytics,0
95,11,30,45,2,0,0,2,5,5,0,6,0.0632,0.7368,0,1,0,1,0,0,4.6385,2.914,0,0,0,0,0,0,0,3,0,0.08,0,https://api.bbc.com/products/category/electronics?page=2&sort=price_asc?ref=nav&q=test&id=52041,0
63,14,17,23,2,2,0,1,3,3,0,5,0.0794,0.6984,0,1,0,1,0,0,4.5663,3.2359,1,0,0,0,0,0,0,0,0,0.0,0,https://app.docker.com/terms-of-service?ref=nav&q=test&id=62462,0
35,21,6,0,2,0,0,0,0,3,0,0,0.0,0.8286,0,1,0,1,0,0,3.9002,3.2135,1,0,0,1,1,0,0,0,0,0.06,0,https://app.geeksforgeeks.org/login,0
44,28,9,0,1,2,0,0,0,3,0,0,0.0,0.8409,0,0,0,0,0,1,4.1724,3.8249,2,1,0,0,0,0,0,0,0,0.0,0,http://binance-kyc-verification.sbs/security,1
49,36,6,0,1,3,0,0,0,3,0,0,0.0,0.8367,0,0,0,0,0,1,4.1445,3.8401,2,1,0,0,0,0,0,0,0,0.0,0,http://icici-rewards-points-redemption.work/claim,1
43,27,9,0,1,2,0,0,0,3,0,0,0.0,0.8372,0,0,0,0,0,1,4.2664,3.8842,2,1,0,1,1,1,1,5,0,0.75,1,http://binance-kyc-verification.ml/security,1
74,14,28,23,2,2,0,1,3,4,0,5,0.0676,0.7297,0,1,0,1,0,0,4.5567,3.182,1,0,0,0,0,0,0,0,0,0.0,0,https://app.medium.com/help-center/contact-support?ref=nav&q=test&id=21828,0
72,12,28,23,1,2,0,1,3,4,0,5,0.0694,0.7361,0,1,0,0,0,0,4.621,3.585,1,0,0,0,0,0,0,1,0,0.06,0,https://flipkart.com/help-center/contact-support?ref=nav&q=test&id=29350,0
53,16,6,23,2,0,0,1,3,3,0,5,0.0943,0.6792,0,0,0,1,0,0,4.7114,3.125,1,0,0,1,1,0,0,3,0,0.09,0,http://docs.dropbox.com/login?ref=nav&q=test&id=23438,0
46,13,7,18,2,0,0,1,1,3,0,0,0.0,0.8043,0,0,0,1,0,0,4.371,3.1808,0,0,0,0,0,0,0,3,0,0.26,0,http://dev.yahoo.com/search?q=machine+learning,0
67,15,6,37,2,0,0,2,4,3,0,7,0.1045,0.6866,0,1,0,1,0,0,4.8529,3.3232,0,0,0,0,0,0,0,4,0,0.13,0,https://app.spotify.com/watch?v=dQw4w9WgXcQ?ref=nav&q=test&id=93460,0
49,36,6,0,4,1,0,0,0,3,0,0,0.0,0.8163,0,0,0,3,1,0,4.2121,4.0033,3,1,1,0,0,0,0,0,0,0.0,0,http://appleid.apple.com.verify-identity.gq/login,1
51,15,28,0,2,2,0,0,0,4,0,0,0.0,0.8235,0,1,0,1,0,0,3.9582,3.1899,1,0,0,0,0,0,0,0,0,0.0,0,https://app.walmart.com/help-center/contact-support,0
87,16,40,23,2,1,0,1,3,6,0,11,0.1264,0.6897,0,0,0,1,0,0,4.7921,3.3278,0,0,0,0,0,0,0,0,0,0.0,0,http://mail.twitter.com/article/2026/08/technology-breakthrough?ref=nav&q=test&id=80938,0
52,19,1,23,2,0,0,1,3,3,0,5,0.0962,0.6731,0,1,0,1,0,0,4.6569,3.4714,0,0,0,0,0,0,0,0,0,0.0,0,https://blog.salesforce.com/?ref=nav&q=test&id=61851,0
73,15,7,42,2,0,0,2,4,3,0,5,0.0685,0.726,0,1,0,1,0,0,4.6954,3.5069,0,0,0,0,0,0,0,3,0,0.11,0,https://docs.gitlab.com/search?q=machine+learning?ref=nav&q=test&id=80410,0
48,34,7,0,1,3,0,0,0,3,0,0,0.0,0.8333,0,0,0,0,0,1,4.33,4.0575,2,1,0,1,1,1,1,9,1,0.77,2,http://customer-support-helpdesk-agent.cf/verify,1
64,17,40,0,2,1,0,0,0,6,0,6,0.0938,0.75,0,0,0,1,0,0,4.3977,3.2639,0,0,0,0,0,0,0,3,0,0.19,0,http://blog.facebook.com/article/2026/08/technology-breakthrough,0
52,18,7,18,2,0,0,1,1,3,0,0,0.0,0.8269,0,1,0,1,0,0,4.2437,3.5033,0,0,0,0,0,0,0,0,0,0.0,0,https://api.aliexpress.com/search?q=machine+learning,0
55,10,38,0,1,1,0,0,0,6,0,0,0.0,0.8364,0,0,0,0,0,0,3.9525,2.6464,1,0,0,0,0,0,0,2,0,0.12,0,http://google.com/repos/organization/repo-name/releases,0
40,26,7,0,1,2,0,0,0,3,0,1,0.025,0.8,0,0,0,0,0,1,4.2842,4.1329,3,0,0,1,1,0,1,6,0,0.82,1,http://netfl1x-billing-update.com/signin,1
28,14,7,0,2,0,0,0,0,3,0,0,0.0,0.7857,0,0,0,1,0,0,3.8249,3.5216,1,0,0,0,0,0,0,0,0,0.0,0,http://api.github.com/signin,0
49,13,28,0,2,2,0,0,0,4,0,0,0.0,0.8163,0,1,0,1,0,0,4.1245,3.2389,1,0,0,0,0,0,0,0,0,0.0,0,https://mail.ebay.com/help-center/contact-support,0
54,33,14,0,2,2,0,0,0,4,0,0,0.0,0.8333,0,0,0,1,0,1,4.2478,3.9802,5,1,0,1,1,1,1,6,0,0.89,0,http://secure.netflix-payment-update.icu/account/login,1
59,21,30,0,3,0,0,0,0,5,0,0,0.0,0.8475,0,1,0,1,0,0,4.0547,3.2135,0,0,0,0,0,0,0,0,0,0.0,0,https://app.geeksforgeeks.org/download/latest/installer.exe,0
70,13,7,42,2,0,0,2,4,3,0,5,0.0714,0.7143,0,0,0,1,0,0,4.5932,2.5654,0,0,0,0,0,0,0,0,0,0.0,0,http://www.twitch.tv/search?q=machine+learning?ref=nav&q=test&id=85248,0
81,13,36,23,2,3,0,1,3,5,0,13,0.1605,0.6296,0,1,0,1,0,0,4.8101,3.027,0,0,0,0,0,0,0,1,0,0.33,0,https://app.twitch.tv/questions/12345678/how-to-fix-error?ref=nav&q=test&id=96176,0
37,22,7,0,2,0,0,0,0,3,0,0,0.0,0.8378,0,1,0,1,0,0,4.2426,3.7888,1,0,0,1,1,0,0,2,0,0.35,0,https://mail.stackoverflow.com/signin,0
87,17,38,23,2,1,0,1,3,6,0,5,0.0575,0.7586,0,1,0,1,0,0,4.4803,3.3816,2,0,0,0,0,0,0,0,0,0.0,0,https://support.apple.com/repos/organization/repo-name/releases?ref=nav&q=test&id=99353,0
30,15,7,0,2,0,0,0,0,3,0,0,0.0,0.8,0,1,0,1,0,0,4.0314,3.3736,1,0,0,1,1,0,0,2,0,0.24,0,https://docs.kaggle.com/signin,0
30,17,6,0,1,3,0,0,0,3,0,0,0.0,0.7333,0,0,1,0,0,1,4.2566,3.4548,0,0,0,0,0,0,0,0,0,0.0,0,http://xn--gogle-qqa.com/drive,1
102,18,30,45,2,0,0,2,5,5,0,6,0.0588,0.7549,0,1,0,1,0,0,4.5295,3.4613,0,0,0,0,0,0,0,4,0,0.15,0,https://app.aliexpress.com/products/category/electronics?page=2&sort=price_asc?ref=nav&q=test&id=21422,0
41,17,17,0,2,0,0,0,0,4,0,0,0.0,0.8293,0,0,0,1,0,0,4.1411,3.7345,0,0,0,0,0,0,0,0,0,0.0,0,http://dev.instagram.com/profile/settings,0
43,28,8,0,1,3,0,0,0,3,0,0,0.0,0.814,0,0,0,0,0,1,4.2047,3.9408,2,1,0,1,1,1,1,6,1,0.79,0,http://verify-your-identity-now.cam/confirm,1
68,11,25,23,1,2,0,1,3,4,0,5,0.0735,0.7206,0,1,0,0,0,0,4.6773,3.2776,0,0,0,0,0,0,0,0,0,0.0,0,https://spotify.com/about-us/leadership-team?ref=nav&q=test&id=26033,0
51,29,15,0,1,3,0,0,0,3,0,0,0.0,0.8431,0,0,0,0,0,1,4.3048,3.9783,2,1,0,0,0,0,0,0,0,0.0,0,http://instagram-copyright-appeal.gq/verify-account,1
34,20,7,0,1,3,0,0,0,3,0,1,0.0294,0.7353,0,0,1,0,0,1,4.1163,3.6464,1,0,0,0,0,0,0,0,0,0.0,0,http://xn--mcrosoft-p1a.com/update,1
32,15,10,0,4,0,0,0,0,3,0,12,0.375,0.375,1,0,0,2,0,0,4.1403,3.1899,1,0,0,1,1,1,1,5,1,0.68,1,http://136.205.187.239/login.php,1
39,26,6,0,1,2,0,0,0,3,0,0,0.0,0.8205,0,0,0,0,0,1,4.1411,3.8151,4,1,0,1,1,1,1,8,0,0.75,2,http://account-security-update.ga/login,1
34,20,7,0,1,3,0,0,0,3,0,1,0.0294,0.7353,0,0,1,0,0,1,4.1163,3.6464,1,0,0,0,0,0,0,0,0,0.0,0,http://xn--mcrosoft-p1a.com/update,1
50,18,25,0,2,2,0,0,0,4,0,0,0.0,0.82,0,0,0,1,0,0,4.0811,3.281,1,0,0,0,0,0,0,4,0,0.23,0,http://support.zomato.com/about-us/leadership-team,0
48,12,28,0,2,2,0,0,0,4,0,0,0.0,0.8125,0,1,0,1,0,0,4.0739,3.2516,1,0,0,0,0,0,0,0,0,0.31,0,https://docs.nih.gov/help-center/contact-support,0
49,36,6,0,1,3,0,0,0,3,0,0,0.0,0.8367,0,0,0,0,0,1,4.1445,3.8401,2,1,0,1,1,1,1,4,1,0.75,1,http://icici-rewards-points-redemption.work/claim,1
31,14,10,0,4,0,0,0,0,3,0,11,0.3548,0.3871,1,0,0,2,0,0,3.8002,2.4488,1,0,0,1,1,1,1,2,1,0.9,0,http://31.108.102.202/login.php,1
43,31,5,0,1,3,0,0,0,3,0,0,0.0,0.814,0,0,0,0,0,1,4.2313,4.0582,3,1,0,1,1,0,1,2,1,0.71,2,http://banking-portal-secure-entry.cam/auth,1
50,37,6,0,4,1,0,0,0,3,0,0,0.0,0.82,0,0,0,3,1,0,4.2142,3.9662,3,1,1,0,0,0,0,0,0,0.0,0,http://appleid.apple.com.verify-identity.fun/login,1
28,19,1,0,2,0,0,0,0,3,0,0,0.0,0.7857,0,1,0,1,0,0,4.0836,3.7871,0,0,0,0,0,0,0,0,0,0.0,0,https://www.theguardian.com/,0
32,18,6,0,2,0,0,0,0,3,0,0,0.0,0.8125,0,1,0,1,0,0,4.0778,3.5724,1,0,0,1,1,0,0,4,0,0.3,0,https://docs.wikipedia.org/login,0
46,34,5,0,1,3,0,0,0,3,0,0,0.0,0.8261,0,0,0,0,0,1,4.2326,3.9398,4,1,0,1,1,0,1,8,1,0.94,1,http://secure-wellsfargo-banking-alert.ga/auth,1
63,19,9,27,2,2,0,1,1,5,0,0,0.0,0.7937,0,0,0,0,0,0,4.2463,3.3661,1,1,0,0,0,0,0,0,0,0.0,0,http://suspicious-site.cam/redirect?url=http://victim-login.com,1
53,32,14,0,2,2,0,0,0,4,0,0,0.0,0.8302,0,0,0,1,0,1,4.3291,4.1136,5,1,0,1,1,1,1,8,1,0.68,0,http://secure.netflix-payment-update.gq/account/login,1
47,35,5,0,1,3,0,0,0,3,0,0,0.0,0.8298,0,0,0,0,0,1,4.2646,4.0716,4,1,0,0,0,0,0,0,0,0.0,0,http://secure-wellsfargo-banking-alert.top/auth,1
53,24,22,0,1,3,0,0,0,4,0,0,0.0,0.8302,0,0,0,0,0,1,4.1631,3.8035,4,1,0,0,0,0,0,0,0,0.0,0,http://chase-security-alert.fun/auth/confirm-identity,1
48,30,11,0,1,3,0,0,0,3,0,0,0.0,0.8333,0,0,0,0,0,1,4.1777,3.8817,3,1,0,0,0,0,0,0,0,0.0,0,http://unauthorized-login-detected.tk/secure-now,1
51,37,7,0,1,3,0,0,0,3,0,0,0.0,0.8431,0,0,0,0,0,1,4.1627,3.6585,3,1,0,1,1,1,1,10,1,0.7,0,http://coinbase-account-suspended-notice.icu/verify,1
50,32,11,0,1,3,0,0,0,4,0,3,0.06,0.76,0,0,0,0,0,1,4.4215,4.1167,4,1,0,0,0,0,0,0,0,0.0,0,http://microsoft-365-password-reset.fun/auth/login,1
53,33,13,0,1,3,0,0,0,4,0,0,0.0,0.8302,0,0,0,0,0,1,4.2895,4.0667,3,1,0,0,0,0,0,0,0,0.0,0,http://hdfc-netbanking-customer-care.icu/secure/login,1
33,19,7,0,1,1,0,0,0,3,0,1,0.0303,0.7879,0,0,0,0,0,0,4.165,3.8269,2,0,0,1,1,1,1,2,1,0.86,1,http://paypa1-security.com/webscr,1
48,15,25,0,2,2,0,0,0,4,0,0,0.0,0.8125,0,1,0,1,0,0,4.3376,3.4566,1,0,0,0,0,0,0,0,0,0.0,0,https://www.netflix.com/about-us/leadership-team,0
48,19,7,14,3,1,0,1,1,3,0,0,0.0,0.7708,0,0,0,2,0,0,4.5268,3.3264,4,1,1,0,0,0,0,0,0,0.0,0,http://login.paypal.com.ga/webscr?cmd=_login-run,1
46,14,25,0,4,0,0,0,0,5,0,11,0.2391,0.5435,1,0,0,2,0,0,4.4229,3.0391,2,0,1,1,1,1,1,3,0,0.9,0,http://157.138.67.220/signin/paypal/index.html,1
32,15,10,0,4,0,0,0,0,3,0,12,0.375,0.375,1,0,0,2,0,0,3.8667,2.6062,1,0,0,0,0,0,0,0,0,0.0,0,http://192.229.162.145/login.php,1
73,21,6,37,2,0,0,2,4,3,0,7,0.0959,0.7123,0,1,0,1,0,0,4.8846,3.8802,0,0,0,0,0,0,0,0,0,0.0,0,https://api.stackoverflow.com/watch?v=dQw4w9WgXcQ?ref=nav&q=test&id=97104,0
38,13,17,0,2,0,0,0,0,4,0,0,0.0,0.8158,0,1,0,1,0,0,4.1029,3.027,0,0,0,0,0,0,0,0,0,0.0,0,https://mail.imdb.com/profile/settings,0
43,28,8,0,1,3,0,0,0,3,0,0,0.0,0.814,0,0,0,0,0,1,4.2047,3.9408,2,1,0,1,1,1,1,6,1,0.89,2,http://verify-your-identity-now.cam/confirm,1
43,31,5,0,1,3,0,0,0,3,0,0,0.0,0.814,0,0,0,0,0,1,4.152,3.9937,3,1,0,0,0,0,0,0,0,0.0,0,http://banking-portal-secure-entry.top/auth,1
44,12,25,0,4,0,0,0,0,5,0,9,0.2045,0.5682,1,0,0,2,0,0,4.3542,2.8554,2,0,1,1,1,1,1,6,1,0.74,1,http://83.84.32.107/signin/paypal/index.html,1
51,15,28,0,2,2,0,0,0,4,0,0,0.0,0.8235,0,1,0,1,0,0,4.0394,3.0566,2,0,0,0,0,0,0,1,0,0.1,0,https://mail.paypal.com/help-center/contact-support,0
45,11,7,18,2,0,0,1,1,3,0,0,0.0,0.8,0,1,0,1,0,0,4.286,3.0958,0,0,0,0,0,0,0,0,0,0.0,0,https://mail.gov.in/search?q=machine+learning,0
46,13,26,0,2,1,0,0,0,6,0,0,0.0,0.7609,0,0,0,0,0,0,4.0751,3.3927,3,1,1,0,0,0,0,0,0,0.0,0,http://auth-check.ml/https://paypal.com/signin,1
30,16,7,0,2,0,0,0,0,3,0,0,0.0,0.8,0,0,0,1,0,0,4.0314,3.5,1,0,0,0,0,0,0,0,0,0.0,0,http://app.hdfcbank.com/signin,0
52,16,28,0,2,2,0,0,0,4,0,0,0.0,0.8269,0,1,0,1,0,0,3.9764,3.3278,1,0,0,0,0,0,0,0,0,0.0,0,https://docs.twitter.com/help-center/contact-support,0
45,14,23,0,2,1,0,0,0,4,0,0,0.0,0.8222,0,1,0,1,0,0,4.1781,3.3249,0,0,0,0,0,0,0,0,0,0.0,0,https://www.gitlab.com/explore/popular-topics,0
36,14,15,0,3,0,0,0,0,4,0,11,0.3056,0.4722,1,0,0,2,0,0,4.128,2.5567,1,0,1,1,1,1,1,12,1,0.68,1,http://139.77.239.217/banking/online,1
71,11,30,21,2,0,0,1,2,5,0,1,0.0141,0.8028,0,1,0,1,0,0,4.2811,2.914,0,0,0,0,0,0,0,0,0,0.0,0,https://api.cnn.com/products/category/electronics?page=2&sort=price_asc,0
49,11,30,0,3,0,0,0,0,5,0,0,0.0,0.8163,0,1,0,1,0,0,4.018,2.7322,0,0,0,0,0,0,0,4,0,0.24,0,https://app.cnn.com/download/latest/installer.exe,0
40,27,6,0,1,2,0,0,0,3,0,0,0.0,0.825,0,0,0,0,0,1,4.0898,3.736,4,1,0,1,1,1,1,12,1,0.71,2,http://account-security-update.top/login,1
47,15,25,0,1,2,0,0,0,4,0,0,0.0,0.8298,0,0,0,0,0,0,4.1774,3.7736,0,0,0,0,0,0,0,0,0,0.0,0,http://theguardian.com/about-us/leadership-team,0
52,35,10,0,1,3,0,0,0,4,0,0,0.0,0.8269,0,0,0,0,0,1,4.0679,3.829,2,1,0,0,0,0,0,0,0,0.0,0,http://amazon-unusual-activity-signin.buzz/ap/signin,1
83,22,30,23,3,0,0,1,3,5,0,5,0.0602,0.759,0,0,0,1,0,0,4.5125,3.4251,0,0,0,0,0,0,0,0,0,0.0,0,http://mail.geeksforgeeks.org/download/latest/installer.exe?ref=nav&q=test&id=16112,0
50,37,6,0,2,2,0,0,0,3,0,0,0.0,0.84,0,0,0,1,0,1,4.3533,4.0131,4,1,1,0,0,0,0,0,0,0.0,0,http://wellsfargo.banking-access-service.fun/login,1
70,14,18,30,3,0,0,1,1,4,0,17,0.2429,0.6143,1,0,0,2,0,0,4.8378,2.4138,3,0,0,0,0,0,0,0,0,0.0,0,http://33.133.122.145/auth/verification?token=hb36kfoikfscvamx60t59jwy,1
85,13,40,23,2,1,0,1,3,6,0,11,0.1294,0.6824,0,1,0,1,0,0,4.8395,3.0851,0,0,0,0,0,0,0,2,0,0.19,0,https://dev.adobe.com/article/2026/08/technology-breakthrough?ref=nav&q=test&id=62849,0
46,26,13,0,1,3,0,0,0,4,0,0,0.0,0.8043,0,0,0,0,0,1,4.1891,3.7343,2,1,0,0,0,0,0,0,0,0.0,0,http://sbi-online-banking-kyc.fun/retail/login,1
50,37,6,0,4,1,0,0,0,3,0,0,0.0,0.82,0,0,0,3,1,0,4.2142,3.9662,3,1,1,0,0,0,0,0,0,0.0,0,http://appleid.apple.com.verify-identity.fun/login,1
44,30,7,0,1,2,0,0,0,3,0,0,0.0,0.8409,0,0,0,0,0,1,4.1053,3.8402,0,1,0,0,0,0,0,0,0,0.0,0,http://immediate-action-required.buzz/notice,1
37,22,7,0,2,0,0,0,0,3,0,0,0.0,0.8378,0,1,0,1,0,0,4.2426,3.7888,1,0,0,0,0,0,0,0,0,0.0,0,https://mail.stackoverflow.com/signin,0
39,14,17,0,2,2,0,0,0,3,0,0,0.0,0.7949,0,1,0,1,0,0,4.1823,3.5216,1,0,0,0,0,0,0,0,0,0.09,0,https://app.github.com/terms-of-service,0
49,34,8,0,1,3,0,0,0,3,0,0,0.0,0.8367,0,0,0,0,0,1,4.1117,3.8337,1,1,0,0,0,0,0,0,0,0.0,0,http://metamask-wallet-recovery-phrase.ml/connect,1
53,24,22,0,1,3,0,0,0,4,0,0,0.0,0.8302,0,0,0,0,0,1,4.1631,3.8035,4,1,0,1,1,0,1,6,1,0.85,0,http://chase-security-alert.fun/auth/confirm-identity,1
60,14,38,0,2,1,0,0,0,6,0,0,0.0,0.8333,0,1,0,1,0,0,4.0958,3.0391,0,0,0,0,0,0,0,2,0,0.18,0,https://docs.slack.com/repos/organization/repo-name/releases,0
72,20,6,37,2,0,0,2,4,3,0,7,0.0972,0.7083,0,1,0,1,0,0,4.9143,3.7842,0,0,0,0,0,0,0,0,0,0.0,0,https://mail.theguardian.com/watch?v=dQw4w9WgXcQ?ref=nav&q=test&id=53486,0
53,38,7,0,4,1,0,0,0,3,0,0,0.0,0.8302,0,1,0,3,1,0,4.3364,3.9977,3,1,1,1,1,1,0,4,0,0.71,2,https://appleid.apple.com.account-recovery.xyz/verify,1
48,34,7,0,1,3,0,0,0,3,0,0,0.0,0.8333,0,0,0,0,0,1,4.3717,4.0575,2,1,0,1,1,0,1,2,1,0.8,2,http://customer-support-helpdesk-agent.gq/verify,1
45,30,8,0,1,3,0,0,0,3,0,0,0.0,0.8222,0,0,0,0,0,1,4.2275,3.9232,2,1,0,1,1,1,1,4,1,0.9,2,http://verify-your-identity-now.click/confirm,1
43,31,5,0,1,3,0,0,0,3,0,0,0.0,0.814,0,0,0,0,0,1,4.152,3.9937,3,1,0,0,0,0,0,0,0,0.0,0,http://banking-portal-secure-entry.top/auth,1
39,14,17,0,2,0,0,0,0,4,0,0,0.0,0.8205,0,1,0,1,0,0,4.0672,3.0391,0,0,0,0,0,0,0,0,0,0.19,0,https://mail.yahoo.com/profile/settings,0
76,14,30,23,3,0,0,1,3,5,0,5,0.0658,0.7368,0,1,0,1,0,0,4.4811,3.3788,0,0,0,0,0,0,0,3,0,0.21,0,https://dev.target.com/download/latest/installer.exe?ref=nav&q=test&id=83393,0
69,17,6,37,2,0,0,2,4,3,0,7,0.1014,0.6957,0,1,0,1,0,0,4.8007,3.2639,0,0,0,0,0,0,0,3,0,0.31,0,https://api.wikipedia.org/watch?v=dQw4w9WgXcQ?ref=nav&q=test&id=14713,0
49,35,7,0,1,3,0,0,0,3,0,0,0.0,0.8367,0,0,0,0,0,1,4.3291,4.05,2,1,0,1,1,0,1,5,0,0.79,0,http://customer-support-helpdesk-agent.fun/verify,1
52,37,7,0,4,1,0,0,0,3,0,0,0.0,0.8269,0,1,0,3,1,0,4.2728,3.8918,3,1,1,1,1,1,0,6,1,0.86,2,https://appleid.apple.com.account-recovery.ga/verify,1
44,32,5,0,1,3,0,0,0,3,0,0,0.0,0.8182,0,0,0,0,0,1,4.2573,4.0931,3,1,0,0,0,0,0,0,0,0.0,0,http://banking-portal-secure-entry.buzz/auth,1
44,19,17,0,2,0,0,0,0,4,0,0,0.0,0.8409,0,1,0,1,0,0,3.9989,3.2866,0,0,0,0,0,0,0,1,0,0.33,0,https://docs.salesforce.com/profile/settings,0
64,15,17,23,2,0,0,1,3,4,0,5,0.0781,0.7188,0,1,0,1,0,0,4.6659,3.3232,0,0,0,0,0,0,0,0,0,0.0,0,https://blog.medium.com/profile/settings?ref=nav&q=test&id=16225,0
35,11,17,0,1,2,0,0,0,3,0,0,0.0,0.8,0,0,0,0,0,0,4.0716,3.0272,1,0,0,0,0,0,0,0,0,0.0,0,http://dropbox.com/terms-of-service,0
49,31,11,0,1,3,0,0,0,3,0,0,0.0,0.8367,0,0,0,0,0,1,4.1371,3.8245,3,1,0,0,0,0,0,0,0,0.0,0,http://unauthorized-login-detected.icu/secure-now,1
63,19,9,27,2,2,0,1,1,5,0,0,0.0,0.7937,0,0,0,0,0,0,4.2641,3.3264,1,1,0,0,0,0,0,0,0,0.0,0,http://suspicious-site.fun/redirect?url=http://victim-login.com,1
50,37,6,0,4,1,0,0,0,3,0,0,0.0,0.82,0,0,0,3,1,0,4.2542,3.9999,3,1,1,1,1,1,1,3,1,0.84,2,http://appleid.apple.com.verify-identity.xyz/login,1
48,34,7,0,1,3,0,0,0,3,0,0,0.0,0.8333,0,0,0,0,0,1,4.33,3.9987,2,1,0,0,0,0,0,0,0,0.0,0,http://customer-support-helpdesk-agent.ga/verify,1
43,18,17,0,2,2,0,0,0,3,0,0,0.0,0.814,0,1,0,1,0,0,3.9896,3.4613,2,0,0,0,0,0,0,0,0,0.3,0,https://support.target.com/terms-of-service,0
40,26,7,0,1,2,0,0,0,3,0,1,0.025,0.8,0,0,0,0,0,1,4.2842,4.1329,3,0,0,0,0,0,0,0,0,0.0,0,http://netfl1x-billing-update.com/signin,1
33,19,7,0,1,1,0,0,0,3,0,1,0.0303,0.7879,0,0,0,0,0,0,4.165,3.8269,2,0,0,0,0,0,0,0,0,0.0,0,http://paypa1-security.com/webscr,1
47,13,27,0,3,2,0,0,0,4,0,10,0.2128,0.5745,1,0,0,2,0,0,4.6393,2.8731,3,0,1,1,1,1,1,3,1,0.72,1,http://44.197.233.89/secure/update-banking-info,1
59,15,36,0,2,3,0,0,0,5,0,8,0.1356,0.678,0,1,0,1,0,0,4.6327,3.3736,0,0,0,0,0,0,0,0,0,0.19,0,https://mail.target.com/questions/12345678/how-to-fix-error,0
71,13,7,42,2,0,0,2,4,3,0,5,0.0704,0.7183,0,1,0,1,0,0,4.5278,2.7774,1,0,0,0,0,0,0,0,0,0.0,0,https://app.apple.com/search?q=machine+learning?ref=nav&q=test&id=36333,0
42,27,8,0,1,3,0,0,0,3,0,0,0.0,0.8095,0,0,0,0,0,1,4.2369,3.8562,2,1,0,1,1,1,1,2,1,0.67,1,http://verify-your-identity-now.gq/confirm,1
40,26,7,0,1,2,0,0,0,3,0,1,0.025,0.8,0,0,0,0,0,1,4.2842,4.1329,3,0,0,0,0,0,0,0,0,0.0,0,http://netfl1x-billing-update.com/signin,1
51,13,6,23,2,0,0,1,3,3,0,5,0.098,0.6667,0,1,0,1,0,0,4.5936,3.2389,2,0,0,1,1,0,0,3,0,0.26,0,https://dev.chase.com/login?ref=nav&q=test&id=73000,0
52,39,6,0,2,2,0,0,0,3,0,0,0.0,0.8462,0,0,0,1,0,1,4.2653,3.904,4,1,1,0,0,0,0,0,0,0.0,0,http://wellsfargo.banking-access-service.click/login,1
74,12,30,23,3,0,0,1,3,5,0,5,0.0676,0.7297,0,1,0,1,0,0,4.602,3.085,0,0,0,0,0,0,0,2,0,0.31,0,https://app.ebay.com/download/latest/installer.exe?ref=nav&q=test&id=99087,0
56,34,15,0,1,3,0,0,0,3,0,0,0.0,0.8571,0,0,0,0,0,1,4.2644,3.962,2,1,0,0,0,0,0,0,0,0.0,0,http://instagram-copyright-appeal.monster/verify-account,1
52,17,28,0,1,2,0,0,0,4,0,0,0.0,0.8462,0,0,0,0,0,0,4.0923,3.6901,1,0,0,0,0,0,0,3,0,0.35,0,http://stackoverflow.com/help-center/contact-support,0
49,34,8,0,1,3,0,0,0,3,0,0,0.0,0.8367,0,0,0,0,0,1,4.1037,3.8559,1,1,0,0,0,0,0,0,0,0.0,0,http://metamask-wallet-recovery-phrase.tk/connect,1
20,11,1,0,1,0,0,0,0,3,0,0,0.0,0.75,0,1,0,0,0,0,3.8464,3.4594,1,0,0,0,0,0,0,0,0,0.0,0,https://netflix.com/,0
46,13,26,0,2,1,0,0,0,6,0,0,0.0,0.7609,0,0,0,0,0,0,4.1186,3.3927,3,1,1,0,0,0,0,0,0,0.0,0,http://auth-check.gq/https://paypal.com/signin,1
47,17,22,0,2,1,0,0,0,5,0,1,0.0213,0.7872,0,1,0,1,0,0,4.3553,3.6169,0,0,0,0,0,0,0,1,0,0.16,0,https://mail.hdfcbank.com/docs/v2/api-reference,0
51,38,6,0,2,2,0,0,0,3,0,0,0.0,0.8431,0,0,0,1,0,1,4.4316,4.1029,4,1,1,0,0,0,0,0,0,0.0,0,http://wellsfargo.banking-access-service.buzz/login,1
30,16,7,0,2,0,0,0,0,3,0,0,0.0,0.8,0,0,0,1,0,0,4.0151,3.25,1,0,0,0,0,0,0,0,0,0.0,0,http://blog.dropbox.com/signin,0
52,14,30,0,3,0,0,0,0,5,0,0,0.0,0.8269,0,1,0,1,0,0,4.0664,3.0391,1,0,0,0,0,0,0,3,0,0.18,0,https://dev.google.com/download/latest/installer.exe,0
86,14,40,23,2,1,0,1,3,6,0,11,0.1279,0.686,0,1,0,1,0,0,4.8995,3.3788,1,0,0,0,0,0,0,1,0,0.33,0,https://dev.paypal.com/article/2026/08/technology-breakthrough?ref=nav&q=test&id=37468,0
47,27,13,0,1,3,0,0,0,4,0,0,0.0,0.8085,0,0,0,0,0,1,4.2304,3.7821,2,1,0,0,0,0,0,0,0,0.0,0,http://sbi-online-banking-kyc.buzz/retail/login,1
42,28,7,0,1,3,0,0,0,3,0,0,0.0,0.8095,0,0,0,0,0,1,4.0644,3.7804,3,1,0,1,1,0,1,6,1,0.93,2,http://claim-free-crypto-airdrop.ml/wallet,1
79,18,30,23,3,0,0,1,3,5,0,5,0.0633,0.7468,0,0,0,1,0,0,4.5362,3.4613,0,0,0,0,0,0,0,4,0,0.1,0,http://dev.salesforce.com/download/latest/installer.exe?ref=nav&q=test&id=70235,0
48,34,7,0,1,3,0,0,0,3,0,0,0.0,0.8333,0,0,0,0,0,1,4.33,4.0575,2,1,0,1,1,1,1,7,0,0.71,0,http://customer-support-helpdesk-agent.cf/verify,1
50,32,11,0,1,3,0,0,0,4,0,3,0.06,0.76,0,0,0,0,0,1,4.3362,3.9292,4,1,0,1,1,1,1,3,1,0.73,2,http://microsoft-365-password-reset.top/auth/login,1
30,17,6,0,1,3,0,0,0,3,0,0,0.0,0.7333,0,0,1,0,0,1,4.2566,3.4548,0,0,0,1,1,0,1,11,1,0.93,2,http://xn--gogle-qqa.com/drive,1
52,14,6,23,2,0,0,1,3,3,0,5,0.0962,0.6731,0,1,0,1,0,0,4.7193,3.182,1,0,0,1,1,0,0,1,0,0.07,0,https://api.medium.com/login?ref=nav&q=test&id=12480,0
37,10,6,13,1,0,0,1,1,3,0,2,0.0541,0.7568,0,0,0,0,0,0,4.3915,3.3219,0,0,0,0,0,0,0,3,0,0.08,0,http://gitlab.com/watch?v=dQw4w9WgXcQ,0
37,13,17,0,2,0,0,0,0,4,0,0,0.0,0.8108,0,0,0,1,0,0,4.0672,3.2389,0,0,0,0,0,0,0,3,0,0.3,0,http://docs.bing.com/profile/settings,0
47,33,7,0,1,3,0,0,0,3,0,0,0.0,0.8298,0,0,0,0,0,1,4.275,3.9603,5,1,0,1,1,1,1,9,1,0.7,0,http://paypal-account-security-update.gq/verify,1
72,15,7,42,2,0,0,2,4,3,0,5,0.0694,0.7222,0,0,0,1,0,0,4.7531,3.1899,1,0,0,0,0,0,0,0,0,0.0,0,http://blog.amazon.com/search?q=machine+learning?ref=nav&q=test&id=78154,0
52,39,6,0,2,2,0,0,0,3,0,0,0.0,0.8462,0,0,0,1,0,1,4.2653,3.904,4,1,1,0,0,0,0,0,0,0.0,0,http://wellsfargo.banking-access-service.click/login,1
78,18,30,21,2,0,0,1,2,5,0,1,0.0128,0.8205,0,1,0,1,0,0,4.2814,3.5033,0,0,0,0,0,0,0,2,0,0.34,0,https://api.aliexpress.com/products/category/electronics?page=2&sort=price_asc,0
30,17,6,0,1,3,0,0,0,3,0,0,0.0,0.7333,0,0,1,0,0,1,4.0314,3.4548,1,0,0,0,0,0,0,0,0,0.0,0,http://xn--paypl-qqa.com/login,1
45,13,25,0,4,0,0,0,0,5,0,10,0.2222,0.5556,1,0,0,2,0,0,4.3055,2.6612,2,0,1,0,0,0,0,0,0,0.0,0,http://197.198.166.4/signin/paypal/index.html,1
41,17,17,0,2,0,0,0,0,4,0,0,0.0,0.8293,0,0,0,1,0,0,4.0804,3.1751,0,0,0,0,0,0,0,1,0,0.07,0,http://app.icicibank.com/profile/settings,0
41,28,6,0,1,2,0,0,0,3,0,0,0.0,0.8293,0,0,0,0,0,1,4.2571,3.8963,4,1,0,1,1,1,1,6,1,0.82,1,http://account-security-update.buzz/login,1
42,27,8,0,1,3,0,0,0,3,0,0,0.0,0.8095,0,0,0,0,0,1,4.2369,3.8562,2,1,0,1,1,1,1,7,1,0.82,2,http://verify-your-identity-now.ga/confirm,1
36,22,6,0,2,0,0,0,0,3,0,0,0.0,0.8333,0,1,0,1,0,0,4.2181,3.7888,1,0,0,1,1,0,0,4,0,0.07,0,https://mail.stackoverflow.com/login,0
41,16,17,0,2,0,0,0,0,4,0,0,0.0,0.8293,0,1,0,1,0,0,4.1291,3.375,0,0,0,0,0,0,0,0,0,0.26,0,https://docs.walmart.com/profile/settings,0
50,33,10,0,1,3,0,0,0,4,0,0,0.0,0.82,0,0,0,0,0,1,4.026,3.7865,2,1,0,0,0,0,0,0,0,0.0,0,http://amazon-unusual-activity-signin.ml/ap/signin,1
45,30,8,0,1,3,0,0,0,3,0,0,0.0,0.8222,0,0,0,0,0,1,4.2275,3.9232,2,1,0,0,0,0,0,0,0,0.0,0,http://verify-your-identity-now.click/confirm,1
46,13,25,0,2,0,0,0,0,5,0,0,0.0,0.8261,0,1,0,1,0,0,4.0858,3.0851,0,0,0,0,0,0,0,0,0,0.0,0,https://app.adobe.com/user/dashboard/analytics,0
33,8,17,0,1,0,0,0,0,4,0,0,0.0,0.8182,0,1,0,0,0,0,3.9683,3.0,0,0,0,0,0,0,0,0,0,0.0,0,https://bing.com/profile/settings,0
47,11,28,0,2,2,0,0,0,4,0,0,0.0,0.8085,0,1,0,1,0,0,4.1126,2.914,1,0,0,0,0,0,0,3,0,0.2,0,https://blog.gov.in/help-center/contact-support,0
71,14,25,23,2,2,0,1,3,4,0,5,0.0704,0.7183,0,1,0,1,0,0,4.7106,3.182,0,0,0,0,0,0,0,0,0,0.0,0,https://www.reddit.com/about-us/leadership-team?ref=nav&q=test&id=58029,0
50,11,7,23,2,0,0,1,3,3,0,5,0.1,0.66,0,1,0,1,0,0,4.5762,2.914,1,0,0,1,1,0,0,2,0,0.27,0,https://dev.cnn.com/signin?ref=nav&q=test&id=84713,0
51,29,15,0,1,3,0,0,0,3,0,0,0.0,0.8431,0,0,0,0,0,1,4.3048,3.9783,2,1,0,1,1,1,1,12,1,0.83,1,http://instagram-copyright-appeal.gq/verify-account,1
48,34,7,0,1,3,0,0,0,3,0,0,0.0,0.8333,0,0,0,0,0,1,4.33,3.9987,2,1,0,1,1,0,1,7,0,0.93,2,http://customer-support-helpdesk-agent.ga/verify,1
39,26,6,0,1,2,0,0,0,3,0,0,0.0,0.8205,0,0,0,0,0,1,4.2117,3.921,4,1,0,0,0,0,0,0,0,0.0,0,http://account-security-update.ml/login,1
73,16,25,23,2,0,0,1,3,5,0,5,0.0685,0.7397,0,1,0,1,0,0,4.6864,3.875,0,0,0,0,0,0,0,2,0,0.33,0,https://dev.flipkart.com/user/dashboard/analytics?ref=nav&q=test&id=62697,0
69,14,23,23,2,1,0,1,3,4,0,5,0.0725,0.7246,0,1,0,1,0,0,4.7693,3.3249,0,0,0,0,0,0,0,0,0,0.0,0,https://www.gitlab.com/explore/popular-topics?ref=nav&q=test&id=37656,0
63,15,40,0,2,1,0,0,0,6,0,6,0.0952,0.746,0,1,0,1,0,0,4.4908,3.3232,0,0,0,0,0,0,0,0,0,0.26,0,https://app.spotify.com/article/2026/08/technology-breakthrough,0
21,13,1,0,2,0,0,0,0,3,0,0,0.0,0.7143,0,0,0,1,0,0,3.6538,3.027,0,0,0,0,0,0,0,0,0,0.0,0,http://www.arxiv.org/,0
43,27,9,0,1,2,0,0,0,3,0,0,0.0,0.8372,0,0,0,0,0,1,4.1359,3.736,2,1,0,0,0,0,0,0,0,0.0,0,http://binance-kyc-verification.tk/security,1
18,10,1,0,1,0,0,0,0,3,0,0,0.0,0.7222,0,0,0,0,0,0,3.2663,2.6464,0,0,0,0,0,0,0,1,0,0.11,0,http://zomato.com/,0
46,10,28,0,1,2,0,0,0,4,0,0,0.0,0.8261,0,1,0,0,0,0,3.9632,2.7219,2,0,0,0,0,0,0,0,0,0.0,0,https://amazon.com/help-center/contact-support,0
29,14,7,0,2,0,0,0,0,3,0,0,0.0,0.7931,0,1,0,1,0,0,3.8404,3.3788,1,0,0,1,1,0,0,2,0,0.27,0,https://api.target.com/signin,0
50,14,28,0,2,2,0,0,0,4,0,0,0.0,0.82,0,1,0,1,0,0,3.986,2.9502,1,0,0,0,0,0,0,2,0,0.34,0,https://docs.yahoo.com/help-center/contact-support,0
44,15,22,0,2,1,0,0,0,5,0,1,0.0227,0.7727,0,0,0,1,0,0,4.3065,3.5069,0,0,0,0,0,0,0,0,0,0.08,0,http://dev.mozilla.org/docs/v2/api-reference,0
45,12,25,0,2,2,0,0,0,4,0,0,0.0,0.8,0,1,0,1,0,0,4.2139,3.2516,0,0,0,0,0,0,0,0,0,0.0,0,https://app.bing.com/about-us/leadership-team,0
49,35,7,0,1,3,0,0,0,3,0,0,0.0,0.8367,0,0,0,0,0,1,4.3445,4.0144,2,1,0,1,1,1,1,12,1,0.88,2,http://customer-support-helpdesk-agent.cam/verify,1
52,14,30,0,3,0,0,0,0,5,0,0,0.0,0.8269,0,1,0,1,0,0,4.035,2.9852,1,0,0,0,0,0,0,0,0,0.3,0,https://api.paypal.com/download/latest/installer.exe,0
45,11,7,18,1,0,0,1,1,3,0,0,0.0,0.8222,0,1,0,0,0,0,4.3631,3.2776,0,0,0,0,0,0,0,0,0,0.08,0,https://spotify.com/search?q=machine+learning,0
42,11,0,23,2,0,0,1,3,2,0,5,0.119,0.619,0,0,0,1,0,0,4.5945,2.8454,0,0,0,0,0,0,0,0,0,0.21,0,http://www.nih.gov?ref=nav&q=test&id=84627,0
47,14,26,0,2,1,0,0,0,6,0,0,0.0,0.766,0,0,0,0,0,0,4.1795,3.5216,3,1,1,1,1,1,1,5,0,0.75,2,http://auth-check.xyz/https://paypal.com/signin,1
50,37,6,0,4,1,0,0,0,3,0,0,0.0,0.82,0,0,0,3,1,0,4.104,3.8482,3,1,1,0,0,0,0,0,0,0.0,0,http://appleid.apple.com.verify-identity.top/login,1
21,13,1,0,2,0,0,0,0,3,0,0,0.0,0.7143,0,0,0,1,0,0,3.5945,3.2389,1,0,0,0,0,0,0,0,0,0.0,0,http://api.chase.com/,0
37,12,17,0,2,2,0,0,0,3,0,0,0.0,0.7838,0,1,0,1,0,0,4.1753,3.4183,1,0,0,0,0,0,0,0,0,0.0,0,https://dev.bing.com/terms-of-service,0
53,14,7,23,2,0,0,1,3,3,0,5,0.0943,0.6792,0,1,0,1,0,0,4.5151,3.182,1,0,0,0,0,0,0,0,0,0.0,0,https://mail.twitch.tv/signin?ref=nav&q=test&id=20710,0
36,15,14,0,3,0,0,0,0,4,0,12,0.3333,0.4444,1,0,0,2,0,0,4.107,2.6062,2,0,1,1,1,1,1,6,1,0.95,1,http://138.183.197.136/netflix/login,1
44,14,22,0,2,1,0,0,0,5,0,1,0.0227,0.7727,0,1,0,1,0,0,4.261,3.2359,1,0,0,0,0,0,0,0,0,0.0,0,https://blog.apple.com/docs/v2/api-reference,0
21,13,0,0,2,0,0,0,0,2,0,0,0.0,0.7619,0,1,0,1,0,0,3.6897,3.0851,0,0,0,0,0,0,0,4,0,0.32,0,https://app.quora.com,0
36,11,18,0,4,0,0,0,0,4,0,8,0.2222,0.5278,1,0,0,2,0,0,3.8474,2.1181,2,0,1,1,1,0,1,3,1,0.88,0,http://119.214.1.4/paypal/signin.php,1
31,17,6,0,2,0,0,0,0,3,0,0,0.0,0.8065,0,1,0,1,0,0,3.9621,3.2928,1,0,0,0,0,0,0,0,0,0.0,0,https://app.wikipedia.org/login,0
53,19,27,0,2,1,0,0,0,7,0,0,0.0,0.7925,0,0,0,0,0,0,4.3048,3.9321,4,1,0,0,0,0,0,0,0,0.0,0,http://portal-service.buzz//account/verify//login.php,1
53,33,13,0,1,3,0,0,0,4,0,0,0.0,0.8302,0,0,0,0,0,1,4.3106,4.0815,3,1,0,1,1,1,1,7,1,0.86,0,http://hdfc-netbanking-customer-care.sbs/secure/login,1
20,13,0,0,2,0,0,0,0,2,0,0,0.0,0.75,0,0,0,1,0,0,3.3464,2.8731,0,0,0,0,0,0,0,0,0,0.0,0,http://app.yahoo.com,0
40,26,7,0,1,2,0,0,0,3,0,0,0.0,0.825,0,0,0,0,0,1,4.3587,4.056,4,1,0,0,0,0,0,0,0,0.0,0,http://paypal-account-verify.buzz/signin,1
49,36,6,0,2,2,0,0,0,3,0,0,0.0,0.8367,0,0,0,1,0,1,4.2978,3.9267,4,1,1,1,1,0,1,4,1,0.87,0,http://wellsfargo.banking-access-service.cf/login,1
66,18,40,0,2,1,0,0,0,6,0,6,0.0909,0.7576,0,1,0,1,0,0,4.5142,3.3921,1,0,0,0,0,0,0,0,0,0.12,0,https://www.wellsfargo.com/article/2026/08/technology-breakthrough,0
38,14,17,0,2,0,0,0,0,4,0,0,0.0,0.8158,0,0,0,1,0,0,3.9252,3.2359,0,0,0,0,0,0,0,0,0,0.0,0,http://app.target.com/profile/settings,0
41,14,6,13,2,0,0,1,1,3,0,2,0.0488,0.7561,0,0,0,1,0,0,4.3362,3.3788,0,0,0,0,0,0,0,0,0,0.34,0,http://dev.target.com/watch?v=dQw4w9WgXcQ,0
47,35,5,0,1,3,0,0,0,3,0,0,0.0,0.8298,0,0,0,0,0,1,4.4265,4.1859,4,1,0,1,1,1,1,7,1,0.94,2,http://secure-wellsfargo-banking-alert.xyz/auth,1
51,13,30,0,3,0,0,0,0,5,0,0,0.0,0.8235,0,1,0,1,0,0,4.1608,3.3927,0,0,0,0,0,0,0,2,0,0.22,0,https://dev.quora.com/download/latest/installer.exe,0
40,26,7,0,1,2,0,0,0,3,0,1,0.025,0.8,0,0,0,0,0,1,4.2842,4.1329,3,0,0,0,0,0,0,0,0,0.0,0,http://netfl1x-billing-update.com/signin,1
73,18,23,23,2,1,0,1,3,4,0,5,0.0685,0.7397,0,1,0,1,0,0,4.6694,3.4194,0,0,0,0,0,0,0,3,0,0.33,0,https://mail.instagram.com/explore/popular-topics?ref=nav&q=test&id=76322,0
48,14,7,18,2,0,0,1,1,3,0,0,0.0,0.8125,0,1,0,1,0,0,4.2071,3.3788,0,0,0,0,0,0,0,0,0,0.0,0,https://api.target.com/search?q=machine+learning,0
50,19,23,0,2,1,0,0,0,4,0,0,0.0,0.84,0,1,0,1,0,0,4.0713,3.7216,0,0,0,0,0,0,0,0,0,0.0,0,https://blog.aliexpress.com/explore/popular-topics,0
48,14,27,0,3,2,0,0,0,4,0,11,0.2292,0.5625,1,0,0,2,0,0,4.5897,2.6995,3,0,1,0,0,0,0,0,0,0.0,0,http://209.150.112.44/secure/update-banking-info,1
58,20,30,0,3,0,0,0,0,5,0,0,0.0,0.8448,0,1,0,1,0,0,4.1319,3.8219,1,0,0,0,0,0,0,0,0,0.0,0,https://support.linkedin.com/download/latest/installer.exe,0
78,22,25,23,2,2,0,1,3,4,0,5,0.0641,0.7436,0,0,0,1,0,0,4.6196,3.5726,1,0,0,0,0,0,0,3,0,0.2,0,http://support.salesforce.com/about-us/leadership-team?ref=nav&q=test&id=13227,0
40,26,7,0,1,2,0,0,0,3,0,0,0.0,0.825,0,0,0,0,0,1,4.3587,4.056,4,1,0,0,0,0,0,0,0,0.0,0,http://paypal-account-verify.buzz/signin,1
47,16,23,0,2,1,0,0,0,4,0,0,0.0,0.8298,0,1,0,1,0,0,4.1899,3.1556,0,0,0,0,0,0,0,3,0,0.17,0,https://www.facebook.com/explore/popular-topics,0
73,19,22,23,2,1,0,1,3,5,0,6,0.0822,0.7123,0,1,0,1,0,0,4.7295,3.5766,1,0,0,0,0,0,0,0,0,0.0,0,https://support.mozilla.org/docs/v2/api-reference?ref=nav&q=test&id=74682,0
41,12,22,0,2,1,0,0,0,5,0,1,0.0244,0.7561,0,0,0,1,0,0,4.2267,3.2516,0,0,0,0,0,0,0,0,0,0.0,0,http://app.bing.com/docs/v2/api-reference,0
50,35,8,0,1,3,0,0,0,3,0,0,0.0,0.84,0,0,0,0,0,1,4.0929,3.8757,1,1,0,0,0,0,0,0,0,0.0,0,http://metamask-wallet-recovery-phrase.top/connect,1
37,12,17,0,2,2,0,0,0,3,0,0,0.0,0.7838,0,1,0,1,0,0,4.1141,3.085,1,0,0,0,0,0,0,1,0,0.31,0,https://api.imdb.com/terms-of-service,0
61,16,38,0,2,1,0,0,0,6,0,0,0.0,0.8361,0,0,0,1,0,0,4.1055,3.3278,0,0,0,0,0,0,0,0,0,0.0,0,http://api.facebook.com/repos/organization/repo-name/releases,0
57,19,30,0,3,0,0,0,0,5,0,0,0.0,0.8421,0,1,0,1,0,0,4.1224,3.8269,2,0,0,0,0,0,0,0,0,0.0,0,https://support.netflix.com/download/latest/installer.exe,0
35,14,14,0,3,0,0,0,0,4,0,11,0.3143,0.4571,1,0,0,2,0,0,4.2074,2.8424,2,0,1,0,0,0,0,0,0,0.0,0,http://219.74.139.228/netflix/login,1
57,13,36,0,2,3,0,0,0,5,0,8,0.1404,0.6667,0,1,0,1,0,0,4.6507,3.2389,0,0,0,0,0,0,0,0,0,0.0,0,https://docs.bing.com/questions/12345678/how-to-fix-error,0
57,42,7,0,4,1,0,0,0,3,0,0,0.0,0.8421,0,1,0,3,1,0,4.2429,3.9371,3,1,1,0,0,0,0,0,0,0.0,0,https://appleid.apple.com.account-recovery.monster/verify,1
76,36,5,27,1,3,0,1,1,3,0,5,0.0658,0.8026,0,0,0,0,0,1,4.825,3.9512,1,1,0,1,1,1,1,12,0,0.79,1,http://google-drive-shared-document.monster/view?id=x4jcrjm3ucicqlzs1kv9vc2z,1
63,19,9,27,2,2,0,1,1,5,0,0,0.0,0.7937,0,0,0,0,0,0,4.1695,3.0503,1,1,0,1,1,1,1,2,1,0.85,2,http://suspicious-site.icu/redirect?url=http://victim-login.com,1
50,36,7,0,1,3,0,0,0,3,0,0,0.0,0.84,0,0,0,0,0,1,4.2089,3.8747,5,1,0,1,1,1,1,7,0,0.74,1,http://paypal-account-security-update.click/verify,1
45,13,25,0,2,2,0,0,0,4,0,0,0.0,0.8,0,0,0,1,0,0,4.0615,3.0851,0,0,0,0,0,0,0,0,0,0.0,0,http://app.adobe.com/about-us/leadership-team,0
25,18,0,0,2,0,0,0,0,2,0,0,0.0,0.8,0,0,0,1,0,0,3.8333,3.4194,0,0,0,0,0,0,0,0,0,0.0,0,http://mail.instagram.com,0
42,28,7,0,1,2,0,0,0,3,0,0,0.0,0.8333,0,0,0,0,0,1,4.0033,3.709,0,1,0,0,0,0,0,0,0,0.0,0,http://immediate-action-required.ga/notice,1
45,25,13,0,1,3,0,0,0,4,0,0,0.0,0.8,0,0,0,0,0,1,4.1423,3.7035,2,1,0,0,0,0,0,0,0,0.0,0,http://sbi-online-banking-kyc.ml/retail/login,1
42,17,17,0,2,2,0,0,0,3,0,1,0.0238,0.7857,0,1,0,1,0,0,4.1096,3.4548,1,0,0,0,0,0,0,1,0,0.08,0,https://dev.w3schools.com/terms-of-service,0
46,14,25,0,4,0,0,0,0,5,0,11,0.2391,0.5435,1,0,0,2,0,0,4.336,2.7534,2,0,1,1,1,1,1,3,1,0.65,1,http://125.197.84.211/signin/paypal/index.html,1
72,14,7,42,2,0,0,2,4,3,0,5,0.0694,0.7222,0,1,0,1,0,0,4.6748,3.182,0,0,0,0,0,0,0,3,0,0.28,0,https://app.medium.com/search?q=machine+learning?ref=nav&q=test&id=97535,0
46,13,7,18,1,0,0,1,1,3,0,0,0.0,0.8261,0,0,0,0,0,0,4.1834,3.3927,0,0,0,0,0,0,0,0,0,0.0,0,http://instagram.com/search?q=machine+learning,0
55,11,36,0,1,3,0,0,0,5,0,8,0.1455,0.6727,0,1,0,0,0,0,4.5673,3.0272,0,0,0,0,0,0,0,2,0,0.14,0,https://dropbox.com/questions/12345678/how-to-fix-error,0
51,37,7,0,1,3,0,0,0,3,0,0,0.0,0.8431,0,0,0,0,0,1,4.1627,3.6888,3,1,0,0,0,0,0,0,0,0.0,0,http://coinbase-account-suspended-notice.top/verify,1
49,31,11,0,1,3,0,0,0,3,0,0,0.0,0.8367,0,0,0,0,0,1,4.2749,4.0023,3,1,0,1,1,1,1,12,1,0.66,2,http://unauthorized-login-detected.xyz/secure-now,1
53,24,22,0,1,3,0,0,0,4,0,0,0.0,0.8302,0,0,0,0,0,1,4.1631,3.8035,4,1,0,0,0,0,0,0,0,0.0,0,http://chase-security-alert.fun/auth/confirm-identity,1
36,14,15,0,3,0,0,0,0,4,0,11,0.3056,0.4722,1,0,0,2,0,0,4.0724,2.4138,1,0,1,1,1,1,1,9,1,0.9,1,http://152.233.77.233/banking/online,1
51,17,27,0,2,1,0,0,0,7,0,0,0.0,0.7843,0,0,0,0,0,0,4.2011,3.7345,4,1,0,1,1,1,1,4,1,0.69,2,http://portal-service.tk//account/verify//login.php,1
47,15,25,0,2,2,0,0,0,4,0,0,0.0,0.8085,0,0,0,1,0,0,4.1209,3.3232,0,0,0,0,0,0,0,3,0,0.18,0,http://api.walmart.com/about-us/leadership-team,0
43,29,7,0,1,3,0,0,0,3,0,0,0.0,0.814,0,0,0,0,0,1,4.0277,3.7454,3,1,0,1,1,1,1,2,1,0.83,2,http://claim-free-crypto-airdrop.top/wallet,1
63,15,40,0,2,1,0,0,0,6,0,6,0.0952,0.746,0,1,0,1,0,0,4.4834,3.0062,1,0,0,0,0,0,0,0,0,0.0,0,https://mail.amazon.com/article/2026/08/technology-breakthrough,0
64,16,40,0,2,1,0,0,0,6,0,6,0.0938,0.75,0,1,0,1,0,0,4.4742,3.625,0,0,0,0,0,0,0,4,0,0.3,0,https://blog.nytimes.com/article/2026/08/technology-breakthrough,0
56,12,36,0,2,3,0,0,0,5,0,8,0.1429,0.6607,0,1,0,1,0,0,4.6825,3.085,0,0,0,0,0,0,0,0,0,0.0,0,https://app.imdb.com/questions/12345678/how-to-fix-error,0
50,19,23,0,2,1,0,0,0,4,0,0,0.0,0.84,0,1,0,1,0,0,4.1684,3.7871,0,0,0,0,0,0,0,0,0,0.0,0,https://api.theguardian.com/explore/popular-topics,0
38,13,18,0,4,0,0,0,0,4,0,10,0.2632,0.5,1,0,0,2,0,0,4.0079,2.6032,2,0,1,1,1,0,1,12,0,0.9,2,http://77.173.28.114/paypal/signin.php,1
35,13,15,0,3,0,0,0,0,4,0,10,0.2857,0.4857,1,0,0,2,0,0,4.1719,2.6612,1,0,1,1,1,1,1,12,1,0.76,0,http://153.214.35.10/banking/online,1
33,19,7,0,1,1,0,0,0,3,0,1,0.0303,0.7879,0,0,0,0,0,0,4.165,3.8269,2,0,0,1,1,1,1,6,0,0.81,2,http://paypa1-security.com/webscr,1
82,12,38,23,2,1,0,1,3,6,0,5,0.061,0.7439,0,1,0,1,0,0,4.5864,2.6887,0,0,0,0,0,0,0,4,0,0.21,0,https://blog.bbc.com/repos/organization/repo-name/releases?ref=nav&q=test&id=93992,0
47,33,7,0,1,3,0,0,0,3,0,0,0.0,0.8298,0,0,0,0,0,1,4.275,3.9603,5,1,0,0,0,0,0,0,0,0.0,0,http://paypal-account-security-update.gq/verify,1
48,18,22,0,2,1,0,0,0,5,0,1,0.0208,0.7917,0,1,0,1,0,0,4.2467,3.6144,0,0,0,0,0,0,0,3,0,0.15,0,https://api.cloudflare.com/docs/v2/api-reference,0
43,10,25,0,1,2,0,0,0,4,0,0,0.0,0.814,0,1,0,0,0,0,4.1558,2.7219,1,0,0,0,0,0,0,2,0,0.26,0,https://amazon.com/about-us/leadership-team,0
44,14,22,0,2,1,0,0,0,5,0,1,0.0227,0.7727,0,1,0,1,0,0,4.1701,3.182,0,0,0,0,0,0,0,0,0,0.0,0,https://dev.zomato.com/docs/v2/api-reference,0
86,16,38,23,2,1,0,1,3,6,0,5,0.0581,0.7558,0,1,0,1,0,0,4.6041,3.625,1,0,0,0,0,0,0,0,0,0.0,0,https://support.ebay.com/repos/organization/repo-name/releases?ref=nav&q=test&id=38720,0
48,15,25,0,2,0,0,0,0,5,0,0,0.0,0.8333,0,1,0,1,0,0,4.1292,3.0062,0,0,0,0,0,0,0,0,0,0.0,0,https://mail.zomato.com/user/dashboard/analytics,0
52,39,6,0,2,2,0,0,0,3,0,0,0.0,0.8462,0,0,0,1,0,1,4.2653,3.904,4,1,1,1,1,1,1,12,1,0.74,2,http://wellsfargo.banking-access-service.click/login,1
48,17,23,0,2,1,0,0,0,4,0,0,0.0,0.8333,0,1,0,1,0,0,4.1313,3.2195,0,0,0,0,0,0,0,0,0,0.0,0,https://www.wikipedia.org/explore/popular-topics,0
69,13,18,30,3,0,0,1,1,4,0,17,0.2464,0.6087,1,0,0,2,0,0,4.8601,2.8151,3,0,0,0,0,0,0,0,0,0.0,0,http://29.205.241.17/auth/verification?token=22q8bmeepxfsyf9bgv26coi9,1
30,17,6,0,1,3,0,0,0,3,0,0,0.0,0.7333,0,0,1,0,0,1,4.0314,3.4548,1,0,0,1,1,1,1,9,1,0.83,2,http://xn--paypl-qqa.com/login,1
94,10,30,45,2,0,0,2,5,5,0,6,0.0638,0.734,0,1,0,1,0,0,4.5851,2.9219,0,0,0,0,0,0,0,0,0,0.0,0,https://dev.gov.in/products/category/electronics?page=2&sort=price_asc?ref=nav&q=test&id=16464,0
40,11,22,0,2,1,0,0,0,5,0,1,0.025,0.75,0,0,0,1,0,0,4.2226,3.0958,0,0,0,0,0,0,0,1,0,0.28,0,http://dev.zoom.us/docs/v2/api-reference,0
50,33,10,0,1,3,0,0,0,4,0,0,0.0,0.82,0,0,0,0,0,1,3.9729,3.7377,2,1,0,0,0,0,0,0,0,0.0,0,http://amazon-unusual-activity-signin.ga/ap/signin,1
47,33,7,0,1,3,0,0,0,3,0,0,0.0,0.8298,0,0,0,0,0,1,4.2325,3.8997,5,1,0,0,0,0,0,0,0,0.0,0,http://paypal-account-security-update.ml/verify,1
53,31,15,0,1,3,0,0,0,3,0,0,0.0,0.8491,0,0,0,0,0,1,4.3507,4.0668,2,1,0,0,0,0,0,0,0,0.0,0,http://instagram-copyright-appeal.work/verify-account,1
30,17,6,0,1,3,0,0,0,3,0,0,0.0,0.7333,0,0,1,0,0,1,4.0314,3.4548,1,0,0,1,1,1,1,5,1,0.78,2,http://xn--paypl-qqa.com/login,1
52,19,1,23,2,0,0,1,3,3,0,5,0.0962,0.6731,0,1,0,1,0,0,4.6954,3.5111,0,0,0,0,0,0,0,2,0,0.1,0,https://blog.huggingface.co/?ref=nav&q=test&id=87299,0
31,16,7,0,2,0,0,0,0,3,0,0,0.0,0.8065,0,1,0,1,0,0,3.9292,3.1556,1,0,0,0,0,0,0,0,0,0.0,0,https://mail.walmart.com/signin,0
53,38,7,0,4,1,0,0,0,3,0,0,0.0,0.8302,0,1,0,3,1,0,4.3364,3.9977,3,1,1,0,0,0,0,0,0,0.0,0,https://appleid.apple.com.account-recovery.xyz/verify,1
44,29,8,0,1,3,0,0,0,3,0,0,0.0,0.8182,0,0,0,0,0,1,4.1635,3.7623,2,1,0,0,0,0,0,0,0,0.0,0,http://verify-your-identity-now.work/confirm,1
48,17,23,0,2,1,0,0,0,4,0,0,0.0,0.8333,0,1,0,1,0,0,3.9366,3.4548,0,0,0,0,0,0,0,0,0,0.0,0,https://app.pinterest.com/explore/popular-topics,0
35,10,17,0,2,2,0,0,0,3,0,0,0.0,0.7714,0,1,0,1,0,0,4.1072,2.9219,1,0,0,0,0,0,0,0,0,0.0,0,https://app.gov.in/terms-of-service,0
33,19,7,0,1,1,0,0,0,3,0,1,0.0303,0.7879,0,0,0,0,0,0,4.165,3.8269,2,0,0,0,0,0,0,0,0,0.0,0,http://paypa1-security.com/webscr,1
49,15,7,18,2,0,0,1,1,3,0,0,0.0,0.8163,0,1,0,1,0,0,4.374,3.0566,1,0,0,0,0,0,0,0,0,0.0,0,https://support.zoom.us/search?q=machine+learning,0
45,13,25,0,4,0,0,0,0,5,0,10,0.2222,0.5556,1,0,0,2,0,0,4.3055,2.6612,2,0,1,1,1,1,1,6,0,0.87,0,http://49.121.25.134/signin/paypal/index.html,1
53,14,7,23,2,0,0,1,3,3,0,5,0.0943,0.6792,0,1,0,1,0,0,4.6143,2.9852,2,0,0,1,1,0,0,0,0,0.08,0,https://api.paypal.com/signin?ref=nav&q=test&id=29300,0
44,11,25,0,2,0,0,0,0,5,0,0,0.0,0.8182,0,1,0,1,0,0,4.1336,3.0958,0,0,0,0,0,0,0,0,0,0.0,0,https://api.zoom.us/user/dashboard/analytics,0
37,12,17,0,2,2,0,0,0,3,0,0,0.0,0.7838,0,1,0,1,0,0,4.1885,3.2516,1,0,0,0,0,0,0,0,0,0.0,0,https://app.bing.com/terms-of-service,0
51,13,30,0,3,0,0,0,0,5,0,0,0.0,0.8235,0,1,0,1,0,0,3.9571,2.5654,0,0,0,0,0,0,0,0,0,0.2,0,https://www.twitch.tv/download/latest/installer.exe,0
47,14,7,18,2,0,0,1,1,3,0,0,0.0,0.8085,0,0,0,1,0,0,4.2667,3.3788,0,0,0,0,0,0,0,2,0,0.05,0,http://api.reddit.com/search?q=machine+learning,0
45,11,27,0,3,2,0,0,0,4,0,8,0.1778,0.6,1,0,0,2,0,0,4.5803,2.6635,3,0,1,0,0,0,0,0,0,0.0,0,http://72.82.63.74/secure/update-banking-info,1
74,17,25,23,2,2,0,1,3,4,0,5,0.0676,0.7297,0,1,0,1,0,0,4.7109,3.3816,0,0,0,0,0,0,0,0,0,0.0,0,https://docs.linkedin.com/about-us/leadership-team?ref=nav&q=test&id=32346,0
53,15,6,23,2,0,0,1,3,3,0,5,0.0943,0.6792,0,1,0,1,0,0,4.7064,3.4566,2,0,0,1,1,0,0,0,0,0.09,0,https://www.netflix.com/login?ref=nav&q=test&id=86276,0
51,37,7,0,1,3,0,0,0,3,0,0,0.0,0.8431,0,0,0,0,0,1,4.1775,3.6657,3,1,0,1,1,1,1,12,0,0.8,1,http://coinbase-account-suspended-notice.sbs/verify,1
83,13,38,23,2,1,0,1,3,6,0,5,0.0602,0.747,0,1,0,1,0,0,4.6383,3.2389,0,0,0,0,0,0,0,4,0,0.27,0,https://blog.ebay.com/repos/organization/repo-name/releases?ref=nav&q=test&id=95623,0
71,16,23,23,2,1,0,1,3,4,0,5,0.0704,0.7324,0,1,0,1,0,0,4.6779,3.4528,0,0,0,0,0,0,0,0,0,0.19,0,https://mail.nytimes.com/explore/popular-topics?ref=nav&q=test&id=43546,0
27,18,1,0,2,0,0,0,0,3,0,0,0.0,0.7778,0,1,0,1,0,0,3.8562,3.5033,0,0,0,0,0,0,0,0,0,0.0,0,https://docs.instagram.com/,0
49,37,5,0,1,3,0,0,0,3,0,0,0.0,0.8367,0,0,0,0,0,1,4.2878,3.9927,4,1,0,1,1,1,1,7,0,0.71,0,http://secure-wellsfargo-banking-alert.click/auth,1
69,13,18,30,3,0,0,1,1,4,0,17,0.2464,0.6087,1,0,0,2,0,0,4.9527,2.8731,3,0,0,1,1,1,1,12,1,0.77,1,http://96.133.60.147/auth/verification?token=7k4m8ghfpxh2lhyke3d7q9zd,1
52,39,6,0,4,1,0,0,0,3,0,0,0.0,0.8269,0,0,0,3,1,0,4.1883,3.9234,3,1,1,0,0,0,0,0,0,0.0,0,http://appleid.apple.com.verify-identity.click/login,1
31,17,6,0,2,0,0,0,0,3,0,0,0.0,0.8065,0,1,0,1,0,0,3.9779,3.3372,1,0,0,0,0,0,0,0,0,0.0,0,https://mail.linkedin.com/login,0
73,21,6,37,2,0,0,2,4,3,0,7,0.0959,0.7123,0,1,0,1,0,0,4.8846,3.8802,0,0,0,0,0,0,0,0,0,0.0,0,https://api.stackoverflow.com/watch?v=dQw4w9WgXcQ?ref=nav&q=test&id=35905,0
58,21,30,0,3,0,0,0,0,5,0,0,0.0,0.8448,0,0,0,1,0,0,4.19,3.5352,0,0,0,0,0,0,0,4,0,0.2,0,http://api.bankofamerica.com/download/latest/installer.exe,0
35,13,15,0,3,0,0,0,0,4,0,10,0.2857,0.4857,1,0,0,2,0,0,4.1719,2.6612,1,0,1,0,0,0,0,0,0,0.0,0,http://32.98.129.159/banking/online,1
53,33,13,0,1,3,0,0,0,4,0,0,0.0,0.8302,0,0,0,0,0,1,4.3037,4.0438,3,1,0,0,0,0,0,0,0,0.0,0,http://hdfc-netbanking-customer-care.cam/secure/login,1
74,14,30,21,2,0,0,1,2,5,0,1,0.0135,0.8108,0,1,0,1,0,0,4.2374,3.0391,1,0,0,0,0,0,0,2,0,0.1,0,https://docs.chase.com/products/category/electronics?page=2&sort=price_asc,0
26,18,0,0,2,0,0,0,0,2,0,0,0.0,0.8077,0,1,0,1,0,0,3.9791,3.5033,0,0,0,0,0,0,0,0,0,0.3,0,https://app.cloudflare.com,0
32,15,10,0,4,0,0,0,0,3,0,12,0.375,0.375,1,0,0,2,0,0,3.9292,2.7396,1,0,0,0,0,0,0,0,0,0.0,0,http://200.244.188.170/login.php,1
53,24,22,0,1,3,0,0,0,4,0,0,0.0,0.8302,0,0,0,0,0,1,4.2528,3.8035,4,1,0,0,0,0,0,0,0,0.0,0,http://chase-security-alert.xyz/auth/confirm-identity,1
76,36,5,27,1,3,0,1,1,3,0,8,0.1053,0.7632,0,0,0,0,0,1,4.7722,3.9512,1,1,0,1,1,1,1,11,0,0.76,0,http://google-drive-shared-document.monster/view?id=6s0o8jwcydvj7e72v7g1pfns,1
30,17,6,0,1,3,0,0,0,3,0,0,0.0,0.7333,0,0,1,0,0,1,4.0314,3.4548,1,0,0,1,1,1,1,8,1,0.76,1,http://xn--paypl-qqa.com/login,1
76,6,38,23,1,1,0,1,3,6,0,5,0.0658,0.7368,0,1,0,0,0,0,4.4759,2.585,0,0,0,0,0,0,0,0,0,0.0,0,https://gov.in/repos/organization/repo-name/releases?ref=nav&q=test&id=47959,0
81,19,30,23,3,0,0,1,3,5,0,5,0.0617,0.7531,0,1,0,1,0,0,4.5816,3.7216,0,0,0,0,0,0,0,0,0,0.0,0,https://blog.aliexpress.com/download/latest/installer.exe?ref=nav&q=test&id=27663,0
69,15,23,23,2,1,0,1,3,4,0,5,0.0725,0.7246,0,0,0,1,0,0,4.6975,3.0566,1,0,0,0,0,0,0,4,0,0.12,0,http://mail.google.com/explore/popular-topics?ref=nav&q=test&id=92341,0
35,14,14,0,3,0,0,0,0,4,0,11,0.3143,0.4571,1,0,0,2,0,0,4.1287,2.6456,2,0,1,0,0,0,0,0,0,0.0,0,http://214.234.92.164/netflix/login,1
63,14,17,23,2,2,0,1,3,3,0,5,0.0794,0.6984,0,1,0,1,0,0,4.5948,3.182,1,0,0,0,0,0,0,0,0,0.27,0,https://docs.quora.com/terms-of-service?ref=nav&q=test&id=32783,0
67,19,40,0,2,1,0,0,0,6,0,6,0.0896,0.7612,0,1,0,1,0,0,4.4765,3.7871,0,0,0,0,0,0,0,4,0,0.15,0,https://app.theguardian.com/article/2026/08/technology-breakthrough,0
75,21,23,23,2,1,0,1,3,4,0,5,0.0667,0.7467,0,0,0,1,0,0,4.6999,3.7849,0,0,0,0,0,0,0,2,0,0.08,0,http://dev.stackoverflow.com/explore/popular-topics?ref=nav&q=test&id=27741,0
60,13,40,0,2,1,0,0,0,6,0,6,0.1,0.7333,0,0,0,1,0,0,4.3652,3.027,0,0,0,0,0,0,0,0,0,0.0,0,http://api.yahoo.com/article/2026/08/technology-breakthrough,0
64,20,9,27,2,2,0,1,1,5,0,0,0.0,0.7969,0,0,0,0,0,0,4.3136,3.3464,1,1,0,1,1,0,1,2,1,0.78,1,http://suspicious-site.buzz/redirect?url=http://victim-login.com,1
48,35,6,0,1,3,0,0,0,3,0,0,0.0,0.8333,0,0,0,0,0,1,4.1934,3.9113,2,1,0,0,0,0,0,0,0,0.0,0,http://icici-rewards-points-redemption.fun/claim,1
77,18,30,21,2,0,0,1,2,5,0,1,0.013,0.8182,0,0,0,1,0,0,4.2675,3.4613,1,0,0,0,0,0,0,0,0,0.0,0,http://support.docker.com/products/category/electronics?page=2&sort=price_asc,0
98,14,30,45,2,0,0,2,5,5,0,6,0.0612,0.7449,0,1,0,1,0,0,4.579,3.3788,1,0,0,0,0,0,0,0,0,0.0,0,https://support.gov.in/products/category/electronics?page=2&sort=price_asc?ref=nav&q=test&id=97302,0
44,28,9,0,1,2,0,0,0,3,0,0,0.0,0.8409,0,0,0,0,0,1,4.153,3.8249,2,1,0,0,0,0,0,0,0,0.0,0,http://binance-kyc-verification.top/security,1
57,19,6,23,2,0,0,1,3,3,0,5,0.0877,0.7018,0,1,0,1,0,0,4.6439,3.5766,2,0,0,1,1,0,0,2,0,0.07,0,https://docs.wellsfargo.com/login?ref=nav&q=test&id=14494,0
23,15,1,0,2,0,0,0,0,3,0,0,0.0,0.7391,0,0,0,1,0,0,3.5227,3.1899,0,0,0,0,0,0,0,0,0,0.0,0,http://app.walmart.com/,0
48,34,7,0,1,3,0,0,0,3,0,0,0.0,0.8333,0,0,0,0,0,1,4.33,4.0575,2,1,0,0,0,0,0,0,0,0.0,0,http://customer-support-helpdesk-agent.cf/verify,1
47,13,27,0,3,2,0,0,0,4,0,10,0.2128,0.5745,1,0,0,2,0,0,4.5116,2.4116,3,0,1,0,0,0,0,0,0,0.0,0,http://121.22.209.77/secure/update-banking-info,1
47,15,25,0,2,2,0,0,0,4,0,0,0.0,0.8085,0,0,0,1,0,0,4.1634,3.5069,0,0,0,0,0,0,0,0,0,0.0,0,http://mail.github.com/about-us/leadership-team,0
33,19,7,0,1,1,0,0,0,3,0,1,0.0303,0.7879,0,0,0,0,0,0,4.165,3.8269,2,0,0,1,1,0,1,12,1,0.79,2,http://paypa1-security.com/webscr,1
53,15,30,0,3,0,0,0,0,5,0,0,0.0,0.8302,0,1,0,1,0,0,4.0129,3.3232,0,0,0,0,0,0,0,0,0,0.0,0,https://dev.twitter.com/download/latest/installer.exe,0
33,19,7,0,1,1,0,0,0,3,0,1,0.0303,0.7879,0,0,0,0,0,0,4.165,3.8269,2,0,0,0,0,0,0,0,0,0.0,0,http://paypa1-security.com/webscr,1
52,30,15,0,1,3,0,0,0,3,0,0,0.0,0.8462,0,0,0,0,0,1,4.2147,3.8817,2,1,0,0,0,0,0,0,0,0.0,0,http://instagram-copyright-appeal.top/verify-account,1
74,25,17,23,2,2,0,1,3,3,0,5,0.0676,0.7432,0,1,0,1,0,0,4.6483,3.8635,2,0,0,0,0,0,0,0,0,0.25,0,https://support.bankofamerica.com/terms-of-service?ref=nav&q=test&id=95501,0
46,15,23,0,2,1,0,0,0,4,0,0,0.0,0.8261,0,1,0,1,0,0,4.0307,3.3232,0,0,0,0,0,0,0,1,0,0.21,0,https://api.dropbox.com/explore/popular-topics,0
28,14,6,0,2,0,0,0,0,3,0,0,0.0,0.7857,0,1,0,1,0,0,4.1106,3.3788,1,0,0,0,0,0,0,0,0,0.0,0,https://dev.kaggle.com/login,0
60,16,36,0,2,3,0,0,0,5,0,8,0.1333,0.6833,0,1,0,1,0,0,4.6628,3.3278,0,0,0,0,0,0,0,4,0,0.11,0,https://blog.youtube.com/questions/12345678/how-to-fix-error,0
55,41,7,0,1,3,0,0,0,3,0,0,0.0,0.8545,0,0,0,0,0,1,4.1997,3.7788,3,1,0,0,0,0,0,0,0,0.0,0,http://coinbase-account-suspended-notice.monster/verify,1
77,17,30,21,2,0,0,1,2,5,0,1,0.013,0.8182,0,1,0,1,0,0,4.2849,3.5725,1,0,0,0,0,0,0,3,0,0.23,0,https://support.adobe.com/products/category/electronics?page=2&sort=price_asc,0
39,26,6,0,1,2,0,0,0,3,0,0,0.0,0.8205,0,0,0,0,0,1,4.2117,3.921,4,1,0,1,1,1,1,9,1,0.68,1,http://account-security-update.gq/login,1
52,39,6,0,2,2,0,0,0,3,0,0,0.0,0.8462,0,0,0,1,0,1,4.2653,3.904,4,1,1,1,1,1,1,2,1,0.95,1,http://wellsfargo.banking-access-service.click/login,1
54,16,6,23,2,0,0,1,3,3,0,5,0.0926,0.6852,0,1,0,1,0,0,4.6181,3.1556,1,0,0,1,1,0,0,4,0,0.3,0,https://mail.walmart.com/login?ref=nav&q=test&id=29924,0
76,16,30,21,2,0,0,1,2,5,0,1,0.0132,0.8158,0,1,0,1,0,0,4.3759,3.375,0,0,0,0,0,0,0,0,0,0.0,0,https://blog.walmart.com/products/category/electronics?page=2&sort=price_asc,0
38,13,18,0,4,0,0,0,0,4,0,10,0.2632,0.5,1,0,0,2,0,0,3.995,2.5654,2,0,1,1,1,0,1,6,1,0.83,1,http://159.55.249.65/paypal/signin.php,1
27,19,0,0,2,0,0,0,0,2,0,0,0.0,0.8148,0,1,0,1,0,0,3.8562,3.5766,1,0,0,0,0,0,0,2,0,0.22,0,https://support.mozilla.org,0
48,34,7,0,1,3,0,0,0,3,0,0,0.0,0.8333,0,0,0,0,0,1,4.33,3.9987,2,1,0,0,0,0,0,0,0,0.0,0,http://customer-support-helpdesk-agent.ga/verify,1
47,27,13,0,1,3,0,0,0,4,0,0,0.0,0.8085,0,0,0,0,0,1,4.2304,3.7821,2,1,0,0,0,0,0,0,0,0.0,0,http://sbi-online-banking-kyc.buzz/retail/login,1
53,33,13,0,1,3,0,0,0,4,0,0,0.0,0.8302,0,0,0,0,0,1,4.4615,4.2862,3,1,0,0,0,0,0,0,0,0.0,0,http://hdfc-netbanking-customer-care.xyz/secure/login,1
40,26,7,0,1,2,0,0,0,3,0,1,0.025,0.8,0,0,0,0,0,1,4.2842,4.1329,3,0,0,1,1,0,1,8,1,0.91,1,http://netfl1x-billing-update.com/signin,1
57,37,13,0,1,3,0,0,0,4,0,0,0.0,0.8421,0,0,0,0,0,1,4.2716,4.0468,3,1,0,1,1,1,1,8,1,0.83,0,http://hdfc-netbanking-customer-care.monster/secure/login,1
71,14,25,23,2,2,0,1,3,4,0,5,0.0704,0.7183,0,1,0,1,0,0,4.7744,2.8963,1,0,0,0,0,0,0,0,0,0.0,0,https://www.amazon.com/about-us/leadership-team?ref=nav&q=test&id=59360,0
52,15,7,22,2,0,0,1,3,3,0,4,0.0769,0.6923,0,0,0,1,0,0,4.6757,3.3232,1,0,0,0,0,0,0,0,0,0.0,0,http://dev.dropbox.com/signin?ref=nav&q=test&id=5946,0
68,10,7,42,1,0,0,2,4,3,0,5,0.0735,0.7206,0,1,0,0,0,0,4.6698,3.1219,0,0,0,0,0,0,0,0,0,0.0,0,https://kaggle.com/search?q=machine+learning?ref=nav&q=test&id=35369,0
50,21,7,14,3,1,0,1,1,3,0,0,0.0,0.78,0,0,0,2,0,0,4.6182,3.6897,4,1,1,1,1,1,1,6,1,0.77,1,http://login.paypal.com.buzz/webscr?cmd=_login-run,1
46,15,23,0,2,1,0,0,0,4,0,0,0.0,0.8261,0,1,0,1,0,0,3.993,3.0566,1,0,0,0,0,0,0,4,0,0.05,0,https://mail.paypal.com/explore/popular-topics,0
62,19,36,0,2,3,0,0,0,5,0,8,0.129,0.6935,0,0,0,1,0,0,4.736,3.5369,0,0,0,0,0,0,0,2,0,0.24,0,http://blog.cloudflare.com/questions/12345678/how-to-fix-error,0
70,14,18,30,3,0,0,1,1,4,0,17,0.2429,0.6143,1,0,0,2,0,0,4.7929,2.217,3,0,0,0,0,0,0,0,0,0.0,0,http://215.222.212.83/auth/verification?token=o37muqj17dfohj0ftqd7zwrl,1
51,18,25,0,2,2,0,0,0,4,0,0,0.0,0.8235,0,1,0,1,0,0,4.0662,3.4613,1,0,0,0,0,0,0,0,0,0.0,0,https://support.target.com/about-us/leadership-team,0
50,16,7,18,2,0,0,1,1,3,0,0,0.0,0.82,0,1,0,1,0,0,4.3133,3.5,1,0,0,0,0,0,0,3,0,0.25,0,https://mail.netflix.com/search?q=machine+learning,0
46,30,9,0,1,2,0,0,0,3,0,0,0.0,0.8478,0,0,0,0,0,1,4.1478,3.7078,2,1,0,1,1,1,1,11,0,0.67,1,http://binance-kyc-verification.click/security,1
78,17,30,23,4,0,0,1,3,5,0,5,0.0641,0.7308,0,0,0,2,0,0,4.5963,3.3372,1,0,1,0,0,0,0,3,0,0.11,0,http://support.sbi.co.in/download/latest/installer.exe?ref=nav&q=test&id=18932,0
30,17,6,0,1,3,0,0,0,3,0,0,0.0,0.7333,0,0,1,0,0,1,4.0314,3.4548,1,0,0,1,1,1,1,10,1,0.74,0,http://xn--paypl-qqa.com/login,1
81,11,38,23,2,1,0,1,3,6,0,5,0.0617,0.7407,0,1,0,1,0,0,4.5841,2.914,0,0,0,0,0,0,0,0,0,0.0,0,https://api.bbc.com/repos/organization/repo-name/releases?ref=nav&q=test&id=66382,0
46,14,25,0,4,0,0,0,0,5,0,11,0.2391,0.5435,1,0,0,2,0,0,4.336,2.7534,2,0,1,1,1,0,1,9,0,0.95,2,http://209.223.244.57/signin/paypal/index.html,1
27,18,1,0,2,0,0,0,0,3,0,0,0.0,0.7778,0,1,0,1,0,0,3.736,3.5033,0,0,0,0,0,0,0,2,0,0.3,0,https://docs.pinterest.com/,0
52,37,7,0,4,1,0,0,0,3,0,0,0.0,0.8269,0,1,0,3,1,0,4.2273,3.8819,3,1,1,0,0,0,0,0,0,0.0,0,https://appleid.apple.com.account-recovery.cf/verify,1
46,13,25,0,2,0,0,0,0,5,0,0,0.0,0.8261,0,1,0,1,0,0,4.1,2.9312,0,0,0,0,0,0,0,0,0,0.0,0,https://docs.imdb.com/user/dashboard/analytics,0
51,37,7,0,1,3,0,0,0,3,0,0,0.0,0.8431,0,0,0,0,0,1,4.2264,3.733,3,1,0,0,0,0,0,0,0,0.0,0,http://coinbase-account-suspended-notice.cam/verify,1
30,17,6,0,1,3,0,0,0,3,0,0,0.0,0.7333,0,0,1,0,0,1,4.2566,3.4548,0,0,0,1,1,1,1,5,1,0.91,0,http://xn--gogle-qqa.com/drive,1
27,12,7,0,2,0,0,0,0,3,0,0,0.0,0.7778,0,1,0,1,0,0,3.9582,3.085,1,0,0,0,0,0,0,0,0,0.0,0,https://dev.imdb.com/signin,0
34,20,7,0,1,3,0,0,0,3,0,1,0.0294,0.7353,0,0,1,0,0,1,4.1163,3.6464,1,0,0,1,1,1,1,12,0,0.68,1,http://xn--mcrosoft-p1a.com/update,1
63,14,17,23,2,2,0,1,3,3,0,5,0.0794,0.6984,0,1,0,1,0,0,4.6395,3.0391,2,0,0,0,0,0,0,0,0,0.0,0,https://dev.google.com/terms-of-service?ref=nav&q=test&id=38970,0
74,17,25,23,1,0,0,1,3,5,0,5,0.0676,0.7568,0,1,0,0,0,0,4.6506,3.4548,0,0,0,0,0,0,0,0,0,0.0,0,https://bankofamerica.com/user/dashboard/analytics?ref=nav&q=test&id=30886,0
38,13,17,0,2,0,0,0,0,4,0,0,0.0,0.8158,0,1,0,1,0,0,4.1883,3.027,0,0,0,0,0,0,0,0,0,0.26,0,https://www.quora.com/profile/settings,0
46,18,6,13,2,0,0,1,1,3,0,2,0.0435,0.7826,0,1,0,1,0,0,4.5099,3.128,0,0,0,0,0,0,0,2,0,0.12,0,https://mail.icicibank.com/watch?v=dQw4w9WgXcQ,0
46,26,13,0,1,3,0,0,0,4,0,0,0.0,0.8043,0,0,0,0,0,1,4.1891,3.7343,2,1,0,1,1,0,1,8,1,0.84,2,http://sbi-online-banking-kyc.fun/retail/login,1
45,11,7,18,2,0,0,1,1,3,0,0,0.0,0.8,0,1,0,1,0,0,4.2611,2.4817,0,0,0,0,0,0,0,0,0,0.0,0,https://www.cnn.com/search?q=machine+learning,0
51,18,1,23,2,0,0,1,3,3,0,5,0.098,0.6667,0,1,0,1,0,0,4.7209,3.7255,1,0,0,0,0,0,0,0,0,0.0,0,https://support.gitlab.com/?ref=nav&q=test&id=85132,0
72,32,5,27,1,3,0,1,1,3,0,6,0.0833,0.7778,0,0,0,0,0,1,4.8852,3.9917,1,1,0,1,1,1,1,2,0,0.78,0,http://google-drive-shared-document.cam/view?id=ctvpnql38jwd7wb2ajz24oxb,1
30,17,6,0,1,3,0,0,0,3,0,0,0.0,0.7333,0,0,1,0,0,1,4.2566,3.4548,0,0,0,0,0,0,0,0,0,0.0,0,http://xn--gogle-qqa.com/drive,1
43,29,7,0,1,3,0,0,0,3,0,0,0.0,0.814,0,0,0,0,0,1,4.2047,3.9354,3,1,0,0,0,0,0,0,0,0.0,0,http://claim-free-crypto-airdrop.xyz/wallet,1
36,12,17,0,2,2,0,0,0,3,0,0,0.0,0.7778,0,0,0,1,0,0,4.128,3.2516,1,0,0,0,0,0,0,3,0,0.23,0,http://api.ebay.com/terms-of-service,0
34,20,7,0,1,3,0,0,0,3,0,1,0.0294,0.7353,0,0,1,0,0,1,4.1163,3.6464,1,0,0,1,1,1,1,8,1,0.78,0,http://xn--mcrosoft-p1a.com/update,1
47,14,25,0,2,2,0,0,0,4,0,0,0.0,0.8085,0,1,0,1,0,0,4.0917,3.2359,1,0,0,0,0,0,0,2,0,0.2,0,https://docs.apple.com/about-us/leadership-team,0
76,16,30,21,2,0,0,1,2,5,0,1,0.0132,0.8158,0,1,0,1,0,0,4.4288,3.1556,0,0,0,0,0,0,0,0,0,0.0,0,https://www.facebook.com/products/category/electronics?page=2&sort=price_asc,0
56,34,15,0,1,3,0,0,0,3,0,0,0.0,0.8571,0,0,0,0,0,1,4.2644,3.962,2,1,0,1,1,1,1,3,0,0.9,0,http://instagram-copyright-appeal.monster/verify-account,1
30,17,6,0,1,3,0,0,0,3,0,0,0.0,0.7333,0,0,1,0,0,1,4.2566,3.4548,0,0,0,0,0,0,0,0,0,0.0,0,http://xn--gogle-qqa.com/drive,1
59,15,36,0,2,3,0,0,0,5,0,8,0.1356,0.678,0,1,0,1,0,0,4.6711,3.1069,0,0,0,0,0,0,0,0,0,0.21,0,https://blog.zomato.com/questions/12345678/how-to-fix-error,0
52,15,6,23,2,0,0,1,3,3,0,5,0.0962,0.6731,0,0,0,1,0,0,4.6757,3.2402,1,0,0,1,1,0,0,4,0,0.1,0,http://mail.kaggle.com/login?ref=nav&q=test&id=29893,0
48,16,1,22,2,0,0,1,3,3,0,4,0.0833,0.6667,0,1,0,1,0,0,4.5459,3.3278,0,0,0,0,0,0,0,3,0,0.06,0,https://docs.spotify.com/?ref=nav&q=test&id=9517,0
49,18,23,0,2,1,0,0,0,4,0,0,0.0,0.8367,0,1,0,1,0,0,4.0863,3.6144,0,0,0,0,0,0,0,2,0,0.14,0,https://api.cloudflare.com/explore/popular-topics,0
37,12,18,0,4,0,0,0,0,4,0,9,0.2432,0.5135,1,0,0,2,0,0,4.0308,2.6887,2,0,1,1,1,1,1,10,0,0.75,2,http://211.26.97.55/paypal/signin.php,1
49,31,11,0,1,3,0,0,0,4,0,3,0.0612,0.7551,0,0,0,0,0,1,4.4102,4.0181,4,1,0,1,1,1,1,11,1,0.89,2,http://microsoft-365-password-reset.tk/auth/login,1
42,30,5,0,1,3,0,0,0,3,0,0,0.0,0.8095,0,0,0,0,0,1,4.2462,4.0729,3,1,0,1,1,0,1,10,0,0.89,1,http://banking-portal-secure-entry.gq/auth,1
70,14,18,30,3,0,0,1,1,4,0,16,0.2286,0.6286,1,0,0,2,0,0,4.8608,2.6456,3,0,0,1,1,1,1,6,1,0.83,2,http://161.132.30.227/auth/verification?token=gqwv0vdcx1w8uk8zqdmnwo7t,1
46,13,26,0,2,1,0,0,0,6,0,0,0.0,0.7609,0,0,0,0,0,0,4.1186,3.3927,3,1,1,0,0,0,0,0,0,0.0,0,http://auth-check.gq/https://paypal.com/signin,1
46,13,26,0,2,1,0,0,0,6,0,0,0.0,0.7609,0,0,0,0,0,0,4.0915,3.1808,3,1,1,0,0,0,0,0,0,0.0,0,http://auth-check.cf/https://paypal.com/signin,1
46,34,5,0,1,3,0,0,0,3,0,0,0.0,0.8261,0,0,0,0,0,1,4.249,3.9987,4,1,0,1,1,1,1,11,1,0.7,2,http://secure-wellsfargo-banking-alert.tk/auth,1
50,37,6,0,2,2,0,0,0,3,0,0,0.0,0.84,0,0,0,1,0,1,4.308,4.0876,4,1,1,0,0,0,0,0,0,0.0,0,http://wellsfargo.banking-access-service.top/login,1
33,19,7,0,1,1,0,0,0,3,0,1,0.0303,0.7879,0,0,0,0,0,0,4.165,3.8269,2,0,0,0,0,0,0,0,0,0.0,0,http://paypa1-security.com/webscr,1
68,15,22,23,2,1,0,1,3,5,0,6,0.0882,0.6912,0,0,0,1,0,0,4.6023,3.2402,1,0,0,0,0,0,0,0,0,0.35,0,http://support.cnn.com/docs/v2/api-reference?ref=nav&q=test&id=18584,0
33,19,7,0,1,1,0,0,0,3,0,1,0.0303,0.7879,0,0,0,0,0,0,4.165,3.8269,2,0,0,1,1,0,1,3,1,0.78,2,http://paypa1-security.com/webscr,1
32,11,14,0,3,0,0,0,0,4,0,8,0.25,0.5,1,0,0,2,0,0,4.1403,2.6635,2,0,1,1,1,1,1,11,1,0.89,2,http://39.23.81.78/netflix/login,1
48,14,27,0,3,2,0,0,0,4,0,11,0.2292,0.5625,1,0,0,2,0,0,4.5897,2.6995,3,0,1,1,1,1,1,6,1,0.66,1,http://84.189.200.109/secure/update-banking-info,1
30,13,10,0,4,0,0,0,0,3,0,10,0.3333,0.4,1,0,0,2,0,0,3.9232,2.7193,1,0,0,0,0,0,0,0,0,0.0,0,http://13.241.10.186/login.php,1
50,17,7,18,2,0,0,1,1,3,0,0,0.0,0.82,0,0,0,1,0,0,4.388,3.4548,1,0,0,0,0,0,0,0,0,0.0,0,http://dev.microsoft.com/search?q=machine+learning,0
45,12,25,0,2,0,0,0,0,5,0,0,0.0,0.8222,0,1,0,1,0,0,4.1255,2.9183,0,0,0,0,0,0,0,0,0,0.0,0,https://mail.bbc.com/user/dashboard/analytics,0
27,18,1,0,2,0,0,0,0,3,0,0,0.0,0.7778,0,1,0,1,0,0,3.5879,3.281,1,0,0,0,0,0,0,0,0,0.0,0,https://support.zomato.com/,0
36,14,15,0,3,0,0,0,0,4,0,11,0.3056,0.4722,1,0,0,2,0,0,4.2045,2.7534,1,0,1,0,0,0,0,0,0,0.0,0,http://19.122.138.146/banking/online,1
47,34,6,0,1,3,0,0,0,3,0,0,0.0,0.8298,0,0,0,0,0,1,4.0909,3.8559,2,1,0,0,0,0,0,0,0,0.0,0,http://icici-rewards-points-redemption.ml/claim,1
78,16,30,23,3,0,0,1,3,5,0,5,0.0641,0.7436,0,1,0,1,0,0,4.5864,3.125,0,0,0,0,0,0,0,3,0,0.35,0,https://docs.dropbox.com/download/latest/installer.exe?ref=nav&q=test&id=57399,0
50,36,7,0,1,3,0,0,0,3,0,0,0.0,0.84,0,0,0,0,0,1,4.2089,3.8747,5,1,0,1,1,0,1,9,1,0.84,0,http://paypal-account-security-update.click/verify,1
54,34,13,0,1,3,0,0,0,4,0,0,0.0,0.8333,0,0,0,0,0,1,4.3638,4.1529,3,1,0,0,0,0,0,0,0,0.0,0,http://hdfc-netbanking-customer-care.work/secure/login,1
49,36,6,0,4,1,0,0,0,3,0,0,0.0,0.8163,0,0,0,3,1,0,4.1713,3.8921,3,1,1,1,1,1,1,8,0,0.67,0,http://appleid.apple.com.verify-identity.cf/login,1
38,9,22,0,1,1,0,0,0,5,0,1,0.0263,0.7632,0,0,0,0,0,0,4.0381,2.6416,0,0,0,0,0,0,0,0,0,0.0,0,http://twitch.tv/docs/v2/api-reference,0
51,17,27,0,2,1,0,0,0,7,0,0,0.0,0.7843,0,0,0,0,0,0,4.2179,3.7345,4,1,0,0,0,0,0,0,0,0.0,0,http://portal-service.ml//account/verify//login.php,1
45,7,30,0,2,0,0,0,0,5,0,0,0.0,0.8222,0,1,0,0,0,0,4.0199,2.8074,0,0,0,0,0,0,0,1,0,0.19,0,https://nih.gov/download/latest/installer.exe,0
40,15,17,0,2,2,0,0,0,3,0,0,0.0,0.8,0,1,0,1,0,0,4.2398,3.1899,1,0,0,0,0,0,0,0,0,0.0,0,https://www.mozilla.org/terms-of-service,0
56,19,30,0,3,0,0,0,0,5,0,0,0.0,0.8393,0,0,0,1,0,0,4.1285,3.7871,0,0,0,0,0,0,0,0,0,0.1,0,http://app.theguardian.com/download/latest/installer.exe,0
83,15,36,23,2,3,0,1,3,5,0,13,0.1566,0.6386,0,1,0,1,0,0,4.9559,3.3736,0,0,0,0,0,0,0,2,0,0.29,0,https://blog.github.com/questions/12345678/how-to-fix-error?ref=nav&q=test&id=80182,0
54,15,7,23,2,0,0,1,3,3,0,5,0.0926,0.6852,0,1,0,1,0,0,4.685,3.1899,1,0,0,1,1,0,0,0,0,0.27,0,https://www.mozilla.org/signin?ref=nav&q=test&id=87533,0
48,14,27,0,3,2,0,0,0,4,0,11,0.2292,0.5625,1,0,0,2,0,0,4.5897,2.6995,3,0,1,0,0,0,0,0,0,0.0,0,http://206.199.66.107/secure/update-banking-info,1
69,8,30,23,2,0,0,1,3,5,0,5,0.0725,0.7246,0,0,0,0,0,0,4.626,3.0,0,0,0,0,0,0,0,0,0,0.0,0,http://ebay.com/download/latest/installer.exe?ref=nav&q=test&id=96852,0
54,41,6,0,4,1,0,0,0,3,0,0,0.0,0.8333,0,0,0,3,1,0,4.2094,3.9828,3,1,1,1,1,1,1,6,0,0.89,2,http://appleid.apple.com.verify-identity.monster/login,1
56,13,36,0,2,3,0,0,0,5,0,8,0.1429,0.6607,0,0,0,1,0,0,4.7317,3.2389,0,0,0,0,0,0,0,0,0,0.0,0,http://mail.ebay.com/questions/12345678/how-to-fix-error,0
78,18,28,23,2,2,0,1,3,4,0,5,0.0641,0.7436,0,1,0,1,0,0,4.6279,3.6144,2,0,0,0,0,0,0,0,0,0.0,0,https://app.wellsfargo.com/help-center/contact-support?ref=nav&q=test&id=91844,0
49,17,25,0,2,0,0,0,0,5,0,0,0.0,0.8367,0,0,0,1,0,0,4.1713,3.5725,0,0,0,0,0,0,0,0,0,0.0,0,http://dev.pinterest.com/user/dashboard/analytics,0
48,34,7,0,1,3,0,0,0,3,0,0,0.0,0.8333,0,0,0,0,0,1,4.2645,3.9542,5,1,0,0,0,0,0,0,0,0.0,0,http://paypal-account-security-update.xyz/verify,1
30,17,6,0,1,3,0,0,0,3,0,0,0.0,0.7333,0,0,1,0,0,1,4.2566,3.4548,0,0,0,1,1,1,1,12,1,0.7,1,http://xn--gogle-qqa.com/drive,1
51,36,8,0,1,3,0,0,0,3,0,0,0.0,0.8431,0,0,0,0,0,1,4.1403,3.882,1,1,0,1,1,1,1,4,0,0.91,1,http://metamask-wallet-recovery-phrase.work/connect,1
67,12,25,22,1,2,0,1,3,4,0,4,0.0597,0.7313,0,0,0,0,0,0,4.6124,3.585,0,0,0,0,0,0,0,2,0,0.27,0,http://flipkart.com/about-us/leadership-team?ref=nav&q=test&id=6466,0
47,33,7,0,1,3,0,0,0,3,0,0,0.0,0.8298,0,0,0,0,0,1,4.1634,3.862,5,1,0,1,1,1,1,12,1,0.68,2,http://paypal-account-security-update.cf/verify,1
22,13,1,0,2,0,0,0,0,3,0,0,0.0,0.7273,0,1,0,1,0,0,3.7888,3.0851,0,0,0,0,0,0,0,4,0,0.29,0,https://blog.imdb.com/,0
37,22,7,0,2,0,0,0,0,3,0,0,0.0,0.8378,0,1,0,1,0,0,4.1477,3.6292,1,0,0,0,0,0,0,0,0,0.0,0,https://docs.bankofamerica.com/signin,0
72,13,28,23,2,2,0,1,3,4,0,5,0.0694,0.7222,0,0,0,1,0,0,4.524,2.8731,1,0,0,0,0,0,0,0,0,0.0,0,http://app.yahoo.com/help-center/contact-support?ref=nav&q=test&id=57559,0
65,16,17,23,2,2,0,1,3,3,0,5,0.0769,0.7077,0,1,0,1,0,0,4.737,3.5,1,0,0,0,0,0,0,4,0,0.32,0,https://mail.youtube.com/terms-of-service?ref=nav&q=test&id=80391,0
51,7,36,0,1,3,0,0,0,5,0,8,0.1569,0.6471,0,1,0,0,0,0,4.5157,2.8074,0,0,0,0,0,0,0,0,0,0.0,0,https://nih.gov/questions/12345678/how-to-fix-error,0
53,17,28,0,2,2,0,0,0,4,0,0,0.0,0.8302,0,1,0,1,0,0,4.2232,3.4548,1,0,0,0,0,0,0,0,0,0.21,0,https://dev.wikipedia.org/help-center/contact-support,0
30,17,6,0,1,3,0,0,0,3,0,0,0.0,0.7333,0,0,1,0,0,1,4.2566,3.4548,0,0,0,1,1,1,1,7,1,0.74,2,http://xn--gogle-qqa.com/drive,1
42,28,7,0,1,3,0,0,0,3,0,0,0.0,0.8095,0,0,0,0,0,1,4.112,3.8249,3,1,0,0,0,0,0,0,0,0.0,0,http://claim-free-crypto-airdrop.ga/wallet,1
48,15,7,18,2,0,0,1,1,3,0,0,0.0,0.8125,0,0,0,1,0,0,4.3321,3.1899,1,0,0,0,0,0,0,0,0,0.0,0,http://blog.amazon.com/search?q=machine+learning,0
78,10,36,23,1,3,0,1,3,5,0,13,0.1667,0.6282,0,1,0,0,0,0,4.8418,2.8464,0,0,0,0,0,0,0,1,0,0.06,0,https://medium.com/questions/12345678/how-to-fix-error?ref=nav&q=test&id=20322,0
54,17,6,23,2,0,0,1,3,3,0,5,0.0926,0.6852,0,0,0,1,0,0,4.6091,3.2195,1,0,0,0,0,0,0,0,0,0.0,0,http://www.wikipedia.org/login?ref=nav&q=test&id=51605,0
32,18,6,0,2,0,0,0,0,3,0,0,0.0,0.8125,0,1,0,1,0,0,4.007,3.4613,2,0,0,0,0,0,0,0,0,0.0,0,https://support.medium.com/login,0
71,17,23,23,2,1,0,1,3,4,0,5,0.0704,0.7324,0,0,0,1,0,0,4.7287,3.7345,0,0,0,0,0,0,0,1,0,0.28,0,http://blog.flipkart.com/explore/popular-topics?ref=nav&q=test&id=75670,0
24,16,0,0,2,0,0,0,0,2,0,0,0.0,0.7917,0,1,0,1,0,0,3.9702,3.4528,0,0,0,0,0,0,0,0,0,0.0,0,https://www.hdfcbank.com,0
62,13,17,23,2,2,0,1,3,3,0,5,0.0806,0.6935,0,1,0,1,0,0,4.6097,3.0851,1,0,0,0,0,0,0,0,0,0.0,0,https://app.arxiv.org/terms-of-service?ref=nav&q=test&id=25503,0
43,28,8,0,1,3,0,0,0,3,0,0,0.0,0.814,0,0,0,0,0,1,4.1207,3.7534,2,1,0,1,1,1,1,10,0,0.77,2,http://verify-your-identity-now.icu/confirm,1
30,13,10,0,4,0,0,0,0,3,0,10,0.3333,0.4,1,0,0,2,0,0,4.0314,2.9689,1,0,0,0,0,0,0,0,0,0.0,0,http://12.183.57.194/login.php,1
52,18,27,0,2,1,0,0,0,7,0,0,0.0,0.7885,0,0,0,0,0,0,4.1636,3.7255,4,1,0,0,0,0,0,0,0,0.0,0,http://portal-service.icu//account/verify//login.php,1
47,14,7,18,2,0,0,1,1,3,0,0,0.0,0.8085,0,0,0,1,0,0,4.3337,3.182,0,0,0,0,0,0,0,0,0,0.0,0,http://docs.twitch.tv/search?q=machine+learning,0
49,35,7,0,1,3,0,0,0,3,0,0,0.0,0.8367,0,0,0,0,0,1,4.3291,4.05,2,1,0,1,1,0,1,9,1,0.7,2,http://customer-support-helpdesk-agent.fun/verify,1
70,13,25,23,2,0,0,1,3,5,0,5,0.0714,0.7286,0,1,0,1,0,0,4.6612,3.027,1,0,0,0,0,0,0,0,0,0.0,0,https://www.chase.com/user/dashboard/analytics?ref=nav&q=test&id=45624,0
38,14,17,0,2,0,0,0,0,4,0,0,0.0,0.8158,0,0,0,1,0,0,4.0831,3.0931,0,0,0,0,0,0,0,0,0,0.0,0,http://mail.slack.com/profile/settings,0
43,28,8,0,1,3,0,0,0,3,0,0,0.0,0.814,0,0,0,0,0,1,4.2222,3.8249,2,1,0,0,0,0,0,0,0,0.0,0,http://verify-your-identity-now.xyz/confirm,1
46,13,26,0,2,1,0,0,0,6,0,0,0.0,0.7609,0,0,0,0,0,0,4.0338,3.0851,3,1,1,1,1,1,1,4,0,0.66,0,http://auth-check.tk/https://paypal.com/signin,1
39,26,6,0,1,2,0,0,0,3,0,0,0.0,0.8205,0,0,0,0,0,1,4.2117,3.921,4,1,0,1,1,1,1,10,1,0.78,1,http://account-security-update.gq/login,1
40,27,6,0,1,2,0,0,0,3,0,0,0.0,0.825,0,0,0,0,0,1,4.1751,3.8101,4,1,0,1,1,1,1,6,1,0.66,2,http://account-security-update.fun/login,1
49,35,7,0,1,3,0,0,0,3,0,0,0.0,0.8367,0,0,0,0,0,1,4.4262,4.1859,2,1,0,0,0,0,0,0,0,0.0,0,http://customer-support-helpdesk-agent.xyz/verify,1
25,10,7,0,1,0,0,0,0,3,0,0,0.0,0.8,0,1,0,0,0,0,3.8333,3.1219,1,0,0,1,1,0,0,4,0,0.1,0,https://reddit.com/signin,0
47,35,5,0,1,3,0,0,0,3,0,0,0.0,0.8298,0,0,0,0,0,1,4.4265,4.1859,4,1,0,1,1,1,1,10,0,0.66,2,http://secure-wellsfargo-banking-alert.xyz/auth,1
55,21,7,18,2,0,0,1,1,3,0,0,0.0,0.8364,0,1,0,1,0,0,4.3235,3.5352,0,0,0,0,0,0,0,2,0,0.07,0,https://app.bankofamerica.com/search?q=machine+learning,0
30,17,6,0,1,3,0,0,0,3,0,0,0.0,0.7333,0,0,1,0,0,1,4.0314,3.4548,1,0,0,0,0,0,0,0,0,0.0,0,http://xn--paypl-qqa.com/login,1
47,13,27,0,3,2,0,0,0,4,0,10,0.2128,0.5745,1,0,0,2,0,0,4.4691,2.2578,3,0,1,1,1,1,1,2,1,0.9,0,http://63.166.37.176/secure/update-banking-info,1
106,22,30,45,2,0,0,2,5,5,0,6,0.0566,0.7642,0,1,0,1,0,0,4.6739,3.7888,0,0,0,0,0,0,0,0,0,0.0,0,https://mail.stackoverflow.com/products/category/electronics?page=2&sort=price_asc?ref=nav&q=test&id=13376,0
30,17,6,0,1,3,0,0,0,3,0,0,0.0,0.7333,0,0,1,0,0,1,4.0314,3.4548,1,0,0,1,1,1,1,5,1,0.72,1,http://xn--paypl-qqa.com/login,1
49,31,11,0,1,3,0,0,0,4,0,3,0.0612,0.7551,0,0,0,0,0,1,4.449,4.1069,4,1,0,1,1,1,1,5,1,0.8,0,http://microsoft-365-password-reset.gq/auth/login,1
44,31,6,0,1,2,0,0,0,3,0,0,0.0,0.8409,0,0,0,0,0,1,4.1858,3.8489,4,1,0,0,0,0,0,0,0,0.0,0,http://account-security-update.monster/login,1
28,15,6,0,2,0,0,0,0,3,0,0,0.0,0.7857,0,0,0,1,0,0,4.0836,3.6402,1,0,0,1,1,0,0,0,0,0.26,0,http://dev.spotify.com/login,0
55,40,7,0,4,1,0,0,0,3,0,0,0.0,0.8364,0,1,0,3,1,0,4.2538,3.8776,3,1,1,1,1,0,0,7,1,0.85,0,https://appleid.apple.com.account-recovery.click/verify,1
77,18,28,23,2,2,0,1,3,4,0,5,0.0649,0.7403,0,0,0,1,0,0,4.6223,3.6835,1,0,0,0,0,0,0,0,0,0.0,0,http://dev.aliexpress.com/help-center/contact-support?ref=nav&q=test&id=17268,0
50,37,6,0,4,1,0,0,0,3,0,0,0.0,0.82,0,0,0,3,1,0,4.2542,3.9999,3,1,1,0,0,0,0,0,0,0.0,0,http://appleid.apple.com.verify-identity.xyz/login,1
53,38,7,0,4,1,0,0,0,3,0,0,0.0,0.8302,0,1,0,3,1,0,4.3364,3.9977,3,1,1,1,1,0,0,7,0,0.9,2,https://appleid.apple.com.account-recovery.xyz/verify,1
53,31,15,0,1,3,0,0,0,3,0,0,0.0,0.8491,0,0,0,0,0,1,4.3507,4.0668,2,1,0,0,0,0,0,0,0,0.0,0,http://instagram-copyright-appeal.work/verify-account,1
50,36,7,0,1,3,0,0,0,3,0,0,0.0,0.84,0,0,0,0,0,1,4.3591,4.0441,2,1,0,0,0,0,0,0,0,0.0,0,http://customer-support-helpdesk-agent.work/verify,1
53,39,7,0,1,3,0,0,0,3,0,0,0.0,0.8491,0,0,0,0,0,1,4.2697,3.9359,2,1,0,1,1,0,1,2,1,0.75,1,http://customer-support-helpdesk-agent.monster/verify,1
35,13,15,0,3,0,0,0,0,4,0,10,0.2857,0.4857,1,0,0,2,0,0,4.0576,2.3535,1,0,1,1,1,1,1,10,1,0.81,0,http://13.39.231.161/banking/online,1
46,14,1,22,2,0,0,1,3,3,0,4,0.087,0.6522,0,1,0,1,0,0,4.6154,2.8424,1,0,0,0,0,0,0,3,0,0.08,0,https://www.google.com/?ref=nav&q=test&id=2779,0
37,15,15,0,3,0,0,0,0,4,0,12,0.3243,0.4595,1,0,0,2,0,0,4.2497,2.8729,1,0,1,1,1,1,1,6,0,0.76,0,http://209.143.146.160/banking/online,1
48,18,23,0,2,1,0,0,0,4,0,0,0.0,0.8333,0,0,0,1,0,0,3.923,3.4613,0,0,0,0,0,0,0,0,0,0.0,0,http://app.aliexpress.com/explore/popular-topics,0
30,17,6,0,1,3,0,0,0,3,0,0,0.0,0.7333,0,0,1,0,0,1,4.0314,3.4548,1,0,0,1,1,0,1,4,1,0.88,2,http://xn--paypl-qqa.com/login,1
69,13,25,23,2,0,0,1,3,5,0,5,0.0725,0.7246,0,0,0,1,0,0,4.6757,3.027,1,0,0,0,0,0,0,0,0,0.0,0,http://www.chase.com/user/dashboard/analytics?ref=nav&q=test&id=20053,0
75,15,28,23,2,2,0,1,3,4,0,5,0.0667,0.7333,0,1,0,1,0,0,4.6536,3.3736,1,0,0,0,0,0,0,2,0,0.35,0,https://docs.kaggle.com/help-center/contact-support?ref=nav&q=test&id=37868,0
55,17,30,0,3,0,0,0,0,5,0,1,0.0182,0.8182,0,1,0,1,0,0,4.11,3.4548,0,0,0,0,0,0,0,0,0,0.0,0,https://dev.w3schools.com/download/latest/installer.exe,0
53,33,13,0,1,3,0,0,0,4,0,0,0.0,0.8302,0,0,0,0,0,1,4.4615,4.2862,3,1,0,1,1,1,1,7,0,0.66,0,http://hdfc-netbanking-customer-care.xyz/secure/login,1
63,19,9,27,2,2,0,1,1,5,0,0,0.0,0.7937,0,0,0,0,0,0,4.3473,3.4714,1,1,0,1,1,1,1,9,1,0.82,2,http://suspicious-site.xyz/redirect?url=http://victim-login.com,1
43,28,8,0,1,3,0,0,0,3,0,0,0.0,0.814,0,0,0,0,0,1,4.1116,3.6995,2,1,0,0,0,0,0,0,0,0.0,0,http://verify-your-identity-now.fun/confirm,1
29,12,10,0,4,0,0,0,0,3,0,9,0.3103,0.4138,1,0,0,2,0,0,3.9783,2.8554,1,0,0,0,0,0,0,0,0,0.0,0,http://27.128.93.74/login.php,1
42,27,8,0,1,3,0,0,0,3,0,0,0.0,0.8095,0,0,0,0,0,1,4.1509,3.7542,2,1,0,1,1,0,1,4,1,0.79,1,http://verify-your-identity-now.tk/confirm,1
52,38,7,0,1,3,0,0,0,3,0,0,0.0,0.8462,0,0,0,0,0,1,4.2381,3.9381,5,1,0,0,0,0,0,0,0,0.0,0,http://paypal-account-security-update.monster/verify,1
56,34,15,0,1,3,0,0,0,3,0,0,0.0,0.8571,0,0,0,0,0,1,4.2644,3.962,2,1,0,0,0,0,0,0,0,0.0,0,http://instagram-copyright-appeal.monster/verify-account,1
51,19,1,22,2,0,0,1,3,3,0,4,0.0784,0.6863,0,1,0,1,0,0,4.6013,3.3661,1,0,0,0,0,0,0,0,0,0.19,0,https://support.dropbox.com/?ref=nav&q=test&id=6342,0
48,17,23,0,2,1,0,0,0,4,0,0,0.0,0.8333,0,1,0,1,0,0,4.0637,3.2928,0,0,0,0,0,0,0,0,0,0.0,0,https://app.wikipedia.org/explore/popular-topics,0
51,29,15,0,1,3,0,0,0,3,0,0,0.0,0.8431,0,0,0,0,0,1,4.256,4.0044,2,1,0,1,1,1,1,4,1,0.94,0,http://instagram-copyright-appeal.cf/verify-account,1
52,39,6,0,4,1,0,0,0,3,0,0,0.0,0.8269,0,0,0,3,1,0,4.1883,3.9234,3,1,1,0,0,0,0,0,0,0.0,0,http://appleid.apple.com.verify-identity.click/login,1
30,16,6,0,2,0,0,0,0,3,0,0,0.0,0.8,0,1,0,1,0,0,4.0062,3.5,2,0,0,1,1,0,0,2,0,0.13,0,https://mail.netflix.com/login,0
50,37,6,0,2,2,0,0,0,3,0,0,0.0,0.84,0,0,0,1,0,1,4.268,3.8846,4,1,1,0,0,0,0,0,0,0.0,0,http://wellsfargo.banking-access-service.sbs/login,1
48,34,7,0,1,3,0,0,0,3,0,0,0.0,0.8333,0,0,0,0,0,1,4.33,3.9987,2,1,0,0,0,0,0,0,0,0.0,0,http://customer-support-helpdesk-agent.ml/verify,1
50,33,10,0,1,3,0,0,0,4,0,0,0.0,0.82,0,0,0,0,0,1,3.9729,3.7377,2,1,0,1,1,1,1,6,1,0.92,1,http://amazon-unusual-activity-signin.ga/ap/signin,1
34,12,15,0,3,0,0,0,0,4,0,9,0.2647,0.5,1,0,0,2,0,0,4.1019,2.4591,1,0,1,1,1,1,1,7,0,0.73,0,http://41.53.145.10/banking/online,1
50,21,7,14,3,1,0,1,1,3,0,0,0.0,0.78,0,0,0,2,0,0,4.6182,3.6897,4,1,1,1,1,0,1,3,0,0.88,0,http://login.paypal.com.buzz/webscr?cmd=_login-run,1
42,14,6,13,2,0,0,1,1,3,0,2,0.0476,0.7619,0,1,0,1,0,0,4.4633,3.0931,0,0,0,0,0,0,0,0,0,0.0,0,https://mail.slack.com/watch?v=dQw4w9WgXcQ,0
65,17,40,0,2,1,0,0,0,6,0,6,0.0923,0.7538,0,1,0,1,0,0,4.4796,3.4548,0,0,0,0,0,0,0,3,0,0.27,0,https://www.pinterest.com/article/2026/08/technology-breakthrough,0
44,28,9,0,1,2,0,0,0,3,0,0,0.0,0.8409,0,0,0,0,0,1,4.1724,3.8249,2,1,0,0,0,0,0,0,0,0.0,0,http://binance-kyc-verification.sbs/security,1
83,15,36,23,2,3,0,1,3,5,0,13,0.1566,0.6386,0,1,0,1,0,0,4.9279,3.3736,0,0,0,0,0,0,0,3,0,0.22,0,https://mail.docker.com/questions/12345678/how-to-fix-error?ref=nav&q=test&id=97212,0
49,36,6,0,4,1,0,0,0,3,0,0,0.0,0.8163,0,0,0,3,1,0,4.1792,3.9267,3,1,1,0,0,0,0,0,0,0.0,0,http://appleid.apple.com.verify-identity.tk/login,1
53,33,13,0,1,3,0,0,0,4,0,0,0.0,0.8302,0,0,0,0,0,1,4.3037,4.1421,3,1,0,1,1,1,1,10,1,0.95,1,http://hdfc-netbanking-customer-care.top/secure/login,1
48,30,11,0,1,3,0,0,0,3,0,0,0.0,0.8333,0,0,0,0,0,1,4.1756,3.8566,3,1,0,1,1,1,1,9,1,0.73,0,http://unauthorized-login-detected.ga/secure-now,1
74,16,7,42,2,0,0,2,4,3,0,5,0.0676,0.7297,0,1,0,1,0,0,4.7528,3.3278,0,0,0,0,0,0,0,0,0,0.05,0,https://dev.facebook.com/search?q=machine+learning?ref=nav&q=test&id=74619,0
48,30,11,0,1,3,0,0,0,3,0,0,0.0,0.8333,0,0,0,0,0,1,4.1777,3.8817,3,1,0,1,1,0,1,7,0,0.92,2,http://unauthorized-login-detected.tk/secure-now,1
69,15,22,23,2,1,0,1,3,5,0,6,0.087,0.6957,0,1,0,1,0,0,4.5777,3.0062,0,0,0,0,0,0,0,0,0,0.0,0,https://docs.docker.com/docs/v2/api-reference?ref=nav&q=test&id=13577,0
49,16,26,0,2,1,0,0,0,6,0,0,0.0,0.7755,0,0,0,0,0,0,4.0588,3.25,3,1,1,1,1,1,1,6,0,0.94,0,http://auth-check.click/https://paypal.com/signin,1
75,14,30,23,3,0,0,1,3,5,0,5,0.0667,0.7333,0,0,0,1,0,0,4.6316,3.6645,0,0,0,0,0,0,0,4,0,0.06,0,http://dev.github.com/download/latest/installer.exe?ref=nav&q=test&id=28332,0
40,27,6,0,1,2,0,0,0,3,0,0,0.0,0.825,0,0,0,0,0,1,4.0898,3.736,4,1,0,0,0,0,0,0,0,0.0,0,http://account-security-update.top/login,1
54,32,15,0,1,3,0,0,0,3,0,0,0.0,0.8519,0,0,0,0,0,1,4.2902,3.9917,2,1,0,1,1,1,1,6,0,0.92,1,http://instagram-copyright-appeal.click/verify-account,1
45,15,23,0,2,1,0,0,0,4,0,0,0.0,0.8222,0,0,0,1,0,0,4.0389,3.0062,0,0,0,0,0,0,0,0,0,0.07,0,http://docs.docker.com/explore/popular-topics,0
63,15,40,0,2,1,0,0,0,6,0,6,0.0952,0.746,0,1,0,1,0,0,4.509,3.3232,0,0,0,0,0,0,0,3,0,0.08,0,https://blog.medium.com/article/2026/08/technology-breakthrough,0
44,30,7,0,1,3,0,0,0,3,0,0,0.0,0.8182,0,0,0,0,0,1,4.1209,3.8696,3,1,0,0,0,0,0,0,0,0.0,0,http://claim-free-crypto-airdrop.work/wallet,1
49,20,7,14,3,1,0,1,1,3,0,0,0.0,0.7755,0,0,0,2,0,0,4.5527,3.5842,4,1,1,0,0,0,0,0,0,0.0,0,http://login.paypal.com.sbs/webscr?cmd=_login-run,1
51,13,30,0,3,0,0,0,0,5,0,0,0.0,0.8235,0,1,0,1,0,0,4.1383,3.2389,0,0,0,0,0,0,0,4,0,0.12,0,https://docs.bing.com/download/latest/installer.exe,0
69,15,22,23,2,1,0,1,3,5,0,6,0.087,0.6957,0,1,0,1,0,0,4.639,3.5069,0,0,0,0,0,0,0,1,0,0.09,0,https://blog.reddit.com/docs/v2/api-reference?ref=nav&q=test&id=81011,0
33,19,7,0,1,1,0,0,0,3,0,1,0.0303,0.7879,0,0,0,0,0,0,4.165,3.8269,2,0,0,0,0,0,0,0,0,0.0,0,http://paypa1-security.com/webscr,1
43,29,7,0,1,2,0,0,0,3,0,0,0.0,0.8372,0,0,0,0,0,1,4.023,3.7545,0,1,0,0,0,0,0,0,0,0.0,0,http://immediate-action-required.fun/notice,1
68,12,25,23,2,2,0,1,3,4,0,5,0.0735,0.7059,0,0,0,1,0,0,4.6977,3.085,0,0,0,0,0,0,0,0,0,0.0,0,http://app.imdb.com/about-us/leadership-team?ref=nav&q=test&id=38471,0
32,11,14,0,3,0,0,0,0,4,0,8,0.25,0.5,1,0,0,2,0,0,4.0542,2.4131,2,0,1,0,0,0,0,0,0,0.0,0,http://82.28.71.58/netflix/login,1
70,13,25,23,2,2,0,1,3,4,0,5,0.0714,0.7143,0,1,0,1,0,0,4.6935,3.2389,0,0,0,0,0,0,0,0,0,0.0,0,https://docs.ebay.com/about-us/leadership-team?ref=nav&q=test&id=19531,0
49,15,7,18,2,0,0,1,1,3,0,0,0.0,0.8163,0,1,0,1,0,0,4.4202,3.5069,0,0,0,0,0,0,0,0,0,0.29,0,https://dev.mozilla.org/search?q=machine+learning,0
88,16,40,23,2,1,0,1,3,6,0,11,0.125,0.6932,0,1,0,1,0,0,4.9089,3.1556,0,0,0,0,0,0,0,4,0,0.07,0,https://www.facebook.com/article/2026/08/technology-breakthrough?ref=nav&q=test&id=32196,0
53,20,25,0,2,0,0,0,0,5,0,0,0.0,0.8491,0,1,0,1,0,0,4.2232,3.8219,1,0,0,0,0,0,0,2,0,0.14,0,https://support.linkedin.com/user/dashboard/analytics,0
52,32,13,0,1,3,0,0,0,4,0,0,0.0,0.8269,0,0,0,0,0,1,4.3037,4.0695,3,1,0,1,1,1,1,12,1,0.68,2,http://hdfc-netbanking-customer-care.ga/secure/login,1
102,18,30,45,2,0,0,2,5,5,0,6,0.0588,0.7549,0,1,0,1,0,0,4.6055,3.4613,1,0,0,0,0,0,0,0,0,0.18,0,https://support.docker.com/products/category/electronics?page=2&sort=price_asc?ref=nav&q=test&id=91638,0
33,19,7,0,1,1,0,0,0,3,0,1,0.0303,0.7879,0,0,0,0,0,0,4.165,3.8269,2,0,0,1,1,1,1,10,1,0.79,2,http://paypa1-security.com/webscr,1
50,37,6,0,2,2,0,0,0,3,0,0,0.0,0.84,0,0,0,1,0,1,4.3284,3.9662,4,1,1,1,1,1,1,5,0,0.65,2,http://wellsfargo.banking-access-service.cam/login,1
53,32,14,0,2,2,0,0,0,4,0,0,0.0,0.8302,0,0,0,1,0,1,4.2771,3.9886,5,1,0,0,0,0,0,0,0,0.0,0,http://secure.netflix-payment-update.ml/account/login,1
70,16,22,23,2,1,0,1,3,5,0,6,0.0857,0.7,0,1,0,1,0,0,4.5612,3.375,0,0,0,0,0,0,0,0,0,0.0,0,https://docs.nytimes.com/docs/v2/api-reference?ref=nav&q=test&id=54202,0
46,13,26,0,2,1,0,0,0,6,0,0,0.0,0.7609,0,0,0,0,0,0,4.0338,3.0851,3,1,1,0,0,0,0,0,0,0.0,0,http://auth-check.tk/https://paypal.com/signin,1
50,37,6,0,2,2,0,0,0,3,0,0,0.0,0.84,0,0,0,1,0,1,4.3284,3.9795,4,1,1,1,1,1,1,12,1,0.67,1,http://wellsfargo.banking-access-service.icu/login,1
49,31,11,0,1,3,0,0,0,3,0,0,0.0,0.8367,0,0,0,0,0,1,4.1371,3.8245,3,1,0,1,1,1,1,12,0,0.82,0,http://unauthorized-login-detected.icu/secure-now,1
20,13,0,0,2,0,0,0,0,2,0,0,0.0,0.75,0,0,0,1,0,0,3.6219,2.9312,0,0,0,0,0,0,0,0,0,0.0,0,http://docs.imdb.com,0
50,35,8,0,1,3,0,0,0,3,0,0,0.0,0.84,0,0,0,0,0,1,4.226,4.0687,1,1,0,0,0,0,0,0,0,0.0,0,http://metamask-wallet-recovery-phrase.fun/connect,1
45,11,7,18,2,0,0,1,1,3,0,0,0.0,0.8,0,1,0,1,0,0,4.2583,3.0958,0,0,0,0,0,0,0,0,0,0.0,0,https://api.nih.gov/search?q=machine+learning,0
69,10,28,23,1,2,0,1,3,4,0,5,0.0725,0.7246,0,0,0,0,0,0,4.518,3.1219,1,0,0,0,0,0,0,2,0,0.27,0,http://target.com/help-center/contact-support?ref=nav&q=test&id=44913,0
50,36,7,0,1,3,0,0,0,3,0,0,0.0,0.84,0,0,0,0,0,1,4.184,3.729,3,1,0,1,1,1,1,3,0,0.83,0,http://coinbase-account-suspended-notice.cf/verify,1
25,11,6,0,2,0,0,0,0,3,0,0,0.0,0.76,0,1,0,1,0,0,3.7835,2.914,1,0,0,1,1,0,0,0,0,0.1,0,https://api.cnn.com/login,0
49,10,7,23,1,0,0,1,3,3,0,5,0.102,0.6735,0,1,0,0,0,0,4.6631,3.3219,1,0,0,0,0,0,0,0,0,0.0,0,https://gitlab.com/signin?ref=nav&q=test&id=63175,0
61,13,40,0,2,1,0,0,0,6,0,6,0.0984,0.7377,0,1,0,1,0,0,4.5003,3.0851,0,0,0,0,0,0,0,0,0,0.0,0,https://blog.imdb.com/article/2026/08/technology-breakthrough,0
57,19,30,0,3,0,0,0,0,5,0,0,0.0,0.8421,0,1,0,1,0,0,4.2087,3.5766,0,0,0,0,0,0,0,4,0,0.26,0,https://mail.huggingface.co/download/latest/installer.exe,0
30,22,1,0,2,0,0,0,0,3,0,0,0.0,0.8,0,0,0,1,0,0,4.1232,3.8231,0,0,0,0,0,0,0,4,0,0.07,0,http://blog.stackoverflow.com/,0
60,17,36,0,2,3,0,0,0,5,0,8,0.1333,0.6833,0,0,0,1,0,0,4.6362,3.4992,1,0,0,0,0,0,0,1,0,0.28,0,http://support.slack.com/questions/12345678/how-to-fix-error,0
40,26,7,0,1,2,0,0,0,3,0,1,0.025,0.8,0,0,0,0,0,1,4.2842,4.1329,3,0,0,0,0,0,0,0,0,0.0,0,http://netfl1x-billing-update.com/signin,1
75,13,30,23,3,0,0,1,3,5,0,5,0.0667,0.7333,0,1,0,1,0,0,4.5969,3.2389,0,0,0,0,0,0,0,0,0,0.0,0,https://docs.ebay.com/download/latest/installer.exe?ref=nav&q=test&id=60701,0
44,12,25,0,4,0,0,0,0,5,0,9,0.2045,0.5682,1,0,0,2,0,0,4.3542,2.8554,2,0,1,0,0,0,0,0,0,0.0,0,http://61.81.227.40/signin/paypal/index.html,1
39,25,7,0,1,2,0,0,0,3,0,0,0.0,0.8205,0,0,0,0,0,1,4.2781,4.0537,4,1,0,0,0,0,0,0,0,0.0,0,http://paypal-account-verify.sbs/signin,1
49,35,7,0,1,3,0,0,0,3,0,0,0.0,0.8367,0,0,0,0,0,1,4.3271,3.99,2,1,0,0,0,0,0,0,0,0.0,0,http://customer-support-helpdesk-agent.sbs/verify,1
52,14,30,0,3,0,0,0,0,5,0,0,0.0,0.8269,0,1,0,1,0,0,4.0236,3.0391,0,0,0,0,0,0,0,0,0,0.0,0,https://docs.adobe.com/download/latest/installer.exe,0
54,18,28,0,2,2,0,0,0,4,0,0,0.0,0.8333,0,1,0,1,0,0,3.967,3.4613,2,0,0,0,0,0,0,0,0,0.0,0,https://support.amazon.com/help-center/contact-support,0
85,17,36,23,2,3,0,1,3,5,0,13,0.1529,0.6471,0,1,0,1,0,0,4.8059,3.4548,1,0,0,0,0,0,0,0,0,0.0,0,https://support.arxiv.org/questions/12345678/how-to-fix-error?ref=nav&q=test&id=14053,0
45,13,0,23,2,0,0,1,3,2,0,5,0.1111,0.6444,0,1,0,1,0,0,4.6139,3.3927,0,0,0,0,0,0,0,0,0,0.07,0,https://dev.quora.com?ref=nav&q=test&id=61018,0
47,14,25,0,2,0,0,0,0,5,0,0,0.0,0.8298,0,1,0,1,0,0,4.2199,3.2359,0,0,0,0,0,0,0,4,0,0.21,0,https://blog.arxiv.org/user/dashboard/analytics,0
18,11,0,0,2,0,0,0,0,2,0,0,0.0,0.7222,0,0,0,1,0,0,3.4613,2.8454,0,0,0,0,0,0,0,1,0,0.16,0,http://www.nih.gov,0
60,11,17,23,1,2,0,1,3,3,0,5,0.0833,0.7,0,1,0,0,0,0,4.5603,3.4594,2,0,0,0,0,0,0,0,0,0.0,0,https://netflix.com/terms-of-service?ref=nav&q=test&id=11339,0
39,26,6,0,1,2,0,0,0,3,0,0,0.0,0.8205,0,0,0,0,0,1,4.1411,3.8151,4,1,0,0,0,0,0,0,0,0.0,0,http://account-security-update.ga/login,1
103,19,30,45,2,0,0,2,5,5,0,6,0.0583,0.7573,0,1,0,1,0,0,4.6472,3.7216,0,0,0,0,0,0,0,0,0,0.0,0,https://blog.aliexpress.com/products/category/electronics?page=2&sort=price_asc?ref=nav&q=test&id=67432,0
57,13,36,0,2,3,0,0,0,5,0,8,0.1404,0.6667,0,1,0,1,0,0,4.6375,3.027,0,0,0,0,0,0,0,0,0,0.0,0,https://www.adobe.com/questions/12345678/how-to-fix-error,0
69,13,25,22,2,0,0,1,3,5,0,4,0.058,0.7391,0,1,0,1,0,0,4.6771,3.027,0,0,0,0,0,0,0,3,0,0.15,0,https://www.slack.com/user/dashboard/analytics?ref=nav&q=test&id=4696,0
42,28,7,0,1,2,0,0,0,3,0,0,0.0,0.8333,0,0,0,0,0,1,3.976,3.709,0,1,0,1,1,0,1,11,1,0.74,1,http://immediate-action-required.tk/notice,1
30,17,6,0,1,3,0,0,0,3,0,0,0.0,0.7333,0,0,1,0,0,1,4.2566,3.4548,0,0,0,1,1,1,1,10,1,0.84,0,http://xn--gogle-qqa.com/drive,1
51,29,15,0,1,3,0,0,0,3,0,0,0.0,0.8431,0,0,0,0,0,1,4.2283,3.8539,2,1,0,0,0,0,0,0,0,0.0,0,http://instagram-copyright-appeal.ga/verify-account,1
38,13,18,0,4,0,0,0,0,4,0,10,0.2632,0.5,1,0,0,2,0,0,3.9225,2.3535,2,0,1,0,0,0,0,0,0,0.0,0,http://23.119.20.211/paypal/signin.php,1
70,14,18,30,3,0,0,1,1,4,0,15,0.2143,0.6429,1,0,0,2,0,0,4.7221,2.8424,3,0,0,0,0,0,0,0,0,0.0,0,http://148.176.175.99/auth/verification?token=iuownznlfldq4uao79zvzn1h,1
42,28,7,0,1,2,0,0,0,3,0,0,0.0,0.8333,0,0,0,0,0,1,4.0033,3.709,0,1,0,0,0,0,0,0,0,0.0,0,http://immediate-action-required.ga/notice,1
87,18,38,23,2,1,0,1,3,6,0,5,0.0575,0.7586,0,0,0,1,0,0,4.4734,3.5033,0,0,0,0,0,0,0,0,0,0.0,0,http://api.aliexpress.com/repos/organization/repo-name/releases?ref=nav&q=test&id=99396,0
46,34,5,0,1,3,0,0,0,3,0,0,0.0,0.8261,0,0,0,0,0,1,4.284,3.9987,4,1,0,0,0,0,0,0,0,0.0,0,http://secure-wellsfargo-banking-alert.cf/auth,1
50,37,6,0,4,1,0,0,0,3,0,0,0.0,0.82,0,0,0,3,1,0,4.2542,3.9999,3,1,1,1,1,0,1,2,0,0.82,1,http://appleid.apple.com.verify-identity.xyz/login,1
49,16,26,0,2,1,0,0,0,6,0,0,0.0,0.7755,0,0,0,0,0,0,4.0588,3.25,3,1,1,0,0,0,0,0,0,0.0,0,http://auth-check.click/https://paypal.com/signin,1
47,34,6,0,1,3,0,0,0,3,0,0,0.0,0.8298,0,0,0,0,0,1,4.1334,3.8559,2,1,0,1,1,1,1,12,1,0.71,2,http://icici-rewards-points-redemption.ga/claim,1
31,17,7,0,2,0,0,0,0,3,0,0,0.0,0.8065,0,0,0,1,0,0,4.0911,3.2639,1,0,0,0,0,0,0,0,0,0.0,0,http://blog.facebook.com/signin,0
45,31,7,0,1,3,0,0,0,3,0,0,0.0,0.8222,0,0,0,0,0,1,4.1023,3.8087,3,1,0,1,1,1,1,3,0,0.7,2,http://claim-free-crypto-airdrop.click/wallet,1
43,11,25,0,4,0,0,0,0,5,0,8,0.186,0.5814,1,0,0,2,0,0,4.2313,2.4131,2,0,1,0,0,0,0,0,0,0.0,0,http://73.91.38.99/signin/paypal/index.html,1
60,11,17,23,2,0,0,1,3,4,0,5,0.0833,0.7,0,1,0,1,0,0,4.6773,2.4817,0,0,0,0,0,0,0,0,0,0.0,0,https://www.bbc.com/profile/settings?ref=nav&q=test&id=60038,0
43,31,5,0,1,3,0,0,0,3,0,0,0.0,0.814,0,0,0,0,0,1,4.2137,4.0424,3,1,0,0,0,0,0,0,0,0.0,0,http://banking-portal-secure-entry.fun/auth,1
49,31,11,0,1,3,0,0,0,4,0,3,0.0612,0.7551,0,0,0,0,0,1,4.4082,4.0424,4,1,0,1,1,1,1,2,1,0.91,2,http://microsoft-365-password-reset.ml/auth/login,1
100,16,30,45,2,0,0,2,5,5,0,6,0.06,0.75,0,1,0,1,0,0,4.6075,3.625,1,0,0,0,0,0,0,2,0,0.22,0,https://support.bing.com/products/category/electronics?page=2&sort=price_asc?ref=nav&q=test&id=21186,0
37,13,17,0,2,2,0,0,0,3,0,0,0.0,0.7838,0,0,0,1,0,0,4.1549,3.027,1,0,0,0,0,0,0,0,0,0.0,0,http://www.arxiv.org/terms-of-service,0
44,29,8,0,1,3,0,0,0,3,0,0,0.0,0.8182,0,0,0,0,0,1,4.2656,3.8833,2,1,0,1,1,1,1,3,1,0.8,2,http://verify-your-identity-now.buzz/confirm,1
70,21,17,23,2,2,0,1,3,3,0,5,0.0714,0.7286,0,1,0,1,0,0,4.5895,3.0823,1,0,0,0,0,0,0,1,0,0.27,0,https://www.geeksforgeeks.org/terms-of-service?ref=nav&q=test&id=28017,0
43,18,17,0,2,2,0,0,0,3,0,0,0.0,0.814,0,1,0,1,0,0,4.0918,3.6144,2,0,0,0,0,0,0,0,0,0.0,0,https://support.github.com/terms-of-service,0
45,12,25,0,2,2,0,0,0,4,0,0,0.0,0.8,0,1,0,1,0,0,4.1803,3.085,0,0,0,0,0,0,0,0,0,0.09,0,https://dev.imdb.com/about-us/leadership-team,0
31,23,0,0,2,0,0,0,0,2,0,0,0.0,0.8387,0,1,0,1,0,0,4.0266,3.9149,1,0,0,0,0,0,0,0,0,0.0,0,https://support.theguardian.com,0
20,12,0,0,2,0,0,0,0,2,0,0,0.0,0.75,0,1,0,1,0,0,3.4842,2.6887,0,0,0,0,0,0,0,0,0,0.0,0,https://docs.cnn.com,0
53,32,14,0,2,2,0,0,0,4,0,0,0.0,0.8302,0,0,0,1,0,1,4.3291,4.1136,5,1,0,0,0,0,0,0,0,0.0,0,http://secure.netflix-payment-update.gq/account/login,1
41,9,25,0,1,2,0,0,0,4,0,0,0.0,0.8049,0,0,0,0,0,0,4.1988,2.9477,0,0,0,0,0,0,0,2,0,0.05,0,http://arxiv.org/about-us/leadership-team,0
75,17,7,42,2,0,0,2,4,3,0,6,0.08,0.72,0,1,0,1,0,0,4.7336,3.4548,0,0,0,0,0,0,0,0,0,0.13,0,https://dev.w3schools.com/search?q=machine+learning?ref=nav&q=test&id=22019,0
44,31,6,0,1,2,0,0,0,3,0,0,0.0,0.8409,0,0,0,0,0,1,4.1858,3.8489,4,1,0,1,1,1,1,3,0,0.88,1,http://account-security-update.monster/login,1
52,19,1,23,2,0,0,1,3,3,0,5,0.0962,0.6731,0,1,0,1,0,0,4.496,3.2866,0,0,0,0,0,0,0,3,0,0.16,0,https://docs.salesforce.com/?ref=nav&q=test&id=64141,0
34,20,7,0,1,3,0,0,0,3,0,1,0.0294,0.7353,0,0,1,0,0,1,4.1163,3.6464,1,0,0,1,1,0,1,6,0,0.78,1,http://xn--mcrosoft-p1a.com/update,1
49,34,8,0,1,3,0,0,0,3,0,0,0.0,0.8367,0,0,0,0,0,1,4.1037,3.8559,1,1,0,1,1,1,1,6,1,0.91,1,http://metamask-wallet-recovery-phrase.tk/connect,1
52,19,1,23,2,0,0,1,3,3,0,5,0.0962,0.6731,0,1,0,1,0,0,4.7048,3.4714,0,0,0,0,0,0,0,0,0,0.0,0,https://mail.cloudflare.com/?ref=nav&q=test&id=54267,0
33,12,14,0,3,0,0,0,0,4,0,9,0.2727,0.4848,1,0,0,2,0,0,4.0667,2.4591,2,0,1,0,0,0,0,0,0,0.0,0,http://195.45.143.5/netflix/login,1
72,18,23,23,2,1,0,1,3,4,0,5,0.0694,0.7361,0,0,0,1,0,0,4.6187,3.6144,0,0,0,0,0,0,0,0,0,0.1,0,http://mail.pinterest.com/explore/popular-topics?ref=nav&q=test&id=71085,0
41,16,17,0,2,0,0,0,0,4,0,0,0.0,0.8293,0,1,0,1,0,0,4.1227,3.5778,0,0,0,0,0,0,0,0,0,0.18,0,https://www.flipkart.com/profile/settings,0
54,21,25,0,2,2,0,0,0,4,0,1,0.0185,0.8148,0,1,0,1,0,0,4.167,3.4992,1,0,0,0,0,0,0,0,0,0.0,0,https://support.w3schools.com/about-us/leadership-team,0
103,19,30,45,2,0,0,2,5,5,0,6,0.0583,0.7573,0,1,0,1,0,0,4.6195,3.5111,0,0,0,0,0,0,0,1,0,0.3,0,https://mail.aliexpress.com/products/category/electronics?page=2&sort=price_asc?ref=nav&q=test&id=52493,0
50,37,6,0,4,1,0,0,0,3,0,0,0.0,0.82,0,0,0,3,1,0,4.2542,3.9999,3,1,1,1,1,1,1,9,0,0.78,1,http://appleid.apple.com.verify-identity.xyz/login,1
36,14,15,0,3,0,0,0,0,4,0,11,0.3056,0.4722,1,0,0,2,0,0,4.107,2.5027,1,0,1,0,0,0,0,0,0,0.0,0,http://169.69.121.232/banking/online,1
68,14,22,23,3,1,0,1,3,5,0,6,0.0882,0.6765,0,1,0,2,0,0,4.569,2.8963,0,0,1,0,0,0,0,0,0,0.0,0,https://docs.sbi.co.in/docs/v2/api-reference?ref=nav&q=test&id=85475,0
50,35,8,0,1,3,0,0,0,3,0,0,0.0,0.84,0,0,0,0,0,1,4.226,4.0687,1,1,0,0,0,0,0,0,0,0.0,0,http://metamask-wallet-recovery-phrase.fun/connect,1
46,26,13,0,1,3,0,0,0,4,0,0,0.0,0.8043,0,0,0,0,0,1,4.1107,3.5843,2,1,0,1,1,1,1,6,1,0.91,2,http://sbi-online-banking-kyc.sbs/retail/login,1
40,26,7,0,1,2,0,0,0,3,0,0,0.0,0.825,0,0,0,0,0,1,4.3587,4.056,4,1,0,1,1,0,1,10,1,0.84,2,http://paypal-account-verify.work/signin,1
75,15,28,23,2,2,0,1,3,4,0,5,0.0667,0.7333,0,1,0,1,0,0,4.6335,3.0566,2,0,0,0,0,0,0,0,0,0.0,0,https://mail.google.com/help-center/contact-support?ref=nav&q=test&id=10558,0
45,21,17,0,2,0,0,0,0,4,0,0,0.0,0.8444,0,0,0,1,0,0,4.2393,3.7849,0,0,0,0,0,0,0,2,0,0.19,0,http://dev.stackoverflow.com/profile/settings,0
30,17,6,0,1,3,0,0,0,3,0,0,0.0,0.7333,0,0,1,0,0,1,4.0314,3.4548,1,0,0,1,1,1,1,6,1,0.71,1,http://xn--paypl-qqa.com/login,1
50,32,11,0,1,3,0,0,0,4,0,3,0.06,0.76,0,0,0,0,0,1,4.4064,4.0542,4,1,0,1,1,1,1,12,1,0.94,1,http://microsoft-365-password-reset.icu/auth/login,1
69,13,18,30,3,0,0,1,1,4,0,14,0.2029,0.6522,1,0,0,2,0,0,4.8255,2.5654,3,0,0,0,0,0,0,0,0,0.0,0,http://75.194.21.121/auth/verification?token=pimwzwtlux2x3cl55qmfxxes,1
100,17,30,45,2,0,0,2,5,5,0,6,0.06,0.75,0,0,0,1,0,0,4.5476,3.4992,0,0,0,0,0,0,0,3,0,0.16,0,http://api.pinterest.com/products/category/electronics?page=2&sort=price_asc?ref=nav&q=test&id=74571,0
26,11,7,0,2,0,0,0,0,3,0,0,0.0,0.7692,0,1,0,1,0,0,3.5843,2.8454,1,0,0,0,0,0,0,0,0,0.0,0,https://www.nih.gov/signin,0
54,33,14,0,2,2,0,0,0,4,0,0,0.0,0.8333,0,0,0,1,0,1,4.2312,4.003,5,1,0,0,0,0,0,0,0,0.0,0,http://secure.netflix-payment-update.top/account/login,1
53,24,22,0,1,3,0,0,0,4,0,0,0.0,0.8302,0,0,0,0,0,1,4.1473,3.7721,4,1,0,0,0,0,0,0,0,0.0,0,http://chase-security-alert.top/auth/confirm-identity,1
52,23,22,0,1,3,0,0,0,4,0,0,0.0,0.8269,0,0,0,0,0,1,4.2499,3.7951,4,1,0,1,1,1,1,6,1,0.71,0,http://chase-security-alert.gq/auth/confirm-identity,1
45,13,25,0,4,0,0,0,0,5,0,10,0.2222,0.5556,1,0,0,2,0,0,4.35,2.8151,2,0,1,0,0,0,0,0,0,0.0,0,http://70.52.116.180/signin/paypal/index.html,1
40,12,6,13,2,0,0,1,1,3,0,2,0.05,0.75,0,1,0,1,0,0,4.4087,2.8554,0,0,0,0,0,0,0,0,0,0.0,0,https://docs.zoom.us/watch?v=dQw4w9WgXcQ,0
80,20,30,21,2,0,0,1,2,5,0,1,0.0125,0.825,0,1,0,1,0,0,4.3307,3.6219,1,0,0,0,0,0,0,2,0,0.23,0,https://support.facebook.com/products/category/electronics?page=2&sort=price_asc,0
66,14,6,37,1,0,0,2,4,3,0,7,0.1061,0.697,0,1,0,0,0,0,4.9325,3.3788,0,0,0,0,0,0,0,1,0,0.11,0,https://cloudflare.com/watch?v=dQw4w9WgXcQ?ref=nav&q=test&id=25218,0
61,14,40,0,2,1,0,0,0,6,0,6,0.0984,0.7377,0,0,0,1,0,0,4.4794,3.182,0,0,0,0,0,0,0,2,0,0.19,0,http://www.reddit.com/article/2026/08/technology-breakthrough,0
77,15,30,23,3,0,0,1,3,5,0,5,0.0649,0.7403,0,1,0,1,0,0,4.6061,3.3736,0,0,0,0,0,0,0,4,0,0.22,0,https://dev.youtube.com/download/latest/installer.exe?ref=nav&q=test&id=47784,0
67,13,23,23,2,1,0,1,3,4,0,5,0.0746,0.7164,0,0,0,1,0,0,4.6839,3.1808,0,0,0,0,0,0,0,4,0,0.3,0,http://dev.yahoo.com/explore/popular-topics?ref=nav&q=test&id=95249,0
47,14,25,0,3,2,0,0,0,4,0,0,0.0,0.7872,0,1,0,2,0,0,4.2242,3.0391,0,0,1,0,0,0,0,0,0,0.17,0,https://blog.sbi.co.in/about-us/leadership-team,0
45,15,22,0,2,1,0,0,0,5,0,1,0.0222,0.7778,0,1,0,1,0,0,4.1255,3.3736,0,0,0,0,0,0,0,0,0,0.18,0,https://docs.target.com/docs/v2/api-reference,0
33,12,14,0,3,0,0,0,0,4,0,9,0.2727,0.4848,1,0,0,2,0,0,4.0667,2.4591,2,0,1,1,1,0,1,11,1,0.77,2,http://48.18.41.125/netflix/login,1
47,34,6,0,1,3,0,0,0,3,0,0,0.0,0.8298,0,0,0,0,0,1,4.1153,3.8337,2,1,0,0,0,0,0,0,0,0.0,0,http://icici-rewards-points-redemption.tk/claim,1
40,27,6,0,1,2,0,0,0,3,0,0,0.0,0.825,0,0,0,0,0,1,4.2751,3.9303,4,1,0,1,1,1,1,12,1,0.71,2,http://account-security-update.xyz/login,1
72,32,5,27,1,3,0,1,1,3,0,6,0.0833,0.7778,0,0,0,0,0,1,4.8205,4.1792,1,1,0,0,0,0,0,0,0,0.0,0,http://google-drive-shared-document.xyz/view?id=q3wmcgczm542l5kvmuuqe4cd,1
50,32,11,0,1,3,0,0,0,4,0,3,0.06,0.76,0,0,0,0,0,1,4.3913,3.9445,4,1,0,1,1,0,1,5,1,0.77,2,http://microsoft-365-password-reset.sbs/auth/login,1
40,27,6,0,1,2,0,0,0,3,0,0,0.0,0.825,0,0,0,0,0,1,4.1751,3.8101,4,1,0,0,0,0,0,0,0,0.0,0,http://account-security-update.fun/login,1
31,16,7,0,2,0,0,0,0,3,0,0,0.0,0.8065,0,1,0,1,0,0,3.9134,3.5,1,0,0,0,0,0,0,0,0,0.0,0,https://mail.spotify.com/signin,0
67,14,23,22,2,1,0,1,3,4,0,4,0.0597,0.7313,0,0,0,1,0,0,4.6035,2.8963,1,0,0,0,0,0,0,0,0,0.0,0,http://app.amazon.com/explore/popular-topics?ref=nav&q=test&id=6992,0
51,37,7,0,1,3,0,0,0,3,0,0,0.0,0.8431,0,0,0,0,0,1,4.312,3.905,3,1,0,1,1,1,1,6,1,0.79,2,http://coinbase-account-suspended-notice.xyz/verify,1
53,36,10,0,1,3,0,0,0,4,0,0,0.0,0.8302,0,0,0,0,0,1,4.0715,3.8401,2,1,0,0,0,0,0,0,0,0.0,0,http://amazon-unusual-activity-signin.click/ap/signin,1
54,33,14,0,2,2,0,0,0,4,0,0,0.0,0.8333,0,0,0,1,0,1,4.3309,4.0408,5,1,0,0,0,0,0,0,0,0.0,0,http://secure.netflix-payment-update.sbs/account/login,1
41,13,6,13,2,0,0,1,1,3,0,2,0.0488,0.7561,0,1,0,1,0,0,4.3322,2.8731,0,0,0,0,0,0,0,0,0,0.0,0,https://app.yahoo.com/watch?v=dQw4w9WgXcQ,0
28,19,1,0,2,0,0,0,0,3,0,0,0.0,0.7857,0,1,0,1,0,0,3.7534,3.5111,1,0,0,0,0,0,0,0,0,0.0,0,https://support.walmart.com/,0
32,15,10,0,4,0,0,0,0,3,0,12,0.375,0.375,1,0,0,2,0,0,3.8667,2.6062,1,0,0,0,0,0,0,0,0,0.0,0,http://210.105.170.209/login.php,1
47,33,7,0,1,3,0,0,0,3,0,0,0.0,0.8298,0,0,0,0,0,1,4.1982,3.8509,5,1,0,1,1,1,1,2,1,0.88,0,http://paypal-account-security-update.ga/verify,1
38,13,17,0,2,0,0,0,0,4,0,0,0.0,0.8158,0,1,0,1,0,0,4.0702,3.2389,1,0,0,0,0,0,0,0,0,0.0,0,https://dev.apple.com/profile/settings,0
54,20,27,0,2,1,0,0,0,7,0,0,0.0,0.7963,0,0,0,0,0,0,4.1941,3.6842,4,1,0,0,0,0,0,0,0,0.0,0,http://portal-service.click//account/verify//login.php,1
54,16,30,0,3,0,0,0,0,5,0,0,0.0,0.8333,0,1,0,1,0,0,4.1633,3.1556,0,0,0,0,0,0,0,2,0,0.3,0,https://www.facebook.com/download/latest/installer.exe,0
48,14,7,18,1,0,0,1,1,3,0,0,0.0,0.8333,0,1,0,0,0,0,4.2618,3.3249,0,0,0,0,0,0,0,0,0,0.0,0,https://huggingface.co/search?q=machine+learning,0
45,25,13,0,1,3,0,0,0,4,0,0,0.0,0.8,0,0,0,0,0,1,4.1532,3.7035,2,1,0,0,0,0,0,0,0,0.0,0,http://sbi-online-banking-kyc.gq/retail/login,1
57,28,22,0,1,3,0,0,0,4,0,0,0.0,0.8421,0,0,0,0,0,1,4.1462,3.7979,4,1,0,0,0,0,0,0,0,0.0,0,http://chase-security-alert.monster/auth/confirm-identity,1
65,17,40,0,2,1,0,0,0,6,0,6,0.0923,0.7538,0,1,0,1,0,0,4.5141,3.1751,1,0,0,0,0,0,0,0,0,0.0,0,https://www.microsoft.com/article/2026/08/technology-breakthrough,0
76,20,25,23,2,0,0,1,3,5,0,5,0.0658,0.75,0,0,0,1,0,0,4.7016,3.9219,1,0,0,0,0,0,0,1,0,0.32,0,http://support.hdfcbank.com/user/dashboard/analytics?ref=nav&q=test&id=24652,0
40,27,6,0,1,2,0,0,0,3,0,0,0.0,0.825,0,0,0,0,0,1,4.1751,3.8101,4,1,0,0,0,0,0,0,0,0.0,0,http://account-security-update.fun/login,1
47,35,5,0,1,3,0,0,0,3,0,0,0.0,0.8298,0,0,0,0,0,1,4.4265,4.1859,4,1,0,0,0,0,0,0,0,0.0,0,http://secure-wellsfargo-banking-alert.xyz/auth,1
47,34,6,0,1,3,0,0,0,3,0,0,0.0,0.8298,0,0,0,0,0,1,4.0909,3.8559,2,1,0,1,1,1,1,6,1,0.87,0,http://icici-rewards-points-redemption.ml/claim,1
67,14,22,23,2,1,0,1,3,5,0,6,0.0896,0.6866,0,0,0,1,0,0,4.7153,3.5216,0,0,0,0,0,0,0,1,0,0.31,0,http://api.github.com/docs/v2/api-reference?ref=nav&q=test&id=90450,0
52,16,28,0,2,2,0,0,0,4,0,0,0.0,0.8269,0,1,0,1,0,0,4.0722,3.4528,1,0,0,0,0,0,0,2,0,0.33,0,https://mail.nytimes.com/help-center/contact-support,0
51,29,15,0,1,3,0,0,0,3,0,0,0.0,0.8431,0,0,0,0,0,1,4.3048,3.9783,2,1,0,0,0,0,0,0,0,0.0,0,http://instagram-copyright-appeal.gq/verify-account,1
43,29,7,0,1,3,0,0,0,3,0,0,0.0,0.814,0,0,0,0,0,1,4.2047,3.9354,3,1,0,1,1,0,1,2,0,0.86,0,http://claim-free-crypto-airdrop.xyz/wallet,1
30,17,6,0,1,3,0,0,0,3,0,0,0.0,0.7333,0,0,1,0,0,1,4.0314,3.4548,1,0,0,0,0,0,0,0,0,0.0,0,http://xn--paypl-qqa.com/login,1
72,15,25,23,2,0,0,1,3,5,0,5,0.0694,0.7361,0,1,0,1,0,0,4.7134,3.1069,0,0,0,0,0,0,0,0,0,0.0,0,https://blog.zomato.com/user/dashboard/analytics?ref=nav&q=test&id=48349,0
47,34,6,0,1,3,0,0,0,3,0,0,0.0,0.8298,0,0,0,0,0,1,4.0909,3.8559,2,1,0,1,1,1,1,12,1,0.82,0,http://icici-rewards-points-redemption.ml/claim,1
49,15,7,18,2,0,0,1,1,3,0,0,0.0,0.8163,0,1,0,1,0,0,4.2978,2.9736,1,0,0,0,0,0,0,3,0,0.35,0,https://docs.google.com/search?q=machine+learning,0
47,33,7,0,1,3,0,0,0,3,0,0,0.0,0.8298,0,0,0,0,0,1,4.1557,3.8967,3,1,0,1,1,1,1,9,1,0.9,2,http://claim-free-crypto-airdrop.monster/wallet,1
49,37,5,0,1,3,0,0,0,3,0,0,0.0,0.8367,0,0,0,0,0,1,4.2878,3.9927,4,1,0,1,1,1,1,8,1,0.95,1,http://secure-wellsfargo-banking-alert.click/auth,1
18,11,0,0,2,0,0,0,0,2,0,0,0.0,0.7222,0,0,0,1,0,0,3.6144,3.0958,0,0,0,0,0,0,0,0,0,0.0,0,http://dev.nih.gov,0
49,13,28,0,2,2,0,0,0,4,0,0,0.0,0.8163,0,1,0,1,0,0,4.1245,3.2389,1,0,0,0,0,0,0,0,0,0.0,0,https://mail.ebay.com/help-center/contact-support,0
55,41,7,0,1,3,0,0,0,3,0,0,0.0,0.8545,0,0,0,0,0,1,4.1997,3.7788,3,1,0,1,1,1,1,9,1,0.69,0,http://coinbase-account-suspended-notice.monster/verify,1
27,18,1,0,2,0,0,0,0,3,0,0,0.0,0.7778,0,1,0,1,0,0,3.9862,3.5033,0,0,0,0,0,0,0,1,0,0.11,0,https://mail.wikipedia.org/,0
48,14,27,0,3,2,0,0,0,4,0,11,0.2292,0.5625,1,0,0,2,0,0,4.673,2.9852,3,0,1,0,0,0,0,0,0,0.0,0,http://209.175.44.113/secure/update-banking-info,1
77,17,30,21,2,0,0,1,2,5,0,1,0.013,0.8182,0,1,0,1,0,0,4.3425,3.7345,0,0,0,0,0,0,0,0,0,0.06,0,https://dev.instagram.com/products/category/electronics?page=2&sort=price_asc,0
31,14,10,0,4,0,0,0,0,3,0,11,0.3548,0.3871,1,0,0,2,0,0,3.9779,2.8424,1,0,0,1,1,1,1,10,1,0.71,1,http://38.221.144.207/login.php,1
47,33,7,0,1,3,0,0,0,3,0,0,0.0,0.8298,0,0,0,0,0,1,4.1557,3.8967,3,1,0,0,0,0,0,0,0,0.0,0,http://claim-free-crypto-airdrop.monster/wallet,1
30,17,6,0,1,3,0,0,0,3,0,0,0.0,0.7333,0,0,1,0,0,1,4.2566,3.4548,0,0,0,0,0,0,0,0,0,0.0,0,http://xn--gogle-qqa.com/drive,1
50,35,8,0,1,3,0,0,0,3,0,0,0.0,0.84,0,0,0,0,0,1,4.2162,4.0116,1,1,0,1,1,1,1,8,0,0.8,0,http://metamask-wallet-recovery-phrase.icu/connect,1
51,20,23,0,2,1,0,0,0,4,0,0,0.0,0.8431,0,1,0,1,0,0,4.1227,3.8219,1,0,0,0,0,0,0,0,0,0.0,0,https://support.linkedin.com/explore/popular-topics,0
69,17,6,37,2,0,0,2,4,3,0,7,0.1014,0.6957,0,1,0,1,0,0,4.9276,3.1751,0,0,0,0,0,0,0,2,0,0.13,0,https://app.icicibank.com/watch?v=dQw4w9WgXcQ?ref=nav&q=test&id=37085,0
70,11,30,21,1,0,0,1,2,5,0,1,0.0143,0.8143,0,0,0,0,0,0,4.2446,3.0272,0,0,0,0,0,0,0,3,0,0.13,0,http://twitter.com/products/category/electronics?page=2&sort=price_asc,0
43,28,8,0,1,3,0,0,0,3,0,0,0.0,0.814,0,0,0,0,0,1,4.1207,3.7534,2,1,0,0,0,0,0,0,0,0.0,0,http://verify-your-identity-now.icu/confirm,1
86,14,40,23,2,1,0,1,3,6,0,11,0.1279,0.686,0,1,0,1,0,0,4.8533,3.0391,0,0,0,0,0,0,0,3,0,0.35,0,https://mail.yahoo.com/article/2026/08/technology-breakthrough?ref=nav&q=test&id=57908,0
52,32,13,0,1,3,0,0,0,4,0,0,0.0,0.8269,0,0,0,0,0,1,4.3037,4.0695,3,1,0,0,0,0,0,0,0,0.0,0,http://hdfc-netbanking-customer-care.ga/secure/login,1
63,19,9,27,2,2,0,1,1,5,0,0,0.0,0.7937,0,0,0,0,0,0,4.1695,3.0503,1,1,0,1,1,0,1,6,0,0.72,1,http://suspicious-site.icu/redirect?url=http://victim-login.com,1
50,35,8,0,1,3,0,0,0,3,0,0,0.0,0.84,0,0,0,0,0,1,4.0929,3.8757,1,1,0,0,0,0,0,0,0,0.0,0,http://metamask-wallet-recovery-phrase.top/connect,1
50,32,11,0,1,3,0,0,0,3,0,0,0.0,0.84,0,0,0,0,0,1,4.2109,3.9917,3,1,0,1,1,1,1,5,0,0.94,1,http://unauthorized-login-detected.work/secure-now,1
73,14,28,23,2,2,0,1,3,4,0,5,0.0685,0.726,0,0,0,1,0,0,4.6196,2.8963,2,0,0,0,0,0,0,1,0,0.2,0,http://www.amazon.com/help-center/contact-support?ref=nav&q=test&id=24022,0
37,10,6,13,1,0,0,1,1,3,0,2,0.0541,0.7568,0,0,0,0,0,0,4.3915,2.9219,0,0,0,0,0,0,0,0,0,0.0,0,http://docker.com/watch?v=dQw4w9WgXcQ,0
44,28,9,0,1,2,0,0,0,3,0,0,0.0,0.8409,0,0,0,0,0,1,4.1724,3.8249,2,1,0,1,1,0,1,7,0,0.89,1,http://binance-kyc-verification.sbs/security,1
44,30,7,0,1,3,0,0,0,3,0,0,0.0,0.8182,0,0,0,0,0,1,4.2656,4.0151,3,1,0,1,1,1,1,6,1,0.92,0,http://claim-free-crypto-airdrop.buzz/wallet,1
35,14,14,0,3,0,0,0,0,4,0,11,0.3143,0.4571,1,0,0,2,0,0,4.036,2.4138,2,0,1,1,1,1,1,7,0,0.89,1,http://162.13.224.132/netflix/login,1
43,31,5,0,1,3,0,0,0,3,0,0,0.0,0.814,0,0,0,0,0,1,4.1962,4.0181,3,1,0,1,1,1,1,5,1,0.81,0,http://banking-portal-secure-entry.icu/auth,1
31,17,6,0,1,0,0,0,0,3,0,0,0.0,0.8387,0,1,0,0,0,0,3.7844,2.8666,1,0,0,0,0,0,0,0,0,0.0,0,https://geeksforgeeks.org/login,0
46,17,22,0,2,1,0,0,0,5,0,1,0.0217,0.7826,0,0,0,1,0,0,4.1891,3.4548,0,0,0,0,0,0,0,0,0,0.0,0,http://dev.wikipedia.org/docs/v2/api-reference,0
49,31,11,0,1,3,0,0,0,4,0,3,0.0612,0.7551,0,0,0,0,0,1,4.4082,3.9779,4,1,0,0,0,0,0,0,0,0.0,0,http://microsoft-365-password-reset.cf/auth/login,1
34,20,7,0,1,3,0,0,0,3,0,1,0.0294,0.7353,0,0,1,0,0,1,4.1163,3.6464,1,0,0,1,1,1,1,12,0,0.77,2,http://xn--mcrosoft-p1a.com/update,1
50,18,0,23,2,0,0,1,3,2,0,5,0.1,0.68,0,1,0,1,0,0,4.6411,3.4613,1,0,0,0,0,0,0,4,0,0.29,0,https://support.docker.com?ref=nav&q=test&id=90635,0
29,14,7,0,3,0,0,0,0,3,0,0,0.0,0.7586,0,1,0,2,0,0,3.6075,2.8963,1,0,1,0,0,0,0,0,0,0.0,0,https://docs.sbi.co.in/signin,0
42,30,5,0,1,3,0,0,0,3,0,0,0.0,0.8095,0,0,0,0,0,1,4.2462,4.0729,3,1,0,0,0,0,0,0,0,0.0,0,http://banking-portal-secure-entry.ml/auth,1
48,35,6,0,1,3,0,0,0,3,0,0,0.0,0.8333,0,0,0,0,0,1,4.0684,3.797,2,1,0,1,1,1,1,2,0,0.9,0,http://icici-rewards-points-redemption.cam/claim,1
27,18,1,0,2,0,0,0,0,3,0,0,0.0,0.7778,0,1,0,1,0,0,4.1343,3.7255,1,0,0,0,0,0,0,0,0,0.0,0,https://dev.wellsfargo.com/,0
51,14,6,23,2,0,0,1,3,3,0,5,0.098,0.6667,0,0,0,1,0,0,4.6893,3.182,1,0,0,1,1,0,0,0,0,0.06,0,http://www.reddit.com/login?ref=nav&q=test&id=47983,0
42,17,17,0,2,0,0,0,0,4,0,0,0.0,0.8333,0,1,0,1,0,0,4.2048,3.4104,0,0,0,0,0,0,0,1,0,0.22,0,https://dev.icicibank.com/profile/settings,0
71,11,30,21,2,0,0,1,2,5,0,1,0.0141,0.8028,0,1,0,1,0,0,4.3175,3.0958,0,0,0,0,0,0,0,0,0,0.0,0,https://app.nih.gov/products/category/electronics?page=2&sort=price_asc,0
78,18,28,23,2,2,0,1,3,4,0,5,0.0641,0.7436,0,1,0,1,0,0,4.511,3.3921,2,0,0,0,0,0,0,1,0,0.28,0,https://support.paypal.com/help-center/contact-support?ref=nav&q=test&id=94939,0
43,27,9,0,1,2,0,0,0,3,0,0,0.0,0.8372,0,0,0,0,0,1,4.1359,3.736,2,1,0,0,0,0,0,0,0,0.0,0,http://binance-kyc-verification.tk/security,1
47,33,7,0,1,3,0,0,0,3,0,0,0.0,0.8298,0,0,0,0,0,1,4.2325,3.8997,5,1,0,0,0,0,0,0,0,0.0,0,http://paypal-account-security-update.ml/verify,1
76,18,7,42,2,0,0,2,4,3,0,5,0.0658,0.7368,0,1,0,1,0,0,4.6723,3.4194,0,0,0,0,0,0,0,2,0,0.32,0,https://www.huggingface.co/search?q=machine+learning?ref=nav&q=test&id=70474,0
24,15,1,0,2,0,0,0,0,3,0,0,0.0,0.75,0,1,0,1,0,0,3.5739,3.2402,1,0,0,0,0,0,0,0,0,0.24,0,https://support.bbc.com/,0
78,21,7,42,2,0,0,2,4,3,0,5,0.0641,0.7436,0,0,0,1,0,0,4.6682,3.5352,0,0,0,0,0,0,0,2,0,0.13,0,http://app.bankofamerica.com/search?q=machine+learning?ref=nav&q=test&id=70687,0
47,13,27,0,3,2,0,0,0,4,0,10,0.2128,0.5745,1,0,0,2,0,0,4.5967,2.7193,3,0,1,1,1,0,1,4,1,0.88,2,http://104.51.161.87/secure/update-banking-info,1
50,32,11,0,1,3,0,0,0,4,0,3,0.06,0.76,0,0,0,0,0,1,4.3913,3.9445,4,1,0,1,1,1,1,2,0,0.8,2,http://microsoft-365-password-reset.sbs/auth/login,1
49,15,7,18,2,0,0,1,1,3,0,0,0.0,0.8163,0,1,0,1,0,0,4.4202,3.5069,0,0,0,0,0,0,0,0,0,0.0,0,https://dev.mozilla.org/search?q=machine+learning,0
50,32,11,0,1,3,0,0,0,4,0,3,0.06,0.76,0,0,0,0,0,1,4.4064,3.9917,4,1,0,1,1,1,1,8,1,0.65,1,http://microsoft-365-password-reset.cam/auth/login,1
39,26,6,0,1,2,0,0,0,3,0,0,0.0,0.8205,0,0,0,0,0,1,4.2117,3.921,4,1,0,0,0,0,0,0,0,0.0,0,http://account-security-update.ml/login,1
33,19,7,0,1,1,0,0,0,3,0,1,0.0303,0.7879,0,0,0,0,0,0,4.165,3.8269,2,0,0,0,0,0,0,0,0,0.0,0,http://paypa1-security.com/webscr,1
50,32,11,0,1,3,0,0,0,3,0,0,0.0,0.84,0,0,0,0,0,1,4.2109,3.9056,3,1,0,1,1,0,1,12,0,0.95,1,http://unauthorized-login-detected.buzz/secure-now,1
52,23,22,0,1,3,0,0,0,4,0,0,0.0,0.8269,0,0,0,0,0,1,4.2499,3.7951,4,1,0,1,1,1,1,12,1,0.81,0,http://chase-security-alert.gq/auth/confirm-identity,1
19,12,0,0,2,0,0,0,0,2,0,0,0.0,0.7368,0,0,0,1,0,0,3.5766,3.085,0,0,0,0,0,0,0,0,0,0.0,0,http://app.imdb.com,0
63,19,9,27,2,2,0,1,1,5,0,0,0.0,0.7937,0,0,0,0,0,0,4.3473,3.4714,1,1,0,1,1,1,1,8,1,0.75,0,http://suspicious-site.xyz/redirect?url=http://victim-login.com,1
70,13,25,23,3,2,0,1,3,4,0,5,0.0714,0.7,0,1,0,2,0,0,4.6457,3.027,0,0,1,0,0,0,0,0,0,0.11,0,https://app.sbi.co.in/about-us/leadership-team?ref=nav&q=test&id=47713,0
30,17,6,0,1,3,0,0,0,3,0,0,0.0,0.7333,0,0,1,0,0,1,4.0314,3.4548,1,0,0,0,0,0,0,0,0,0.0,0,http://xn--paypl-qqa.com/login,1
97,13,30,45,2,0,0,2,5,5,0,6,0.0619,0.7423,0,1,0,1,0,0,4.6408,3.2389,0,0,0,0,0,0,0,1,0,0.08,0,https://api.adobe.com/products/category/electronics?page=2&sort=price_asc?ref=nav&q=test&id=64185,0
35,13,15,0,3,0,0,0,0,4,0,10,0.2857,0.4857,1,0,0,2,0,0,4.1363,2.5654,1,0,1,1,1,1,1,5,1,0.69,0,http://44.179.221.97/banking/online,1
66,17,17,23,2,2,0,1,3,3,0,5,0.0758,0.7121,0,1,0,1,0,0,4.7034,3.2639,1,0,0,0,0,0,0,0,0,0.11,0,https://blog.facebook.com/terms-of-service?ref=nav&q=test&id=87933,0
52,39,6,0,4,1,0,0,0,3,0,0,0.0,0.8269,0,0,0,3,1,0,4.1883,3.9234,3,1,1,0,0,0,0,0,0,0.0,0,http://appleid.apple.com.verify-identity.click/login,1
50,18,25,0,2,0,0,0,0,5,0,0,0.0,0.84,0,0,0,1,0,0,4.2293,3.3921,1,0,0,0,0,0,0,0,0,0.0,0,http://blog.microsoft.com/user/dashboard/analytics,0
78,18,30,21,2,0,0,1,2,5,0,2,0.0256,0.8077,0,1,0,1,0,0,4.3732,3.3502,0,0,0,0,0,0,0,0,0,0.0,0,https://mail.w3schools.com/products/category/electronics?page=2&sort=price_asc,0
48,30,11,0,1,3,0,0,0,3,0,0,0.0,0.8333,0,0,0,0,0,1,4.2173,3.9232,3,1,0,1,1,1,1,4,1,0.85,0,http://unauthorized-login-detected.ml/secure-now,1
50,37,6,0,4,1,0,0,0,3,0,0,0.0,0.82,0,0,0,3,1,0,4.1742,3.8918,3,1,1,1,1,1,1,9,1,0.71,2,http://appleid.apple.com.verify-identity.cam/login,1
31,16,7,0,2,0,0,0,0,3,0,0,0.0,0.8065,0,1,0,1,0,0,4.0424,3.2028,1,0,0,0,0,0,0,0,0,0.0,0,https://app.facebook.com/signin,0
40,26,7,0,1,2,0,0,0,3,0,1,0.025,0.8,0,0,0,0,0,1,4.2842,4.1329,3,0,0,1,1,1,1,2,1,0.92,0,http://netfl1x-billing-update.com/signin,1
44,13,23,0,2,1,0,0,0,4,0,0,0.0,0.8182,0,1,0,1,0,0,4.1075,3.027,0,0,0,0,0,0,0,0,0,0.0,0,https://www.quora.com/explore/popular-topics,0
75,18,7,41,2,0,0,2,4,3,0,4,0.0533,0.7467,0,1,0,1,0,0,4.6335,3.4613,0,0,0,0,0,0,0,0,0,0.0,0,https://app.huggingface.co/search?q=machine+learning?ref=nav&q=test&id=4201,0
55,12,36,0,2,3,0,0,0,5,0,8,0.1455,0.6545,0,0,0,1,0,0,4.6635,3.2516,0,0,0,0,0,0,0,4,0,0.1,0,http://mail.nih.gov/questions/12345678/how-to-fix-error,0
73,16,25,23,2,0,0,1,3,5,0,5,0.0685,0.7397,0,1,0,1,0,0,4.7102,3.5,1,0,0,0,0,0,0,0,0,0.09,0,https://mail.netflix.com/user/dashboard/analytics?ref=nav&q=test&id=73846,0
37,15,15,0,3,0,0,0,0,4,0,12,0.3243,0.4595,1,0,0,2,0,0,4.1726,2.6826,1,0,1,1,1,1,1,6,1,0.92,1,http://211.145.193.120/banking/online,1
49,15,27,0,3,2,0,0,0,4,0,12,0.2449,0.551,1,0,0,2,0,0,4.6805,3.0062,3,0,1,1,1,0,1,11,0,0.74,1,http://105.167.247.182/secure/update-banking-info,1
50,37,6,0,2,2,0,0,0,3,0,0,0.0,0.84,0,0,0,1,0,1,4.3533,4.0131,4,1,1,1,1,1,1,4,1,0.68,1,http://wellsfargo.banking-access-service.fun/login,1
46,17,22,0,2,1,0,0,0,5,0,1,0.0217,0.7826,0,0,0,1,0,0,4.3852,3.6169,0,0,0,0,0,0,0,0,0,0.0,0,http://blog.hdfcbank.com/docs/v2/api-reference,0
46,13,26,0,2,1,0,0,0,6,0,0,0.0,0.7609,0,0,0,0,0,0,4.1186,3.3927,3,1,1,1,1,1,1,5,0,0.73,1,http://auth-check.gq/https://paypal.com/signin,1
30,16,7,0,2,0,0,0,0,3,0,0,0.0,0.8,0,0,0,1,0,0,4.0314,3.4528,1,0,0,0,0,0,0,0,0,0.0,0,http://docs.mozilla.org/signin,0
69,13,25,23,3,2,0,1,3,4,0,5,0.0725,0.6957,0,0,0,2,0,0,4.6297,3.1808,0,0,1,0,0,0,0,0,0,0.0,0,http://dev.sbi.co.in/about-us/leadership-team?ref=nav&q=test&id=92232,0
56,19,6,23,2,0,0,1,3,3,0,5,0.0893,0.6964,0,0,0,1,0,0,4.6995,3.5111,2,0,0,1,1,0,0,1,0,0.25,0,http://support.walmart.com/login?ref=nav&q=test&id=38116,0
44,14,22,0,2,1,0,0,0,5,0,1,0.0227,0.7727,0,1,0,1,0,0,4.1075,3.2359,0,0,0,0,0,0,0,2,0,0.22,0,https://app.target.com/docs/v2/api-reference,0
47,35,5,0,1,3,0,0,0,3,0,0,0.0,0.8298,0,0,0,0,0,1,4.2667,3.9929,4,1,0,0,0,0,0,0,0,0.0,0,http://secure-wellsfargo-banking-alert.fun/auth,1
53,35,11,0,1,3,0,0,0,3,0,0,0.0,0.8491,0,0,0,0,0,1,4.1631,3.9329,3,1,0,0,0,0,0,0,0,0.0,0,http://unauthorized-login-detected.monster/secure-now,1
73,14,30,21,1,0,0,1,2,5,0,1,0.0137,0.8219,0,0,0,0,0,0,4.2965,3.3249,0,0,0,0,0,0,0,0,0,0.0,0,http://huggingface.co/products/category/electronics?page=2&sort=price_asc,0
54,25,22,0,1,3,0,0,0,4,0,0,0.0,0.8333,0,0,0,0,0,1,4.2701,3.8137,4,1,0,1,1,1,1,3,1,0.7,1,http://chase-security-alert.buzz/auth/confirm-identity,1
48,34,7,0,1,3,0,0,0,3,0,0,0.0,0.8333,0,0,0,0,0,1,4.33,3.9987,2,1,0,0,0,0,0,0,0,0.0,0,http://customer-support-helpdesk-agent.ga/verify,1
74,15,30,21,2,0,0,1,2,5,0,1,0.0135,0.8108,0,0,0,1,0,0,4.3831,3.5069,0,0,0,0,0,0,0,0,0,0.0,0,http://dev.walmart.com/products/category/electronics?page=2&sort=price_asc,0
45,15,22,0,2,1,0,0,0,5,0,1,0.0222,0.7778,0,1,0,1,0,0,4.2865,3.5069,0,0,0,0,0,0,0,0,0,0.0,0,https://api.youtube.com/docs/v2/api-reference,0
51,38,6,0,2,2,0,0,0,3,0,0,0.0,0.8431,0,0,0,1,0,1,4.4316,4.1029,4,1,1,0,0,0,0,0,0,0.0,0,http://wellsfargo.banking-access-service.buzz/login,1
48,14,27,0,3,2,0,0,0,4,0,11,0.2292,0.5625,1,0,0,2,0,0,4.5897,2.6995,3,0,1,0,0,0,0,0,0,0.0,0,http://84.203.110.124/secure/update-banking-info,1
42,28,7,0,1,2,0,0,0,3,0,0,0.0,0.8333,0,0,0,0,0,1,4.0213,3.7359,0,1,0,1,1,0,1,2,1,0.77,2,http://immediate-action-required.gq/notice,1
52,37,7,0,4,1,0,0,0,3,0,0,0.0,0.8269,0,1,0,3,1,0,4.2273,3.8819,3,1,1,0,0,0,0,0,0,0.0,0,https://appleid.apple.com.account-recovery.cf/verify,1
73,14,30,21,2,0,0,1,2,5,0,1,0.0137,0.8082,0,0,0,1,0,0,4.2992,3.3788,0,0,0,0,0,0,0,0,0,0.0,0,http://api.docker.com/products/category/electronics?page=2&sort=price_asc,0
46,13,25,0,2,0,0,0,0,5,0,0,0.0,0.8261,0,1,0,1,0,0,4.135,3.2389,0,0,0,0,0,0,0,1,0,0.12,0,https://mail.ebay.com/user/dashboard/analytics,0
75,15,30,21,2,0,0,1,2,5,0,1,0.0133,0.8133,0,1,0,1,0,0,4.3,3.3736,0,0,0,0,0,0,0,0,0,0.0,0,https://api.spotify.com/products/category/electronics?page=2&sort=price_asc,0
51,29,15,0,1,3,0,0,0,3,0,0,0.0,0.8431,0,0,0,0,0,1,4.2804,3.9354,2,1,0,0,0,0,0,0,0,0.0,0,http://instagram-copyright-appeal.ml/verify-account,1
44,12,25,0,4,0,0,0,0,5,0,9,0.2045,0.5682,1,0,0,2,0,0,4.2462,2.4591,2,0,1,1,1,1,1,5,1,0.88,2,http://99.233.2.205/signin/paypal/index.html,1
30,17,6,0,1,3,0,0,0,3,0,0,0.0,0.7333,0,0,1,0,0,1,4.2566,3.4548,0,0,0,0,0,0,0,0,0,0.0,0,http://xn--gogle-qqa.com/drive,1
49,13,28,0,2,2,0,0,0,4,0,0,0.0,0.8163,0,1,0,1,0,0,4.0663,3.2389,1,0,0,0,0,0,0,2,0,0.33,0,https://docs.ebay.com/help-center/contact-support,0
89,19,38,23,2,1,0,1,3,6,0,5,0.0562,0.764,0,1,0,1,0,0,4.6128,3.7871,0,0,0,0,0,0,0,1,0,0.14,0,https://www.theguardian.com/repos/organization/repo-name/releases?ref=nav&q=test&id=72562,0
48,36,5,0,1,3,0,0,0,3,0,0,0.0,0.8333,0,0,0,0,0,1,4.3397,4.086,4,1,0,0,0,0,0,0,0,0.0,0,http://secure-wellsfargo-banking-alert.buzz/auth,1
70,14,18,30,3,0,0,1,1,4,0,19,0.2714,0.5857,1,0,0,2,0,0,4.7859,2.6106,3,0,0,0,0,0,0,0,0,0.0,0,http://104.223.61.141/auth/verification?token=qyv3t2i0rm89rqszrcqr5r35,1
71,31,5,27,1,3,0,1,1,3,0,8,0.1127,0.7465,0,0,0,0,0,1,4.8311,4.0424,1,1,0,0,0,0,0,0,0,0.0,0,http://google-drive-shared-document.tk/view?id=td4r5klj545my4n9qsukgwz1,1
48,35,6,0,1,3,0,0,0,3,0,0,0.0,0.8333,0,0,0,0,0,1,4.1934,3.9113,2,1,0,1,1,1,1,12,1,0.75,0,http://icici-rewards-points-redemption.fun/claim,1
63,25,30,0,3,0,0,0,0,5,0,0,0.0,0.8571,0,1,0,1,0,0,4.2492,3.8635,1,0,0,0,0,0,0,0,0,0.0,0,https://support.bankofamerica.com/download/latest/installer.exe,0
50,30,13,0,1,3,0,0,0,4,0,0,0.0,0.82,0,0,0,0,0,1,4.1611,3.8696,2,1,0,1,1,1,1,9,1,0.73,1,http://sbi-online-banking-kyc.monster/retail/login,1
48,19,7,14,3,1,0,1,1,3,0,0,0.0,0.7708,0,0,0,2,0,0,4.5841,3.4714,4,1,1,0,0,0,0,0,0,0.0,0,http://login.paypal.com.gq/webscr?cmd=_login-run,1
46,34,5,0,1,3,0,0,0,3,0,0,0.0,0.8261,0,0,0,0,0,1,4.3111,4.0353,4,1,0,0,0,0,0,0,0,0.0,0,http://secure-wellsfargo-banking-alert.gq/auth,1
54,19,28,0,2,2,0,0,0,4,0,0,0.0,0.8333,0,0,0,1,0,0,3.9582,3.5111,1,0,0,0,0,0,0,0,0,0.0,0,http://support.walmart.com/help-center/contact-support,0
70,12,7,42,2,0,0,2,4,3,0,5,0.0714,0.7143,0,1,0,1,0,0,4.7667,3.0221,0,0,0,0,0,0,0,0,0,0.0,0,https://blog.zoom.us/search?q=machine+learning?ref=nav&q=test&id=38989,0
74,13,30,23,3,0,0,1,3,5,0,5,0.0676,0.7297,0,0,0,1,0,0,4.5417,3.027,1,0,0,0,0,0,0,0,0,0.0,0,http://www.apple.com/download/latest/installer.exe?ref=nav&q=test&id=55279,0
57,8,17,23,1,2,0,1,3,3,0,5,0.0877,0.6842,0,1,0,0,0,0,4.5874,3.0,1,0,0,0,0,0,0,3,0,0.14,0,https://bing.com/terms-of-service?ref=nav&q=test&id=36000,0
71,31,5,27,1,3,0,1,1,3,0,3,0.0423,0.8169,0,0,0,0,0,1,4.7569,3.9536,1,1,0,0,0,0,0,0,0,0.0,0,http://google-drive-shared-document.ga/view?id=ulwr3kqdfjjrx3g7csdxkkin,1
86,16,38,23,2,1,0,1,3,6,0,5,0.0581,0.7558,0,1,0,1,0,0,4.5464,3.1556,0,0,0,0,0,0,0,2,0,0.18,0,https://blog.mozilla.org/repos/organization/repo-name/releases?ref=nav&q=test&id=48355,0
42,30,5,0,1,3,0,0,0,3,0,0,0.0,0.8095,0,0,0,0,0,1,4.2462,4.0729,3,1,0,1,1,1,1,4,1,0.89,2,http://banking-portal-secure-entry.gq/auth,1
33,19,7,0,1,1,0,0,0,3,0,1,0.0303,0.7879,0,0,0,0,0,0,4.165,3.8269,2,0,0,0,0,0,0,0,0,0.0,0,http://paypa1-security.com/webscr,1
33,19,7,0,1,1,0,0,0,3,0,1,0.0303,0.7879,0,0,0,0,0,0,4.165,3.8269,2,0,0,1,1,1,1,9,1,0.81,2,http://paypa1-security.com/webscr,1
93,21,40,23,2,1,0,1,3,6,0,12,0.129,0.6989,0,1,0,1,0,0,4.8981,3.4992,1,0,0,0,0,0,0,1,0,0.13,0,https://support.w3schools.com/article/2026/08/technology-breakthrough?ref=nav&q=test&id=46317,0
30,15,7,0,2,0,0,0,0,3,0,0,0.0,0.8,0,1,0,1,0,0,3.9396,3.3232,1,0,0,1,1,0,0,1,0,0.11,0,https://api.walmart.com/signin,0
45,14,23,0,2,1,0,0,0,4,0,0,0.0,0.8222,0,1,0,1,0,0,4.17,2.8963,1,0,0,0,0,0,0,4,0,0.1,0,https://www.amazon.com/explore/popular-topics,0
46,34,5,0,1,3,0,0,0,3,0,0,0.0,0.8261,0,0,0,0,0,1,4.249,3.9987,4,1,0,0,0,0,0,0,0,0.0,0,http://secure-wellsfargo-banking-alert.tk/auth,1
53,38,7,0,4,1,0,0,0,3,0,0,0.0,0.8302,0,1,0,3,1,0,4.2306,3.85,3,1,1,1,1,1,0,3,0,0.85,0,https://appleid.apple.com.account-recovery.icu/verify,1
71,18,22,23,2,1,0,1,3,5,0,6,0.0845,0.7042,0,0,0,1,0,0,4.6948,3.4194,0,0,0,0,0,0,0,0,0,0.0,0,http://www.huggingface.co/docs/v2/api-reference?ref=nav&q=test&id=75044,0
54,16,6,23,2,0,0,1,3,3,0,5,0.0926,0.6852,0,1,0,1,0,0,4.787,3.4528,1,0,0,0,0,0,0,0,0,0.0,0,https://mail.dropbox.com/login?ref=nav&q=test&id=82670,0
73,18,23,23,2,1,0,1,3,4,0,5,0.0685,0.7397,0,1,0,1,0,0,4.7412,3.128,0,0,0,0,0,0,0,0,0,0.05,0,https://mail.icicibank.com/explore/popular-topics?ref=nav&q=test&id=69823,0
43,29,7,0,1,3,0,0,0,3,0,0,0.0,0.814,0,0,0,0,0,1,4.0651,3.7454,3,1,0,0,0,0,0,0,0,0.0,0,http://claim-free-crypto-airdrop.cam/wallet,1
35,13,15,0,3,0,0,0,0,4,0,10,0.2857,0.4857,1,0,0,2,0,0,4.0791,2.4116,1,0,1,1,1,1,1,5,1,0.94,1,http://14.16.150.145/banking/online,1
53,32,14,0,2,2,0,0,0,4,0,0,0.0,0.8302,0,0,0,1,0,1,4.2771,3.9886,5,1,0,0,0,0,0,0,0,0.0,0,http://secure.netflix-payment-update.ml/account/login,1
50,35,8,0,1,3,0,0,0,3,0,0,0.0,0.84,0,0,0,0,0,1,4.1611,3.8973,1,1,0,1,1,1,1,10,0,0.67,1,http://metamask-wallet-recovery-phrase.sbs/connect,1
47,14,26,0,2,1,0,0,0,6,0,0,0.0,0.766,0,0,0,0,0,0,4.0944,3.3788,3,1,1,1,1,1,1,4,1,0.75,1,http://auth-check.sbs/https://paypal.com/signin,1
47,27,13,0,1,3,0,0,0,4,0,0,0.0,0.8085,0,0,0,0,0,1,4.1717,3.7821,2,1,0,0,0,0,0,0,0,0.0,0,http://sbi-online-banking-kyc.work/retail/login,1
47,35,5,0,1,3,0,0,0,3,0,0,0.0,0.8298,0,0,0,0,0,1,4.1977,4.0004,3,1,0,0,0,0,0,0,0,0.0,0,http://banking-portal-secure-entry.monster/auth,1
69,13,18,30,3,0,0,1,1,4,0,16,0.2319,0.6232,1,0,0,2,0,0,4.8259,2.7193,3,0,0,1,1,1,1,5,1,0.75,2,http://144.13.202.37/auth/verification?token=qy21ap2ui05io8pfflscejmm,1
25,17,1,0,2,0,0,0,0,3,0,0,0.0,0.76,0,0,0,1,0,0,3.8635,3.4548,0,0,0,0,0,0,0,0,0,0.0,0,http://dev.wikipedia.org/,0
53,33,13,0,1,3,0,0,0,4,0,0,0.0,0.8302,0,0,0,0,0,1,4.3037,4.0438,3,1,0,0,0,0,0,0,0,0.0,0,http://hdfc-netbanking-customer-care.cam/secure/login,1
44,19,17,0,2,0,0,0,0,4,0,0,0.0,0.8409,0,1,0,1,0,0,4.0077,3.4058,0,0,0,0,0,0,0,2,0,0.09,0,https://mail.salesforce.com/profile/settings,0
54,33,14,0,2,2,0,0,0,4,0,0,0.0,0.8333,0,0,0,1,0,1,4.2618,3.9802,5,1,0,1,1,0,1,4,0,0.88,2,http://secure.netflix-payment-update.cam/account/login,1
66,20,38,0,2,1,0,0,0,6,0,0,0.0,0.8485,0,1,0,1,0,0,4.1299,3.6219,1,0,0,0,0,0,0,3,0,0.32,0,https://support.facebook.com/repos/organization/repo-name/releases,0
26,11,7,0,2,0,0,0,0,3,0,0,0.0,0.7692,0,1,0,1,0,0,3.7962,2.4817,1,0,0,0,0,0,0,0,0,0.0,0,https://www.bbc.com/signin,0
24,16,1,0,2,0,0,0,0,3,0,0,0.0,0.75,0,0,0,1,0,0,3.9387,3.625,1,0,0,0,0,0,0,0,0,0.0,0,http://blog.netflix.com/,0
47,33,7,0,1,3,0,0,0,3,0,0,0.0,0.8298,0,0,0,0,0,1,4.1634,3.862,5,1,0,1,1,1,1,12,1,0.71,0,http://paypal-account-security-update.cf/verify,1
52,37,7,0,4,1,0,0,0,3,0,0,0.0,0.8269,0,1,0,3,1,0,4.2728,3.8918,3,1,1,0,0,0,0,0,0,0.0,0,https://appleid.apple.com.account-recovery.ga/verify,1
52,23,22,0,1,3,0,0,0,4,0,0,0.0,0.8269,0,0,0,0,0,1,4.2499,3.7951,4,1,0,0,0,0,0,0,0,0.0,0,http://chase-security-alert.gq/auth/confirm-identity,1
34,20,7,0,1,3,0,0,0,3,0,1,0.0294,0.7353,0,0,1,0,0,1,4.1163,3.6464,1,0,0,0,0,0,0,0,0,0.0,0,http://xn--mcrosoft-p1a.com/update,1
63,15,17,23,2,0,0,1,3,4,0,5,0.0794,0.7143,0,0,0,1,0,0,4.6615,3.1899,0,0,0,0,0,0,0,0,0,0.0,0,http://blog.kaggle.com/profile/settings?ref=nav&q=test&id=76144,0
47,14,25,0,1,0,0,0,0,5,0,0,0.0,0.8511,0,1,0,0,0,0,4.1878,3.3249,0,0,0,0,0,0,0,4,0,0.34,0,https://huggingface.co/user/dashboard/analytics,0
49,11,30,0,3,0,0,0,0,5,0,0,0.0,0.8163,0,1,0,1,0,0,4.0334,2.914,0,0,0,0,0,0,0,0,0,0.06,0,https://api.cnn.com/download/latest/installer.exe,0
25,17,1,0,2,0,0,0,0,3,0,0,0.0,0.76,0,0,0,1,0,0,3.7231,3.1307,0,0,0,0,0,0,0,0,0,0.0,0,http://www.icicibank.com/,0
42,17,17,0,1,0,0,0,0,4,0,0,0.0,0.8571,0,1,0,0,0,0,3.7583,2.8666,0,0,0,0,0,0,0,0,0,0.0,0,https://geeksforgeeks.org/profile/settings,0
20,11,1,0,2,0,0,0,0,3,0,0,0.0,0.7,0,1,0,1,0,0,3.4464,2.4817,0,0,0,0,0,0,0,0,0,0.0,0,https://www.bbc.com/,0
42,28,7,0,1,3,0,0,0,3,0,0,0.0,0.8095,0,0,0,0,0,1,4.1033,3.8518,3,1,0,1,1,1,1,11,1,0.82,0,http://claim-free-crypto-airdrop.tk/wallet,1
28,19,1,0,2,0,0,0,0,3,0,0,0.0,0.7857,0,1,0,1,0,0,3.8963,3.5111,0,0,0,0,0,0,0,4,0,0.16,0,https://mail.aliexpress.com/,0
91,19,40,23,2,1,0,1,3,6,0,11,0.1209,0.7033,0,1,0,1,0,0,4.8425,3.5111,0,0,0,0,0,0,0,0,0,0.0,0,https://mail.aliexpress.com/article/2026/08/technology-breakthrough?ref=nav&q=test&id=16229,0
42,30,5,0,1,3,0,0,0,3,0,0,0.0,0.8095,0,0,0,0,0,1,4.2462,4.0729,3,1,0,0,0,0,0,0,0,0.0,0,http://banking-portal-secure-entry.ml/auth,1
42,28,7,0,1,3,0,0,0,3,0,0,0.0,0.8095,0,0,0,0,0,1,4.076,3.7534,3,1,0,1,1,1,1,5,1,0.94,0,http://claim-free-crypto-airdrop.cf/wallet,1
75,20,23,23,2,1,0,1,3,4,0,5,0.0667,0.7467,0,1,0,1,0,0,4.6036,3.6842,1,0,0,0,0,0,0,0,0,0.0,0,https://support.flipkart.com/explore/popular-topics?ref=nav&q=test&id=90698,0
34,20,7,0,1,3,0,0,0,3,0,1,0.0294,0.7353,0,0,1,0,0,1,4.1163,3.6464,1,0,0,1,1,1,1,11,1,0.93,0,http://xn--mcrosoft-p1a.com/update,1
48,34,7,0,1,3,0,0,0,3,0,0,0.0,0.8333,0,0,0,0,0,1,4.33,4.0575,2,1,0,0,0,0,0,0,0,0.0,0,http://customer-support-helpdesk-agent.cf/verify,1
40,27,6,0,1,2,0,0,0,3,0,0,0.0,0.825,0,0,0,0,0,1,4.1751,3.7821,4,1,0,1,1,1,1,4,1,0.73,1,http://account-security-update.cam/login,1
53,38,7,0,4,1,0,0,0,3,0,0,0.0,0.8302,0,1,0,3,1,0,4.2306,3.85,3,1,1,0,0,0,0,0,0,0.0,0,https://appleid.apple.com.account-recovery.icu/verify,1
39,25,7,0,1,2,0,0,0,3,0,0,0.0,0.8205,0,0,0,0,0,1,4.2462,3.8937,4,1,0,1,1,0,1,9,0,0.78,2,http://paypal-account-verify.cam/signin,1
43,28,8,0,1,3,0,0,0,3,0,0,0.0,0.814,0,0,0,0,0,1,4.2512,3.8693,2,1,0,0,0,0,0,0,0,0.0,0,http://verify-your-identity-now.sbs/confirm,1
49,35,7,0,1,3,0,0,0,3,0,0,0.0,0.8367,0,0,0,0,0,1,4.2903,3.9929,5,1,0,1,1,1,1,12,0,0.74,0,http://paypal-account-security-update.work/verify,1
43,19,17,0,2,2,0,0,0,3,0,0,0.0,0.814,0,0,0,1,0,0,4.2222,3.5369,1,0,0,0,0,0,0,0,0,0.0,0,http://docs.huggingface.co/terms-of-service,0
51,33,11,0,1,3,0,0,0,4,0,3,0.0588,0.7647,0,0,0,0,0,1,4.418,3.9912,4,1,0,1,1,0,1,6,1,0.71,0,http://microsoft-365-password-reset.work/auth/login,1
42,30,5,0,1,3,0,0,0,3,0,0,0.0,0.8095,0,0,0,0,0,1,4.2462,4.0729,3,1,0,1,1,1,1,4,0,0.65,0,http://banking-portal-secure-entry.gq/auth,1
51,34,10,0,1,3,0,0,0,4,0,0,0.0,0.8235,0,0,0,0,0,1,4.0007,3.8444,2,1,0,1,1,1,1,11,0,0.77,1,http://amazon-unusual-activity-signin.top/ap/signin,1
41,14,6,13,2,0,0,1,1,3,0,2,0.0488,0.7561,0,0,0,1,0,0,4.4546,3.6645,0,0,0,0,0,0,0,0,0,0.0,0,http://dev.github.com/watch?v=dQw4w9WgXcQ,0
40,26,7,0,1,2,0,0,0,3,0,1,0.025,0.8,0,0,0,0,0,1,4.2842,4.1329,3,0,0,0,0,0,0,0,0,0.0,0,http://netfl1x-billing-update.com/signin,1
34,13,14,0,3,0,0,0,0,4,0,10,0.2941,0.4706,1,0,0,2,0,0,4.0797,2.5074,2,0,1,1,1,1,1,7,0,0.93,2,http://48.244.78.200/netflix/login,1
45,33,5,0,1,3,0,0,0,3,0,0,0.0,0.8222,0,0,0,0,0,1,4.2275,4.0209,3,1,0,1,1,0,1,12,1,0.87,0,http://banking-portal-secure-entry.click/auth,1
43,29,7,0,1,3,0,0,0,3,0,0,0.0,0.814,0,0,0,0,0,1,4.2047,3.9354,3,1,0,0,0,0,0,0,0,0.0,0,http://claim-free-crypto-airdrop.sbs/wallet,1
48,15,25,0,2,0,0,0,0,5,0,0,0.0,0.8333,0,1,0,1,0,0,4.1612,3.3736,0,0,0,0,0,0,0,1,0,0.09,0,https://blog.target.com/user/dashboard/analytics,0
49,35,7,0,1,3,0,0,0,3,0,0,0.0,0.8367,0,0,0,0,0,1,4.4262,4.1859,2,1,0,0,0,0,0,0,0,0.0,0,http://customer-support-helpdesk-agent.xyz/verify,1
78,18,28,23,2,2,0,1,3,4,0,5,0.0641,0.7436,0,1,0,1,0,0,4.5433,3.4613,1,0,0,0,0,0,0,0,0,0.0,0,https://support.docker.com/help-center/contact-support?ref=nav&q=test&id=49668,0
50,36,7,0,1,3,0,0,0,3,0,0,0.0,0.84,0,0,0,0,0,1,4.2962,3.8292,3,1,0,1,1,1,1,12,1,0.66,0,http://coinbase-account-suspended-notice.ml/verify,1
49,20,7,14,3,1,0,1,1,3,0,0,0.0,0.7755,0,0,0,2,0,0,4.5119,3.3464,4,1,1,1,1,0,1,8,1,0.84,2,http://login.paypal.com.cam/webscr?cmd=_login-run,1
47,14,7,18,1,0,0,1,1,3,0,0,0.0,0.8298,0,0,0,0,0,0,4.3518,3.5216,1,0,0,0,0,0,0,0,0,0.0,0,http://wellsfargo.com/search?q=machine+learning,0
59,11,40,0,1,1,0,0,0,6,0,6,0.1017,0.7458,0,1,0,0,0,0,4.4905,3.0272,0,0,0,0,0,0,0,2,0,0.16,0,https://dropbox.com/article/2026/08/technology-breakthrough,0
64,20,36,0,2,3,0,0,0,5,0,8,0.125,0.7031,0,1,0,1,0,0,4.5977,3.6842,1,0,0,0,0,0,0,0,0,0.0,0,https://support.flipkart.com/questions/12345678/how-to-fix-error,0
69,13,25,23,3,2,0,1,3,4,0,5,0.0725,0.6957,0,0,0,2,0,0,4.6696,3.1808,0,0,1,0,0,0,0,0,0,0.2,0,http://dev.sbi.co.in/about-us/leadership-team?ref=nav&q=test&id=47942,0
52,37,7,0,4,1,0,0,0,3,0,0,0.0,0.8269,0,1,0,3,1,0,4.2437,3.8509,3,1,1,1,1,0,0,11,1,0.77,2,https://appleid.apple.com.account-recovery.ml/verify,1
61,15,38,0,2,1,0,0,0,6,0,0,0.0,0.8361,0,1,0,1,0,0,4.1536,3.3232,0,0,0,0,0,0,0,0,0,0.0,0,https://www.spotify.com/repos/organization/repo-name/releases,0
50,35,8,0,1,3,0,0,0,3,0,0,0.0,0.84,0,0,0,0,0,1,4.2162,4.0116,1,1,0,1,1,1,1,2,0,0.66,0,http://metamask-wallet-recovery-phrase.icu/connect,1
48,28,13,0,1,3,0,0,0,4,0,0,0.0,0.8125,0,0,0,0,0,1,4.0821,3.5836,2,1,0,0,0,0,0,0,0,0.0,0,http://sbi-online-banking-kyc.click/retail/login,1
52,30,15,0,1,3,0,0,0,3,0,0,0.0,0.8462,0,0,0,0,0,1,4.2488,3.9899,2,1,0,0,0,0,0,0,0,0.0,0,http://instagram-copyright-appeal.icu/verify-account,1
85,18,36,22,2,3,0,1,3,5,0,12,0.1412,0.6588,0,1,0,1,0,0,4.8767,3.5033,0,0,0,0,0,0,0,1,0,0.21,0,https://api.salesforce.com/questions/12345678/how-to-fix-error?ref=nav&q=test&id=3906,0
51,38,6,0,4,1,0,0,0,3,0,0,0.0,0.8235,0,0,0,3,1,0,4.3248,4.09,3,1,1,0,0,0,0,0,0,0.0,0,http://appleid.apple.com.verify-identity.buzz/login,1
62,19,36,0,2,3,0,0,0,5,0,8,0.129,0.6935,0,0,0,1,0,0,4.6742,3.7871,0,0,0,0,0,0,0,2,0,0.29,0,http://app.theguardian.com/questions/12345678/how-to-fix-error,0
98,15,30,44,2,0,0,2,5,5,0,5,0.051,0.7551,0,1,0,1,0,0,4.6967,3.1396,0,0,0,0,0,0,0,1,0,0.12,0,https://www.dropbox.com/products/category/electronics?page=2&sort=price_asc?ref=nav&q=test&id=9716,0
41,11,22,0,1,1,0,0,0,5,0,1,0.0244,0.7805,0,1,0,0,0,0,4.3059,3.0958,0,0,0,0,0,0,0,0,0,0.0,0,https://mozilla.org/docs/v2/api-reference,0
52,32,13,0,1,3,0,0,0,4,0,0,0.0,0.8269,0,0,0,0,0,1,4.3328,4.1556,3,1,0,0,0,0,0,0,0,0.0,0,http://hdfc-netbanking-customer-care.ml/secure/login,1
44,28,9,0,1,2,0,0,0,3,0,0,0.0,0.8409,0,0,0,0,0,1,4.1613,3.7804,2,1,0,1,1,1,1,5,1,0.7,1,http://binance-kyc-verification.fun/security,1
33,19,7,0,1,1,0,0,0,3,0,1,0.0303,0.7879,0,0,0,0,0,0,4.165,3.8269,2,0,0,1,1,1,1,12,0,0.93,2,http://paypa1-security.com/webscr,1
50,33,10,0,1,3,0,0,0,4,0,0,0.0,0.82,0,0,0,0,0,1,4.066,3.8471,2,1,0,1,1,1,1,12,1,0.75,1,http://amazon-unusual-activity-signin.cf/ap/signin,1
26,18,0,0,2,0,0,0,0,2,0,0,0.0,0.8077,0,1,0,1,0,0,3.9022,3.7255,1,0,0,0,0,0,0,2,0,0.12,0,https://support.gitlab.com,0
51,19,1,23,2,0,0,1,3,3,0,5,0.098,0.6667,0,0,0,1,0,0,4.6965,3.5766,1,0,0,0,0,0,0,0,0,0.0,0,http://docs.wellsfargo.com/?ref=nav&q=test&id=57053,0
53,19,7,18,2,0,0,1,1,3,0,0,0.0,0.8302,0,1,0,1,0,0,4.284,3.7871,0,0,0,0,0,0,0,3,0,0.2,0,https://api.theguardian.com/search?q=machine+learning,0
48,34,7,0,1,3,0,0,0,3,0,0,0.0,0.8333,0,0,0,0,0,1,4.33,4.0575,2,1,0,1,1,1,1,4,0,0.68,2,http://customer-support-helpdesk-agent.cf/verify,1
52,16,28,0,2,2,0,0,0,4,0,0,0.0,0.8269,0,1,0,1,0,0,4.1574,3.4528,1,0,0,0,0,0,0,0,0,0.0,0,https://mail.dropbox.com/help-center/contact-support,0
59,21,6,23,2,0,0,1,3,3,0,6,0.1017,0.6949,0,1,0,1,0,0,4.6777,3.4992,2,0,0,1,1,0,0,1,0,0.06,0,https://support.w3schools.com/login?ref=nav&q=test&id=13418,0
47,13,7,18,2,0,0,1,1,3,0,0,0.0,0.8085,0,1,0,1,0,0,4.3923,3.0851,0,0,0,0,0,0,0,0,0,0.12,0,https://dev.adobe.com/search?q=machine+learning,0
21,13,1,0,2,0,0,0,0,3,0,0,0.0,0.7143,0,0,0,1,0,0,3.6538,3.027,0,0,0,0,0,0,0,0,0,0.0,0,http://www.arxiv.org/,0
50,37,6,0,4,1,0,0,0,3,0,0,0.0,0.82,0,0,0,3,1,0,4.1742,3.8918,3,1,1,1,1,1,1,12,0,0.73,2,http://appleid.apple.com.verify-identity.cam/login,1
48,35,6,0,1,3,0,0,0,3,0,0,0.0,0.8333,0,0,0,0,0,1,4.2508,3.99,2,1,0,1,1,1,1,6,1,0.94,1,http://icici-rewards-points-redemption.xyz/claim,1
51,14,30,0,3,0,0,0,0,5,0,0,0.0,0.8235,0,0,0,1,0,0,4.0451,2.9502,0,0,0,0,0,0,0,0,0,0.0,0,http://docs.yahoo.com/download/latest/installer.exe,0
40,27,6,0,1,2,0,0,0,3,0,0,0.0,0.825,0,0,0,0,0,1,4.1751,3.7821,4,1,0,0,0,0,0,0,0,0.0,0,http://account-security-update.cam/login,1
44,28,9,0,1,2,0,0,0,3,0,0,0.0,0.8409,0,0,0,0,0,1,4.2633,3.8963,2,1,0,1,1,1,1,4,1,0.83,0,http://binance-kyc-verification.xyz/security,1
62,18,9,27,2,2,0,1,1,5,0,0,0.0,0.7903,0,0,0,0,0,0,4.2657,3.3502,1,1,0,0,0,0,0,0,0,0.0,0,http://suspicious-site.ga/redirect?url=http://victim-login.com,1
30,17,6,0,1,3,0,0,0,3,0,0,0.0,0.7333,0,0,1,0,0,1,4.0314,3.4548,1,0,0,0,0,0,0,0,0,0.0,0,http://xn--paypl-qqa.com/login,1
46,13,25,0,2,0,0,0,0,5,0,0,0.0,0.8261,0,1,0,1,0,0,4.1705,3.027,0,0,0,0,0,0,0,0,0,0.0,0,https://www.adobe.com/user/dashboard/analytics,0
51,18,25,0,2,0,0,0,0,5,0,0,0.0,0.8431,0,1,0,1,0,0,4.1208,3.4194,0,0,0,0,0,0,0,1,0,0.05,0,https://mail.instagram.com/user/dashboard/analytics,0
43,10,7,18,1,0,0,1,1,3,0,0,0.0,0.814,0,0,0,0,0,0,4.2313,2.7219,1,0,0,0,0,0,0,0,0,0.0,0,http://amazon.com/search?q=machine+learning,0
85,15,38,23,2,1,0,1,3,6,0,5,0.0588,0.7529,0,1,0,1,0,0,4.5927,3.1396,0,0,0,0,0,0,0,0,0,0.0,0,https://app.dropbox.com/repos/organization/repo-name/releases?ref=nav&q=test&id=87915,0
66,22,36,0,2,3,0,0,0,5,0,8,0.1212,0.7121,0,1,0,1,0,0,4.539,3.6635,1,0,0,0,0,0,0,0,0,0.0,0,https://support.aliexpress.com/questions/12345678/how-to-fix-error,0
81,19,30,23,3,0,0,1,3,5,0,5,0.0617,0.7531,0,1,0,1,0,0,4.5355,3.5111,1,0,0,0,0,0,0,4,0,0.2,0,https://support.walmart.com/download/latest/installer.exe?ref=nav&q=test&id=28899,0
70,14,25,23,1,0,0,1,3,5,0,5,0.0714,0.7429,0,0,0,0,0,0,4.6757,3.3788,0,0,0,0,0,0,0,0,0,0.0,0,http://cloudflare.com/user/dashboard/analytics?ref=nav&q=test&id=81420,0
53,31,15,0,1,3,0,0,0,3,0,0,0.0,0.8491,0,0,0,0,0,1,4.3507,4.0668,2,1,0,0,0,0,0,0,0,0.0,0,http://instagram-copyright-appeal.work/verify-account,1
40,26,7,0,1,2,0,0,0,3,0,1,0.025,0.8,0,0,0,0,0,1,4.2842,4.1329,3,0,0,0,0,0,0,0,0,0.0,0,http://netfl1x-billing-update.com/signin,1
37,12,17,0,2,2,0,0,0,3,0,0,0.0,0.7838,0,1,0,1,0,0,4.1141,2.9183,1,0,0,0,0,0,0,4,0,0.1,0,https://mail.bbc.com/terms-of-service,0
53,33,13,0,1,3,0,0,0,4,0,0,0.0,0.8302,0,0,0,0,0,1,4.3037,4.0438,3,1,0,1,1,0,1,7,1,0.83,0,http://hdfc-netbanking-customer-care.cam/secure/login,1
55,17,6,23,2,0,0,1,3,3,0,5,0.0909,0.6909,0,1,0,1,0,0,4.6426,3.4548,1,0,0,0,0,0,0,0,0,0.0,0,https://api.instagram.com/login?ref=nav&q=test&id=52049,0
31,18,6,0,2,0,0,0,0,3,0,0,0.0,0.8065,0,0,0,1,0,0,3.8858,3.281,2,0,0,1,1,0,0,3,0,0.17,0,http://support.zomato.com/login,0
39,14,17,0,2,2,0,0,0,3,0,0,0.0,0.7949,0,1,0,1,0,0,4.1756,2.8963,2,0,0,0,0,0,0,0,0,0.0,0,https://www.amazon.com/terms-of-service,0
60,14,38,0,2,1,0,0,0,6,0,0,0.0,0.8333,0,1,0,1,0,0,4.0267,3.0391,1,0,0,0,0,0,0,0,0,0.0,0,https://docs.chase.com/repos/organization/repo-name/releases,0
53,24,22,0,1,3,0,0,0,4,0,0,0.0,0.8302,0,0,0,0,0,1,4.1631,3.8035,4,1,0,1,1,1,1,3,1,0.95,1,http://chase-security-alert.fun/auth/confirm-identity,1
42,28,7,0,1,2,0,0,0,3,0,0,0.0,0.8333,0,0,0,0,0,1,3.976,3.709,0,1,0,1,1,0,1,10,1,0.91,1,http://immediate-action-required.tk/notice,1
53,16,30,0,3,0,0,0,0,5,0,0,0.0,0.8302,0,0,0,1,0,0,3.9845,3.1556,0,0,0,0,0,0,0,0,0,0.0,0,http://mail.walmart.com/download/latest/installer.exe,0
71,17,22,23,1,1,0,1,3,5,0,6,0.0845,0.7183,0,1,0,0,0,0,4.4903,2.8666,0,0,0,0,0,0,0,0,0,0.0,0,https://geeksforgeeks.org/docs/v2/api-reference?ref=nav&q=test&id=61066,0
68,12,18,30,3,0,0,1,1,4,0,12,0.1765,0.6765,1,0,0,2,0,0,4.7826,2.6887,3,0,0,1,1,1,1,7,1,0.67,2,http://16.200.72.36/auth/verification?token=13mksy5vefhpioovjwrjexev,1
56,18,6,23,2,0,0,1,3,3,0,5,0.0893,0.6964,0,1,0,1,0,0,4.6533,3.3083,2,0,0,1,1,0,0,3,0,0.22,0,https://mail.microsoft.com/login?ref=nav&q=test&id=89724,0
39,25,7,0,1,2,0,0,0,3,0,0,0.0,0.8205,0,0,0,0,0,1,4.3294,4.0235,4,1,0,1,1,1,1,10,0,0.79,1,http://paypal-account-verify.xyz/signin,1
48,34,7,0,1,3,0,0,0,3,0,0,0.0,0.8333,0,0,0,0,0,1,4.1395,3.7856,5,1,0,0,0,0,0,0,0,0.0,0,http://paypal-account-security-update.icu/verify,1
56,22,7,18,2,0,0,1,1,3,0,0,0.0,0.8393,0,1,0,1,0,0,4.3336,3.7888,1,0,0,0,0,0,0,0,0,0.0,0,https://support.huggingface.co/search?q=machine+learning,0
48,12,28,0,2,2,0,0,0,4,0,0,0.0,0.8125,0,1,0,1,0,0,4.1135,3.085,1,0,0,0,0,0,0,2,0,0.1,0,https://api.imdb.com/help-center/contact-support,0
59,15,36,0,2,3,0,0,0,5,0,8,0.1356,0.678,0,1,0,1,0,0,4.5822,2.9736,0,0,0,0,0,0,0,3,0,0.05,0,https://docs.zomato.com/questions/12345678/how-to-fix-error,0
47,33,7,0,1,2,0,0,0,3,0,0,0.0,0.8511,0,0,0,0,0,1,3.9715,3.7149,0,1,0,0,0,0,0,0,0,0.0,0,http://immediate-action-required.monster/notice,1
22,7,7,0,1,0,0,0,0,3,0,0,0.0,0.7727,0,1,0,0,0,0,3.516,2.2359,1,0,0,0,0,0,0,0,0,0.0,0,https://cnn.com/signin,0
24,16,0,0,2,0,0,0,0,2,0,0,0.0,0.7917,0,1,0,1,0,0,4.0535,3.625,1,0,0,0,0,0,0,0,0,0.0,0,https://blog.netflix.com,0
42,17,17,0,2,0,0,0,0,4,0,0,0.0,0.8333,0,1,0,1,0,0,4.1276,3.2639,0,0,0,0,0,0,0,2,0,0.32,0,https://blog.facebook.com/profile/settings,0
51,18,25,0,2,0,0,0,0,5,0,0,0.0,0.8431,0,1,0,1,0,0,4.0991,3.128,1,0,0,0,0,0,0,3,0,0.16,0,https://docs.microsoft.com/user/dashboard/analytics,0
40,26,7,0,1,2,0,0,0,3,0,0,0.0,0.825,0,0,0,0,0,1,4.3587,4.056,4,1,0,0,0,0,0,0,0,0.0,0,http://paypal-account-verify.buzz/signin,1
47,13,27,0,3,2,0,0,0,4,0,10,0.2128,0.5745,1,0,0,2,0,0,4.5807,2.6612,3,0,1,1,1,1,1,4,0,0.82,2,http://21.171.83.243/secure/update-banking-info,1
52,30,15,0,1,3,0,0,0,3,0,0,0.0,0.8462,0,0,0,0,0,1,4.2488,3.9899,2,1,0,0,0,0,0,0,0,0.0,0,http://instagram-copyright-appeal.icu/verify-account,1
53,17,28,0,2,2,0,0,0,4,0,0,0.0,0.8302,0,1,0,1,0,0,4.0618,3.1751,1,0,0,0,0,0,0,0,0,0.0,0,https://app.icicibank.com/help-center/contact-support,0
53,39,7,0,1,3,0,0,0,3,0,0,0.0,0.8491,0,0,0,0,0,1,4.2697,3.9359,2,1,0,1,1,1,1,4,1,0.79,0,http://customer-support-helpdesk-agent.monster/verify,1
42,27,8,0,1,3,0,0,0,3,0,0,0.0,0.8095,0,0,0,0,0,1,4.1892,3.8562,2,1,0,1,1,1,1,8,1,0.91,2,http://verify-your-identity-now.ml/confirm,1
86,16,38,23,2,1,0,1,3,6,0,5,0.0581,0.7558,0,1,0,1,0,0,4.5889,3.125,0,0,0,0,0,0,0,0,0,0.0,0,https://docs.dropbox.com/repos/organization/repo-name/releases?ref=nav&q=test&id=20018,0
65,16,17,23,2,2,0,1,3,3,0,5,0.0769,0.7077,0,1,0,1,0,0,4.624,3.5,1,0,0,0,0,0,0,0,0,0.0,0,https://app.linkedin.com/terms-of-service?ref=nav&q=test&id=72237,0
54,36,11,0,1,3,0,0,0,4,0,3,0.0556,0.7778,0,0,0,0,0,1,4.3431,3.9512,4,1,0,1,1,1,1,3,1,0.88,0,http://microsoft-365-password-reset.monster/auth/login,1
48,35,6,0,1,3,0,0,0,3,0,0,0.0,0.8333,0,0,0,0,0,1,4.0684,3.797,2,1,0,1,1,1,1,6,1,0.94,1,http://icici-rewards-points-redemption.cam/claim,1
57,42,7,0,4,1,0,0,0,3,0,0,0.0,0.8421,0,1,0,3,1,0,4.2429,3.9371,3,1,1,0,0,0,0,0,0,0.0,0,https://appleid.apple.com.account-recovery.monster/verify,1
64,18,38,0,2,1,0,0,0,6,0,0,0.0,0.8438,0,1,0,1,0,0,4.1031,3.4613,0,0,0,0,0,0,0,2,0,0.08,0,https://app.huggingface.co/repos/organization/repo-name/releases,0
36,14,15,0,3,0,0,0,0,4,0,11,0.3056,0.4722,1,0,0,2,0,0,4.2181,2.7885,1,0,1,1,1,1,1,3,1,0.9,1,http://80.241.186.178/banking/online,1
51,14,30,0,3,0,0,0,0,5,0,0,0.0,0.8235,0,0,0,1,0,0,3.9968,3.2359,1,0,0,0,0,0,0,3,0,0.1,0,http://docs.apple.com/download/latest/installer.exe,0
45,31,7,0,1,2,0,0,0,3,0,0,0.0,0.8444,0,0,0,0,0,1,4.0367,3.7811,0,1,0,0,0,0,0,0,0,0.0,0,http://immediate-action-required.click/notice,1
49,34,8,0,1,3,0,0,0,3,0,0,0.0,0.8367,0,0,0,0,0,1,4.1037,3.8559,1,1,0,1,1,1,1,11,0,0.67,0,http://metamask-wallet-recovery-phrase.tk/connect,1
41,16,17,0,2,0,0,0,0,4,0,0,0.0,0.8293,0,1,0,1,0,0,4.1107,3.625,1,0,0,0,0,0,0,1,0,0.08,0,https://support.ebay.com/profile/settings,0
70,15,23,23,2,1,0,1,3,4,0,5,0.0714,0.7286,0,1,0,1,0,0,4.7095,3.2402,0,0,0,0,0,0,0,3,0,0.28,0,https://mail.gitlab.com/explore/popular-topics?ref=nav&q=test&id=35639,0
43,11,25,0,4,0,0,0,0,5,0,8,0.186,0.5814,1,0,0,2,0,0,4.2954,2.6635,2,0,1,0,0,0,0,0,0,0.0,0,http://20.52.196.5/signin/paypal/index.html,1
82,22,30,21,2,0,0,1,2,5,0,1,0.0122,0.8293,0,1,0,1,0,0,4.4239,3.7888,0,0,0,0,0,0,0,0,0,0.0,0,https://mail.stackoverflow.com/products/category/electronics?page=2&sort=price_asc,0
53,39,7,0,1,3,0,0,0,3,0,0,0.0,0.8491,0,0,0,0,0,1,4.2536,3.7847,3,1,0,0,0,0,0,0,0,0.0,0,http://coinbase-account-suspended-notice.click/verify,1
50,36,7,0,1,3,0,0,0,3,0,0,0.0,0.84,0,0,0,0,0,1,4.3591,4.0441,2,1,0,0,0,0,0,0,0,0.0,0,http://customer-support-helpdesk-agent.work/verify,1
58,22,28,0,2,2,0,0,0,4,0,0,0.0,0.8448,0,1,0,1,0,0,4.0193,3.6978,1,0,0,0,0,0,0,1,0,0.06,0,https://support.cloudflare.com/help-center/contact-support,0
45,29,9,0,1,2,0,0,0,3,0,0,0.0,0.8444,0,0,0,0,0,1,4.2334,3.8404,2,1,0,0,0,0,0,0,0,0.0,0,http://binance-kyc-verification.work/security,1
47,13,27,0,3,2,0,0,0,4,0,10,0.2128,0.5745,1,0,0,2,0,0,4.6658,2.9689,3,0,1,1,1,1,1,9,1,0.68,2,http://27.198.135.41/secure/update-banking-info,1
41,12,22,0,2,1,0,0,0,5,0,1,0.0244,0.7561,0,0,0,1,0,0,4.1595,3.2516,0,0,0,0,0,0,0,0,0,0.0,0,http://docs.nih.gov/docs/v2/api-reference,0
47,33,7,0,1,3,0,0,0,3,0,0,0.0,0.8298,0,0,0,0,0,1,4.1921,3.862,5,1,0,0,0,0,0,0,0,0.0,0,http://paypal-account-security-update.tk/verify,1
50,21,7,14,3,1,0,1,1,3,0,0,0.0,0.78,0,0,0,2,0,0,4.5782,3.6538,4,1,1,0,0,0,0,0,0,0.0,0,http://login.paypal.com.work/webscr?cmd=_login-run,1
49,17,0,23,1,0,0,1,3,2,0,5,0.102,0.6939,0,1,0,0,0,0,4.6043,3.4548,0,0,0,0,0,0,0,2,0,0.26,0,https://bankofamerica.com?ref=nav&q=test&id=43553,0
51,29,15,0,1,3,0,0,0,3,0,0,0.0,0.8431,0,0,0,0,0,1,4.3048,3.9783,2,1,0,1,1,0,1,4,1,0.81,0,http://instagram-copyright-appeal.gq/verify-account,1
71,31,5,27,1,3,0,1,1,3,0,9,0.1268,0.7324,0,0,0,0,0,1,5.0265,3.9779,1,1,0,1,1,0,1,5,1,0.74,2,http://google-drive-shared-document.ml/view?id=37jwz9qyanbtpd18k8vm530x,1
62,18,9,27,2,2,0,1,1,5,0,0,0.0,0.7903,0,0,0,0,0,0,4.2397,3.2391,1,1,0,0,0,0,0,0,0,0.0,0,http://suspicious-site.cf/redirect?url=http://victim-login.com,1
33,19,7,0,1,1,0,0,0,3,0,1,0.0303,0.7879,0,0,0,0,0,0,4.165,3.8269,2,0,0,1,1,1,1,10,1,0.83,0,http://paypa1-security.com/webscr,1
53,32,14,0,2,2,0,0,0,4,0,0,0.0,0.8302,0,0,0,1,0,1,4.3291,4.1136,5,1,0,0,0,0,0,0,0,0.0,0,http://secure.netflix-payment-update.gq/account/login,1
50,32,11,0,1,3,0,0,0,4,0,3,0.06,0.76,0,0,0,0,0,1,4.3362,3.9292,4,1,0,0,0,0,0,0,0,0.0,0,http://microsoft-365-password-reset.top/auth/login,1
48,30,11,0,1,3,0,0,0,3,0,0,0.0,0.8333,0,0,0,0,0,1,4.2173,3.9232,3,1,0,0,0,0,0,0,0,0.0,0,http://unauthorized-login-detected.gq/secure-now,1
33,19,7,0,1,1,0,0,0,3,0,1,0.0303,0.7879,0,0,0,0,0,0,4.165,3.8269,2,0,0,0,0,0,0,0,0,0.0,0,http://paypa1-security.com/webscr,1
50,17,25,0,2,2,0,0,0,4,0,0,0.0,0.82,0,1,0,1,0,0,4.2064,3.1751,0,0,0,0,0,0,0,4,0,0.12,0,https://app.icicibank.com/about-us/leadership-team,0
69,13,18,30,3,0,0,1,1,4,0,16,0.2319,0.6232,1,0,0,2,0,0,4.7551,2.2878,3,0,0,1,1,1,1,2,1,0.71,1,http://20.114.131.14/auth/verification?token=7eqkjve4lvqxt4nn8v0cd6ky,1
50,32,11,0,1,3,0,0,0,4,0,3,0.06,0.76,0,0,0,0,0,1,4.4064,4.0542,4,1,0,0,0,0,0,0,0,0.0,0,http://microsoft-365-password-reset.icu/auth/login,1
43,12,0,22,2,0,0,1,3,2,0,4,0.093,0.6512,0,1,0,1,0,0,4.5715,3.2516,0,0,0,0,0,0,0,2,0,0.21,0,https://dev.ebay.com?ref=nav&q=test&id=8980,0
44,10,7,18,1,0,0,1,1,3,0,0,0.0,0.8182,0,1,0,0,0,0,4.2827,3.1219,0,0,0,0,0,0,0,0,0,0.14,0,https://kaggle.com/search?q=machine+learning,0
49,11,6,23,2,0,0,1,3,3,0,5,0.102,0.6531,0,1,0,1,0,0,4.5481,3.0958,1,0,0,0,0,0,0,0,0,0.0,0,https://api.nih.gov/login?ref=nav&q=test&id=62506,0
34,20,7,0,1,3,0,0,0,3,0,1,0.0294,0.7353,0,0,1,0,0,1,4.1163,3.6464,1,0,0,1,1,0,1,10,1,0.65,0,http://xn--mcrosoft-p1a.com/update,1
42,30,5,0,1,3,0,0,0,3,0,0,0.0,0.8095,0,0,0,0,0,1,4.2462,4.0729,3,1,0,1,1,0,1,11,1,0.74,0,http://banking-portal-secure-entry.ml/auth,1
51,18,26,0,2,1,0,0,0,6,0,0,0.0,0.7843,0,0,0,0,0,0,4.1422,3.7255,3,1,1,1,1,1,1,2,1,0.67,1,http://auth-check.monster/https://paypal.com/signin,1
58,37,14,0,2,2,0,0,0,4,0,0,0.0,0.8448,0,0,0,1,0,1,4.2624,4.0131,5,1,0,0,0,0,0,0,0,0.0,0,http://secure.netflix-payment-update.monster/account/login,1
39,14,18,0,4,0,0,0,0,4,0,11,0.2821,0.4872,1,0,0,2,0,0,4.0134,2.6106,2,0,1,1,1,1,1,2,0,0.74,2,http://40.170.241.131/paypal/signin.php,1
79,22,25,23,2,2,0,1,3,4,0,5,0.0633,0.7468,0,1,0,1,0,0,4.6813,3.4251,0,0,0,0,0,0,0,3,0,0.3,0,https://mail.geeksforgeeks.org/about-us/leadership-team?ref=nav&q=test&id=72491,0
38,24,7,0,1,2,0,0,0,3,0,0,0.0,0.8158,0,0,0,0,0,1,4.2866,4.0535,4,1,0,1,1,1,1,7,1,0.75,0,http://paypal-account-verify.gq/signin,1
30,22,0,0,2,0,0,0,0,2,0,0,0.0,0.8333,0,1,0,1,0,0,4.0314,3.6978,0,0,0,0,0,0,0,0,0,0.0,0,https://docs.stackoverflow.com,0
88,16,40,23,2,1,0,1,3,6,0,11,0.125,0.6932,0,1,0,1,0,0,4.8992,3.2028,0,0,0,0,0,0,0,0,0,0.12,0,https://app.facebook.com/article/2026/08/technology-breakthrough?ref=nav&q=test&id=57483,0
30,17,6,0,1,3,0,0,0,3,0,0,0.0,0.7333,0,0,1,0,0,1,4.2566,3.4548,0,0,0,1,1,1,1,5,1,0.71,1,http://xn--gogle-qqa.com/drive,1
72,32,5,27,1,3,0,1,1,3,0,9,0.125,0.7361,0,0,0,0,0,1,4.8568,4.0153,1,1,0,1,1,1,1,8,1,0.66,0,http://google-drive-shared-document.top/view?id=o7lfrq46o7xv9s72ko6kcc1z,1
50,36,7,0,1,3,0,0,0,3,0,0,0.0,0.84,0,0,0,0,0,1,4.2089,3.8747,5,1,0,1,1,1,1,10,0,0.73,1,http://paypal-account-security-update.click/verify,1
84,14,38,23,2,1,0,1,3,6,0,5,0.0595,0.75,0,1,0,1,0,0,4.5688,2.8424,0,0,0,0,0,0,0,3,0,0.19,0,https://www.zomato.com/repos/organization/repo-name/releases?ref=nav&q=test&id=83522,0
73,17,25,23,2,0,0,1,3,5,0,5,0.0685,0.7397,0,0,0,1,0,0,4.659,3.4548,0,0,0,0,0,0,0,2,0,0.08,0,http://api.instagram.com/user/dashboard/analytics?ref=nav&q=test&id=58436,0
32,15,10,0,4,0,0,0,0,3,0,12,0.375,0.375,1,0,0,2,0,0,3.9292,2.7396,1,0,0,1,1,1,1,8,0,0.89,0,http://168.215.196.163/login.php,1
46,34,5,0,1,3,0,0,0,3,0,0,0.0,0.8261,0,0,0,0,0,1,4.3004,4.0209,4,1,0,0,0,0,0,0,0,0.0,0,http://secure-wellsfargo-banking-alert.ml/auth,1
50,37,6,0,4,1,0,0,0,3,0,0,0.0,0.82,0,0,0,3,1,0,4.2542,3.9999,3,1,1,0,0,0,0,0,0,0.0,0,http://appleid.apple.com.verify-identity.xyz/login,1
38,13,18,0,4,0,0,0,0,4,0,10,0.2632,0.5,1,0,0,2,0,0,4.0278,2.6612,2,0,1,0,0,0,0,0,0,0.0,0,http://14.225.77.101/paypal/signin.php,1
54,33,14,0,2,2,0,0,0,4,0,0,0.0,0.8333,0,0,0,1,0,1,4.2478,3.9802,5,1,0,1,1,0,1,9,1,0.83,2,http://secure.netflix-payment-update.icu/account/login,1
69,14,23,23,2,1,0,1,3,4,0,5,0.0725,0.7246,0,1,0,1,0,0,4.6442,3.3788,0,0,0,0,0,0,0,0,0,0.0,0,https://api.target.com/explore/popular-topics?ref=nav&q=test&id=94253,0
83,13,38,23,2,1,0,1,3,6,0,5,0.0602,0.747,0,1,0,1,0,0,4.581,3.2389,0,0,0,0,0,0,0,0,0,0.3,0,https://blog.ebay.com/repos/organization/repo-name/releases?ref=nav&q=test&id=14244,0
48,14,7,18,2,0,0,1,1,3,0,0,0.0,0.8125,0,1,0,1,0,0,4.3239,3.2359,1,0,0,0,0,0,0,2,0,0.05,0,https://blog.apple.com/search?q=machine+learning,0
30,16,6,0,2,0,0,0,0,3,0,0,0.0,0.8,0,1,0,1,0,0,3.9899,3.4528,1,0,0,1,1,0,0,2,0,0.25,0,https://app.flipkart.com/login,0
42,17,17,0,2,2,0,0,0,3,0,0,0.0,0.8095,0,1,0,1,0,0,3.9581,3.4992,1,0,0,0,0,0,0,0,0,0.07,0,https://api.pinterest.com/terms-of-service,0
65,14,6,37,2,0,0,2,4,3,0,7,0.1077,0.6769,0,0,0,1,0,0,4.8802,2.8963,1,0,0,0,0,0,0,1,0,0.19,0,http://app.amazon.com/watch?v=dQw4w9WgXcQ?ref=nav&q=test&id=87681,0
79,21,7,42,2,0,0,2,4,3,0,5,0.0633,0.7468,0,1,0,1,0,0,4.6026,3.4633,1,0,0,0,0,0,0,0,0,0.0,0,https://support.pinterest.com/search?q=machine+learning?ref=nav&q=test&id=93301,0
59,15,36,0,2,3,0,0,0,5,0,8,0.1356,0.678,0,1,0,1,0,0,4.6538,3.3736,0,0,0,0,0,0,0,0,0,0.26,0,https://blog.github.com/questions/12345678/how-to-fix-error,0
70,12,7,42,2,0,0,2,4,3,0,5,0.0714,0.7143,0,1,0,1,0,0,4.8238,3.0221,0,0,0,0,0,0,0,0,0,0.0,0,https://blog.zoom.us/search?q=machine+learning?ref=nav&q=test&id=17309,0
46,18,6,13,2,0,0,1,1,3,0,2,0.0435,0.7826,0,1,0,1,0,0,4.5719,3.6144,0,0,0,0,0,0,0,4,0,0.22,0,https://blog.instagram.com/watch?v=dQw4w9WgXcQ,0
52,18,27,0,2,1,0,0,0,7,0,0,0.0,0.7885,0,0,0,0,0,0,4.2354,3.6835,4,1,0,0,0,0,0,0,0,0.0,0,http://portal-service.sbs//account/verify//login.php,1
45,17,6,13,2,0,0,1,1,3,0,2,0.0444,0.7778,0,1,0,1,0,0,4.447,3.3372,1,0,0,0,0,0,0,0,0,0.0,0,https://app.microsoft.com/watch?v=dQw4w9WgXcQ,0
44,32,5,0,1,3,0,0,0,3,0,0,0.0,0.8182,0,0,0,0,0,1,4.2462,4.0542,3,1,0,0,0,0,0,0,0,0.0,0,http://banking-portal-secure-entry.work/auth,1
43,28,8,0,1,3,0,0,0,3,0,0,0.0,0.814,0,0,0,0,0,1,4.2222,3.8249,2,1,0,1,1,1,1,3,1,0.94,2,http://verify-your-identity-now.xyz/confirm,1
46,13,7,18,2,0,0,1,1,3,0,0,0.0,0.8043,0,0,0,1,0,0,4.371,3.2389,0,0,0,0,0,0,0,0,0,0.0,0,http://blog.ebay.com/search?q=machine+learning,0
37,12,17,0,2,2,0,0,0,3,0,0,0.0,0.7838,0,1,0,1,0,0,4.0937,2.6887,1,0,0,0,0,0,0,4,0,0.12,0,https://blog.bbc.com/terms-of-service,0
43,27,9,0,1,2,0,0,0,3,0,0,0.0,0.8372,0,0,0,0,0,1,4.1359,3.6899,2,1,0,1,1,0,1,8,0,0.69,1,http://binance-kyc-verification.cf/security,1
50,36,7,0,1,3,0,0,0,3,0,0,0.0,0.84,0,0,0,0,0,1,4.3591,4.0441,2,1,0,0,0,0,0,0,0,0.0,0,http://customer-support-helpdesk-agent.work/verify,1
48,34,7,0,1,3,0,0,0,3,0,0,0.0,0.8333,0,0,0,0,0,1,4.33,4.0575,2,1,0,1,1,1,1,4,1,0.71,0,http://customer-support-helpdesk-agent.cf/verify,1
46,34,5,0,1,3,0,0,0,3,0,0,0.0,0.8261,0,0,0,0,0,1,4.3111,4.0353,4,1,0,1,1,1,1,7,1,0.81,2,http://secure-wellsfargo-banking-alert.gq/auth,1
33,12,14,0,3,0,0,0,0,4,0,9,0.2727,0.4848,1,0,0,2,0,0,4.1273,2.6258,2,0,1,1,1,0,1,8,1,0.68,0,http://177.58.79.28/netflix/login,1
34,20,7,0,1,3,0,0,0,3,0,1,0.0294,0.7353,0,0,1,0,0,1,4.1163,3.6464,1,0,0,1,1,1,1,8,1,0.7,1,http://xn--mcrosoft-p1a.com/update,1
46,13,25,0,2,0,0,0,0,5,0,0,0.0,0.8261,0,1,0,1,0,0,4.1022,3.2389,0,0,0,0,0,0,0,0,0,0.15,0,https://api.adobe.com/user/dashboard/analytics,0
52,6,38,0,1,1,0,0,0,6,0,0,0.0,0.8269,0,1,0,0,0,0,3.9525,2.585,0,0,0,0,0,0,0,0,0,0.0,0,https://gov.in/repos/organization/repo-name/releases,0
59,21,6,23,2,0,0,1,3,3,0,5,0.0847,0.7119,0,1,0,1,0,0,4.6872,3.6897,1,0,0,0,0,0,0,0,0,0.0,0,https://dev.bankofamerica.com/login?ref=nav&q=test&id=11132,0
70,10,30,21,1,0,0,1,2,5,0,1,0.0143,0.8143,0,1,0,0,0,0,4.317,3.3219,0,0,0,0,0,0,0,2,0,0.06,0,https://gitlab.com/products/category/electronics?page=2&sort=price_asc,0
85,13,40,23,2,1,0,1,3,6,0,11,0.1294,0.6824,0,1,0,1,0,0,4.8558,3.027,1,0,0,0,0,0,0,0,0,0.23,0,https://www.chase.com/article/2026/08/technology-breakthrough?ref=nav&q=test&id=50128,0
76,22,22,23,2,1,0,1,3,5,0,6,0.0789,0.7237,0,1,0,1,0,0,4.6967,3.7888,0,0,0,0,0,0,0,0,0,0.0,0,https://mail.stackoverflow.com/docs/v2/api-reference?ref=nav&q=test&id=83370,0
70,16,22,23,2,1,0,1,3,5,0,6,0.0857,0.7,0,1,0,1,0,0,4.7323,3.3278,0,0,0,0,0,0,0,0,0,0.0,0,https://www.linkedin.com/docs/v2/api-reference?ref=nav&q=test&id=80957,0
52,18,27,0,2,1,0,0,0,7,0,0,0.0,0.7885,0,0,0,0,0,0,4.1636,3.7255,4,1,0,1,1,1,1,10,1,0.86,1,http://portal-service.icu//account/verify//login.php,1
47,14,25,0,2,0,0,0,0,5,0,0,0.0,0.8298,0,1,0,1,0,0,4.1265,3.0391,0,0,0,0,0,0,0,0,0,0.0,0,https://api.zomato.com/user/dashboard/analytics,0
50,37,6,0,2,2,0,0,0,3,0,0,0.0,0.84,0,0,0,1,0,1,4.4582,4.1416,4,1,1,1,1,0,1,2,1,0.79,0,http://wellsfargo.banking-access-service.xyz/login,1
55,22,25,0,2,2,0,0,0,4,0,0,0.0,0.8364,0,1,0,1,0,0,4.2564,3.7888,1,0,0,0,0,0,0,2,0,0.23,0,https://support.huggingface.co/about-us/leadership-team,0
46,14,0,23,2,0,0,1,3,2,0,5,0.1087,0.6522,0,1,0,1,0,0,4.6917,3.182,0,0,0,0,0,0,0,0,0,0.0,0,https://blog.adobe.com?ref=nav&q=test&id=39849,0
49,34,8,0,1,3,0,0,0,3,0,0,0.0,0.8367,0,0,0,0,0,1,4.1117,3.8337,1,1,0,1,1,1,1,3,1,0.68,1,http://metamask-wallet-recovery-phrase.ml/connect,1
51,37,7,0,1,3,0,0,0,3,0,0,0.0,0.8431,0,0,0,0,0,1,4.1627,3.6888,3,1,0,1,1,1,1,4,1,0.8,0,http://coinbase-account-suspended-notice.top/verify,1
33,19,7,0,1,1,0,0,0,3,0,1,0.0303,0.7879,0,0,0,0,0,0,4.165,3.8269,2,0,0,1,1,1,1,7,0,0.74,1,http://paypa1-security.com/webscr,1
79,11,36,23,2,3,0,1,3,5,0,13,0.1646,0.6203,0,1,0,1,0,0,4.8892,2.4817,0,0,0,0,0,0,0,0,0,0.0,0,https://www.bbc.com/questions/12345678/how-to-fix-error?ref=nav&q=test&id=58832,0
38,24,7,0,1,2,0,0,0,3,0,0,0.0,0.8158,0,0,0,0,0,1,4.2866,3.9702,4,1,0,1,1,1,1,4,1,0.8,2,http://paypal-account-verify.ml/signin,1
71,13,7,42,2,0,0,2,4,3,0,5,0.0704,0.7183,0,1,0,1,0,0,4.7195,3.2389,0,0,0,0,0,0,0,3,0,0.34,0,https://mail.ebay.com/search?q=machine+learning?ref=nav&q=test&id=42503,0
31,22,1,0,2,0,0,0,0,3,0,0,0.0,0.8065,0,1,0,1,0,0,3.9937,3.7888,2,0,0,0,0,0,0,0,0,0.07,0,https://support.wellsfargo.com/,0
53,15,30,0,3,0,0,0,0,5,0,0,0.0,0.8302,0,1,0,1,0,0,4.0562,3.2402,0,0,0,0,0,0,0,2,0,0.32,0,https://app.mozilla.org/download/latest/installer.exe,0
43,31,5,0,1,3,0,0,0,3,0,0,0.0,0.814,0,0,0,0,0,1,4.2313,4.0582,3,1,0,1,1,0,1,2,1,0.95,2,http://banking-portal-secure-entry.cam/auth,1
53,15,30,0,3,0,0,0,0,5,0,0,0.0,0.8302,0,1,0,1,0,0,4.1027,3.2402,0,0,0,0,0,0,0,0,0,0.0,0,https://blog.gitlab.com/download/latest/installer.exe,0
78,20,28,22,2,2,0,1,3,4,0,4,0.0513,0.7564,0,0,0,1,0,0,4.5845,3.7842,1,0,0,0,0,0,0,0,0,0.0,0,http://mail.theguardian.com/help-center/contact-support?ref=nav&q=test&id=3077,0
57,42,7,0,4,1,0,0,0,3,0,0,0.0,0.8421,0,1,0,3,1,0,4.2429,3.9371,3,1,1,1,1,0,0,2,1,0.92,2,https://appleid.apple.com.account-recovery.monster/verify,1
55,25,23,0,2,1,0,0,0,4,0,0,0.0,0.8545,0,0,0,1,0,0,3.9807,3.3231,1,0,0,0,0,0,0,0,0,0.0,0,http://support.geeksforgeeks.org/explore/popular-topics,0
79,19,30,21,2,0,0,1,2,5,0,1,0.0127,0.8228,0,1,0,1,0,0,4.3712,3.5766,0,0,0,0,0,0,0,0,0,0.0,0,https://mail.huggingface.co/products/category/electronics?page=2&sort=price_asc,0
49,36,6,0,2,2,0,0,0,3,0,0,0.0,0.8367,0,0,0,1,0,1,4.2978,3.9267,4,1,1,1,1,0,1,2,1,0.83,2,http://wellsfargo.banking-access-service.cf/login,1
71,15,18,30,3,0,0,1,1,4,0,19,0.2676,0.5915,1,0,0,2,0,0,4.9402,2.6062,3,0,0,0,0,0,0,0,0,0.0,0,http://121.127.176.205/auth/verification?token=4q68ijbkwdkrlgqzq8csk246,1
79,20,30,21,2,0,0,1,2,5,0,1,0.0127,0.8228,0,0,0,1,0,0,4.3569,3.7842,0,0,0,0,0,0,0,2,0,0.06,0,http://mail.theguardian.com/products/category/electronics?page=2&sort=price_asc,0
73,21,6,37,2,0,0,2,4,3,0,7,0.0959,0.7123,0,1,0,1,0,0,4.7784,3.1369,0,0,0,0,0,0,0,0,0,0.0,0,https://dev.geeksforgeeks.org/watch?v=dQw4w9WgXcQ?ref=nav&q=test&id=24198,0
36,14,15,0,3,0,0,0,0,4,0,11,0.3056,0.4722,1,0,0,2,0,0,4.1042,2.4956,1,0,1,1,1,1,1,4,1,0.76,0,http://217.165.131.15/banking/online,1
52,14,30,0,3,0,0,0,0,5,0,0,0.0,0.8269,0,1,0,1,0,0,4.0805,3.3249,0,0,0,0,0,0,0,0,0,0.23,0,https://blog.twitch.tv/download/latest/installer.exe,0
38,23,7,0,2,0,0,0,0,3,0,0,0.0,0.8421,0,1,0,1,0,0,4.0433,3.9149,2,0,0,0,0,0,0,0,0,0.0,0,https://support.theguardian.com/signin,0
50,35,8,0,1,3,0,0,0,3,0,0,0.0,0.84,0,0,0,0,0,1,4.2162,4.0116,1,1,0,0,0,0,0,0,0,0.0,0,http://metamask-wallet-recovery-phrase.icu/connect,1
89,17,40,23,2,1,0,1,3,6,0,11,0.1236,0.6966,0,1,0,1,0,0,4.7661,3.3372,0,0,0,0,0,0,0,0,0,0.24,0,https://mail.linkedin.com/article/2026/08/technology-breakthrough?ref=nav&q=test&id=22820,0
46,14,25,0,4,0,0,0,0,5,0,11,0.2391,0.5435,1,0,0,2,0,0,4.3031,2.6456,2,0,1,1,1,1,1,10,1,0.93,0,http://107.217.226.47/signin/paypal/index.html,1
40,26,7,0,1,2,0,0,0,3,0,1,0.025,0.8,0,0,0,0,0,1,4.2842,4.1329,3,0,0,0,0,0,0,0,0,0.0,0,http://netfl1x-billing-update.com/signin,1
71,16,23,23,2,1,0,1,3,4,0,5,0.0704,0.7324,0,1,0,1,0,0,4.6405,3.3278,0,0,0,0,0,0,0,0,0,0.24,0,https://docs.spotify.com/explore/popular-topics?ref=nav&q=test&id=24797,0
53,21,25,0,2,0,0,0,0,5,0,0,0.0,0.8491,0,0,0,1,0,0,4.2052,3.3088,0,0,0,0,0,0,0,0,0,0.0,0,http://api.geeksforgeeks.org/user/dashboard/analytics,0
70,10,30,21,1,0,0,1,2,5,0,1,0.0143,0.8143,0,1,0,0,0,0,4.2808,2.6464,0,0,0,0,0,0,0,3,0,0.12,0,https://zomato.com/products/category/electronics?page=2&sort=price_asc,0
77,17,30,21,2,0,0,1,2,5,0,2,0.026,0.8052,0,1,0,1,0,0,4.3298,3.3372,0,0,0,0,0,0,0,3,0,0.25,0,https://app.w3schools.com/products/category/electronics?page=2&sort=price_asc,0
47,35,5,0,1,3,0,0,0,3,0,0,0.0,0.8298,0,0,0,0,0,1,4.2563,3.9573,4,1,0,1,1,0,1,7,1,0.92,2,http://secure-wellsfargo-banking-alert.sbs/auth,1
85,18,36,23,2,3,0,1,3,5,0,13,0.1529,0.6471,0,0,0,1,0,0,4.7829,3.128,1,0,0,0,0,0,0,0,0,0.07,0,http://docs.microsoft.com/questions/12345678/how-to-fix-error?ref=nav&q=test&id=31844,0
91,19,40,23,2,1,0,1,3,6,0,11,0.1209,0.7033,0,1,0,1,0,0,4.8443,3.4714,0,0,0,0,0,0,0,4,0,0.3,0,https://mail.cloudflare.com/article/2026/08/technology-breakthrough?ref=nav&q=test&id=14801,0
53,38,7,0,4,1,0,0,0,3,0,0,0.0,0.8302,0,1,0,3,1,0,4.1924,3.8173,3,1,1,1,1,0,0,12,0,0.69,1,https://appleid.apple.com.account-recovery.top/verify,1
63,17,38,0,2,1,0,0,0,6,0,0,0.0,0.8413,0,1,0,1,0,0,3.9166,3.4548,0,0,0,0,0,0,0,2,0,0.33,0,https://app.pinterest.com/repos/organization/repo-name/releases,0
71,12,28,23,2,2,0,1,3,4,0,5,0.0704,0.7183,0,0,0,1,0,0,4.5019,2.6887,1,0,0,0,0,0,0,0,0,0.0,0,http://docs.cnn.com/help-center/contact-support?ref=nav&q=test&id=48114,0
77,18,30,21,2,0,0,1,2,5,0,1,0.013,0.8182,0,0,0,1,0,0,4.387,3.3083,0,0,0,0,0,0,0,3,0,0.34,0,http://blog.icicibank.com/products/category/electronics?page=2&sort=price_asc,0
49,36,6,0,2,2,0,0,0,3,0,0,0.0,0.8367,0,0,0,1,0,1,4.3078,4.0169,4,1,1,0,0,0,0,0,0,0.0,0,http://wellsfargo.banking-access-service.tk/login,1
64,18,38,0,2,1,0,0,0,6,0,0,0.0,0.8438,0,1,0,1,0,0,3.9801,3.4613,1,0,0,0,0,0,0,2,0,0.31,0,https://support.target.com/repos/organization/repo-name/releases,0
49,35,7,0,1,3,0,0,0,3,0,0,0.0,0.8367,0,0,0,0,0,1,4.2803,3.9573,5,1,0,1,1,1,1,11,1,0.76,0,http://paypal-account-security-update.buzz/verify,1
65,17,40,0,1,1,0,0,0,6,0,6,0.0923,0.7692,0,1,0,0,0,0,4.3438,2.8666,0,0,0,0,0,0,0,0,0,0.18,0,https://geeksforgeeks.org/article/2026/08/technology-breakthrough,0
50,20,22,0,2,1,0,0,0,5,0,1,0.02,0.8,0,1,0,1,0,0,4.222,3.6219,1,0,0,0,0,0,0,0,0,0.0,0,https://support.facebook.com/docs/v2/api-reference,0
19,11,0,0,1,0,0,0,0,2,0,0,0.0,0.7895,0,1,0,0,0,0,3.6819,3.0272,0,0,0,0,0,0,0,0,0,0.0,0,https://dropbox.com,0
54,15,7,23,2,0,0,1,3,3,0,5,0.0926,0.6852,0,1,0,1,0,0,4.6321,3.3232,1,0,0,0,0,0,0,0,0,0.0,0,https://www.spotify.com/signin?ref=nav&q=test&id=73657,0
52,14,6,23,2,0,0,1,3,3,0,5,0.0962,0.6731,0,1,0,1,0,0,4.6518,3.2359,1,0,0,0,0,0,0,0,0,0.0,0,https://blog.arxiv.org/login?ref=nav&q=test&id=90954,0
44,30,7,0,1,3,0,0,0,3,0,0,0.0,0.8182,0,0,0,0,0,1,4.2656,4.0151,3,1,0,1,1,1,1,7,1,0.77,1,http://claim-free-crypto-airdrop.buzz/wallet,1
67,15,6,37,2,0,0,2,4,3,0,7,0.1045,0.6866,0,1,0,1,0,0,4.8529,3.0566,1,0,0,0,0,0,0,3,0,0.08,0,https://support.zoom.us/watch?v=dQw4w9WgXcQ?ref=nav&q=test&id=96668,0
44,13,0,23,2,0,0,1,3,2,0,5,0.1136,0.6364,0,0,0,1,0,0,4.7433,3.2389,0,0,0,0,0,0,0,0,0,0.0,0,http://mail.bing.com?ref=nav&q=test&id=46293,0
51,33,11,0,1,3,0,0,0,4,0,3,0.0588,0.7647,0,0,0,0,0,1,4.418,3.9912,4,1,0,0,0,0,0,0,0,0.0,0,http://microsoft-365-password-reset.work/auth/login,1
47,14,1,23,2,0,0,1,3,3,0,5,0.1064,0.6383,0,1,0,1,0,0,4.6818,3.3788,1,0,0,0,0,0,0,0,0,0.29,0,https://blog.chase.com/?ref=nav&q=test&id=60882,0
34,20,7,0,1,3,0,0,0,3,0,1,0.0294,0.7353,0,0,1,0,0,1,4.1163,3.6464,1,0,0,1,1,1,1,3,0,0.75,0,http://xn--mcrosoft-p1a.com/update,1
51,13,6,23,3,0,0,1,3,3,0,5,0.098,0.6471,0,1,0,2,0,0,4.6424,3.027,1,0,1,0,0,0,0,0,0,0.0,0,https://app.sbi.co.in/login?ref=nav&q=test&id=17832,0
53,38,7,0,4,1,0,0,0,3,0,0,0.0,0.8302,0,1,0,3,1,0,4.2987,3.9977,3,1,1,0,0,0,0,0,0,0.0,0,https://appleid.apple.com.account-recovery.sbs/verify,1
73,25,40,0,2,1,0,0,0,6,0,6,0.0822,0.7808,0,1,0,1,0,0,4.5262,3.8439,1,0,0,0,0,0,0,4,0,0.18,0,https://support.stackoverflow.com/article/2026/08/technology-breakthrough,0
43,11,0,23,2,0,0,1,3,2,0,5,0.1163,0.6279,0,1,0,1,0,0,4.5364,3.0958,0,0,0,0,0,0,0,0,0,0.0,0,https://dev.zoom.us?ref=nav&q=test&id=50353,0
47,14,26,0,2,1,0,0,0,6,0,0,0.0,0.766,0,0,0,0,0,0,4.0944,3.3788,3,1,1,1,1,1,1,5,1,0.93,2,http://auth-check.sbs/https://paypal.com/signin,1
48,15,25,0,2,0,0,0,0,5,0,0,0.0,0.8333,0,1,0,1,0,0,4.1374,3.3736,0,0,0,0,0,0,0,0,0,0.0,0,https://app.youtube.com/user/dashboard/analytics,0
46,26,13,0,1,3,0,0,0,4,0,0,0.0,0.8043,0,0,0,0,0,1,4.1456,3.6714,2,1,0,0,0,0,0,0,0,0.0,0,http://sbi-online-banking-kyc.icu/retail/login,1
38,13,18,0,4,0,0,0,0,4,0,10,0.2632,0.5,1,0,0,2,0,0,3.9553,2.4493,2,0,1,0,0,0,0,0,0,0.0,0,http://17.192.122.39/paypal/signin.php,1
47,14,26,0,2,1,0,0,0,6,0,0,0.0,0.766,0,0,0,0,0,0,4.0197,3.3788,3,1,1,1,1,1,1,5,1,0.75,0,http://auth-check.top/https://paypal.com/signin,1
73,16,25,23,2,0,0,1,3,5,0,5,0.0685,0.7397,0,1,0,1,0,0,4.663,3.4528,0,0,0,0,0,0,0,3,0,0.29,0,https://api.linkedin.com/user/dashboard/analytics?ref=nav&q=test&id=95052,0
52,18,27,0,2,1,0,0,0,7,0,0,0.0,0.7885,0,0,0,0,0,0,4.2115,3.7255,4,1,0,1,1,0,1,6,1,0.81,1,http://portal-service.cam//account/verify//login.php,1
57,42,7,0,4,1,0,0,0,3,0,0,0.0,0.8421,0,1,0,3,1,0,4.2429,3.9371,3,1,1,1,1,0,0,2,1,0.74,0,https://appleid.apple.com.account-recovery.monster/verify,1
75,17,7,42,2,0,0,2,4,3,0,5,0.0667,0.7333,0,1,0,1,0,0,4.6474,3.4992,2,0,0,0,0,0,0,3,0,0.22,0,https://support.chase.com/search?q=machine+learning?ref=nav&q=test&id=56895,0
38,14,17,0,2,0,0,0,0,4,0,0,0.0,0.8158,0,0,0,1,0,0,4.1132,3.3249,0,0,0,0,0,0,0,2,0,0.14,0,http://www.gitlab.com/profile/settings,0
49,14,28,0,3,2,0,0,0,4,0,0,0.0,0.7959,0,0,0,2,0,0,4.0683,3.0391,1,0,1,0,0,0,0,4,0,0.29,0,http://blog.sbi.co.in/help-center/contact-support,0
40,26,7,0,1,2,0,0,0,3,0,1,0.025,0.8,0,0,0,0,0,1,4.2842,4.1329,3,0,0,0,0,0,0,0,0,0.0,0,http://netfl1x-billing-update.com/signin,1
47,15,25,0,4,0,0,0,0,5,0,12,0.2553,0.5319,1,0,0,2,0,0,4.3601,2.8226,2,0,1,1,1,1,1,12,1,0.91,2,http://134.218.250.142/signin/paypal/index.html,1
48,15,25,0,2,0,0,0,0,5,0,0,0.0,0.8333,0,1,0,1,0,0,4.2385,3.3232,0,0,0,0,0,0,0,0,0,0.0,0,https://blog.medium.com/user/dashboard/analytics,0
29,15,6,0,2,0,0,0,0,3,0,0,0.0,0.7931,0,1,0,1,0,0,3.7883,3.5069,2,0,0,1,1,0,0,1,0,0.07,0,https://support.nih.gov/login,0
87,18,38,23,2,1,0,1,3,6,0,5,0.0575,0.7586,0,0,0,1,0,0,4.5179,3.4613,0,0,0,0,0,0,0,0,0,0.0,0,http://dev.salesforce.com/repos/organization/repo-name/releases?ref=nav&q=test&id=42514,0
48,19,7,14,3,1,0,1,1,3,0,0,0.0,0.7708,0,0,0,2,0,0,4.5841,3.4714,4,1,1,0,0,0,0,0,0,0.0,0,http://login.paypal.com.gq/webscr?cmd=_login-run,1
76,36,5,27,1,3,0,1,1,3,0,5,0.0658,0.8026,0,0,0,0,0,1,4.8366,3.9512,1,1,0,1,1,1,1,3,1,0.74,2,http://google-drive-shared-document.monster/view?id=rfl8x5lwq4v9yfgqdtxqz2pq,1
21,12,1,0,2,0,0,0,0,3,0,0,0.0,0.7143,0,1,0,1,0,0,3.4633,2.6887,0,0,0,0,0,0,0,1,0,0.21,0,https://docs.bbc.com/,0
52,15,6,23,2,0,0,1,3,3,0,5,0.0962,0.6731,0,0,0,1,0,0,4.6499,2.7899,2,0,0,0,0,0,0,0,0,0.0,0,http://blog.google.com/login?ref=nav&q=test&id=47850,0
50,37,6,0,4,1,0,0,0,3,0,0,0.0,0.82,0,0,0,3,1,0,4.1742,3.8918,3,1,1,0,0,0,0,0,0,0.0,0,http://appleid.apple.com.verify-identity.cam/login,1
30,17,6,0,1,3,0,0,0,3,0,0,0.0,0.7333,0,0,1,0,0,1,4.0314,3.4548,1,0,0,0,0,0,0,0,0,0.0,0,http://xn--paypl-qqa.com/login,1
35,20,7,0,2,0,0,0,0,3,0,0,0.0,0.8286,0,1,0,1,0,0,4.1643,3.9219,2,0,0,0,0,0,0,0,0,0.0,0,https://support.hdfcbank.com/signin,0
50,36,7,0,1,3,0,0,0,3,0,0,0.0,0.84,0,0,0,0,0,1,4.424,4.1206,2,1,0,0,0,0,0,0,0,0.0,0,http://customer-support-helpdesk-agent.buzz/verify,1
63,19,9,27,2,2,0,1,1,5,0,0,0.0,0.7937,0,0,0,0,0,0,4.2641,3.3264,1,1,0,0,0,0,0,0,0,0.0,0,http://suspicious-site.fun/redirect?url=http://victim-login.com,1
64,15,17,23,2,2,0,1,3,3,0,5,0.0781,0.7031,0,1,0,1,0,0,4.6244,3.6402,2,0,0,0,0,0,0,3,0,0.24,0,https://api.netflix.com/terms-of-service?ref=nav&q=test&id=84674,0
43,29,7,0,1,3,0,0,0,3,0,0,0.0,0.814,0,0,0,0,0,1,4.2047,3.9354,3,1,0,1,1,1,1,8,1,0.83,0,http://claim-free-crypto-airdrop.xyz/wallet,1
40,27,6,0,1,2,0,0,0,3,0,0,0.0,0.825,0,0,0,0,0,1,4.2062,3.8282,4,1,0,1,1,1,1,11,1,0.93,1,http://account-security-update.sbs/login,1
47,35,5,0,1,3,0,0,0,3,0,0,0.0,0.8298,0,0,0,0,0,1,4.2667,3.9929,4,1,0,0,0,0,0,0,0,0.0,0,http://secure-wellsfargo-banking-alert.fun/auth,1
49,35,7,0,1,3,0,0,0,3,0,0,0.0,0.8367,0,0,0,0,0,1,4.3271,3.99,2,1,0,1,1,1,1,12,0,0.93,0,http://customer-support-helpdesk-agent.sbs/verify,1
50,17,7,18,2,0,0,1,1,3,0,0,0.0,0.82,0,0,0,1,0,0,4.4031,3.5725,1,0,0,0,0,0,0,1,0,0.28,0,http://support.adobe.com/search?q=machine+learning,0
41,13,6,13,2,0,0,1,1,3,0,2,0.0488,0.7561,0,1,0,1,0,0,4.5338,3.0851,0,0,0,0,0,0,0,0,0,0.0,0,https://blog.bing.com/watch?v=dQw4w9WgXcQ,0
89,17,40,23,2,1,0,1,3,6,0,11,0.1236,0.6966,0,1,0,1,0,0,4.9165,3.1751,1,0,0,0,0,0,0,1,0,0.17,0,https://www.microsoft.com/article/2026/08/technology-breakthrough?ref=nav&q=test&id=52314,0
51,37,7,0,1,3,0,0,0,3,0,0,0.0,0.8431,0,0,0,0,0,1,4.312,3.905,3,1,0,1,1,1,1,10,0,0.74,2,http://coinbase-account-suspended-notice.xyz/verify,1
51,33,11,0,1,3,0,0,0,4,0,3,0.0588,0.7647,0,0,0,0,0,1,4.418,3.9912,4,1,0,0,0,0,0,0,0,0.0,0,http://microsoft-365-password-reset.work/auth/login,1
53,38,7,0,4,1,0,0,0,3,0,0,0.0,0.8302,0,1,0,3,1,0,4.2213,3.8173,3,1,1,0,0,0,0,0,0,0.0,0,https://appleid.apple.com.account-recovery.cam/verify,1
70,14,18,30,3,0,0,1,1,4,0,19,0.2714,0.5857,1,0,0,2,0,0,4.836,2.5567,3,0,0,1,1,1,1,8,0,0.76,2,http://199.16.107.194/auth/verification?token=zld3b3iyaf00h6qj0ul45tfh,1
48,35,6,0,1,3,0,0,0,3,0,0,0.0,0.8333,0,0,0,0,0,1,4.0684,3.797,2,1,0,0,0,0,0,0,0,0.0,0,http://icici-rewards-points-redemption.cam/claim,1
28,13,7,0,2,0,0,0,0,3,0,0,0.0,0.7857,0,1,0,1,0,0,4.0391,3.027,1,0,0,1,1,0,0,3,0,0.06,0,https://www.adobe.com/signin,0
37,12,17,0,2,2,0,0,0,3,0,0,0.0,0.7838,0,1,0,1,0,0,4.1141,2.9183,1,0,0,0,0,0,0,0,0,0.0,0,https://mail.bbc.com/terms-of-service,0
52,18,27,0,2,1,0,0,0,7,0,0,0.0,0.7885,0,0,0,0,0,0,4.1256,3.6144,4,1,0,0,0,0,0,0,0,0.0,0,http://portal-service.top//account/verify//login.php,1
47,13,27,0,3,2,0,0,0,4,0,10,0.2128,0.5745,1,0,0,2,0,0,4.5807,2.6612,3,0,1,0,0,0,0,0,0,0.0,0,http://62.146.32.115/secure/update-banking-info,1
57,9,40,0,1,1,0,0,0,6,0,6,0.1053,0.7368,0,1,0,0,0,0,4.4137,2.9477,1,0,0,0,0,0,0,0,0,0.0,0,https://apple.com/article/2026/08/technology-breakthrough,0
72,12,30,21,2,0,0,1,2,5,0,1,0.0139,0.8056,0,1,0,1,0,0,4.3748,3.2516,0,0,0,0,0,0,0,1,0,0.33,0,https://dev.ebay.com/products/category/electronics?page=2&sort=price_asc,0
23,16,0,0,2,0,0,0,0,2,0,0,0.0,0.7826,0,0,0,1,0,0,3.882,3.5,1,0,0,0,0,0,0,0,0,0.0,0,http://mail.netflix.com,0
47,35,5,0,1,3,0,0,0,3,0,0,0.0,0.8298,0,0,0,0,0,1,4.2667,3.9929,4,1,0,0,0,0,0,0,0,0.0,0,http://secure-wellsfargo-banking-alert.fun/auth,1
62,13,17,23,2,2,0,1,3,3,0,5,0.0806,0.6935,0,1,0,1,0,0,4.6817,3.027,2,0,0,0,0,0,0,0,0,0.0,0,https://www.apple.com/terms-of-service?ref=nav&q=test&id=93027,0
48,14,27,0,3,2,0,0,0,4,0,11,0.2292,0.5625,1,0,0,2,0,0,4.673,2.9852,3,0,1,0,0,0,0,0,0,0.0,0,http://172.156.180.97/secure/update-banking-info,1
43,15,6,13,2,0,0,1,1,3,0,2,0.0465,0.7674,0,1,0,1,0,0,4.6119,3.6402,1,0,0,0,0,0,0,3,0,0.13,0,https://app.netflix.com/watch?v=dQw4w9WgXcQ,0
44,32,5,0,1,3,0,0,0,3,0,0,0.0,0.8182,0,0,0,0,0,1,4.2573,4.0931,3,1,0,0,0,0,0,0,0,0.0,0,http://banking-portal-secure-entry.buzz/auth,1
46,34,5,0,1,3,0,0,0,3,0,0,0.0,0.8261,0,0,0,0,0,1,4.2326,3.9398,4,1,0,1,1,0,1,2,1,0.67,0,http://secure-wellsfargo-banking-alert.ga/auth,1
80,11,38,23,2,1,0,1,3,6,0,5,0.0625,0.7375,0,0,0,1,0,0,4.5688,2.914,0,0,0,0,0,0,0,0,0,0.0,0,http://dev.cnn.com/repos/organization/repo-name/releases?ref=nav&q=test&id=14037,0
41,14,6,13,2,0,0,1,1,3,0,2,0.0488,0.7561,0,0,0,1,0,0,4.485,3.2359,0,0,0,0,0,0,0,2,0,0.19,0,http://mail.adobe.com/watch?v=dQw4w9WgXcQ,0
61,13,17,23,2,2,0,1,3,3,0,5,0.082,0.6885,0,0,0,1,0,0,4.689,3.2389,1,0,0,0,0,0,0,0,0,0.22,0,http://docs.bing.com/terms-of-service?ref=nav&q=test&id=48695,0
49,20,7,14,3,1,0,1,1,3,0,0,0.0,0.7755,0,0,0,2,0,0,4.6497,3.5842,4,1,1,1,1,0,1,6,0,0.9,1,http://login.paypal.com.xyz/webscr?cmd=_login-run,1
33,19,7,0,1,1,0,0,0,3,0,1,0.0303,0.7879,0,0,0,0,0,0,4.165,3.8269,2,0,0,0,0,0,0,0,0,0.0,0,http://paypa1-security.com/webscr,1
42,28,7,0,1,2,0,0,0,3,0,0,0.0,0.8333,0,0,0,0,0,1,4.0033,3.7359,0,1,0,0,0,0,0,0,0,0.0,0,http://immediate-action-required.cf/notice,1
46,14,25,0,4,0,0,0,0,5,0,11,0.2391,0.5435,1,0,0,2,0,0,4.3031,2.6456,2,0,1,1,1,1,1,9,1,0.9,2,http://216.142.178.24/signin/paypal/index.html,1
46,34,5,0,1,3,0,0,0,3,0,0,0.0,0.8261,0,0,0,0,0,1,4.3004,4.0209,4,1,0,1,1,1,1,10,1,0.94,1,http://secure-wellsfargo-banking-alert.ml/auth,1
16,7,1,0,1,0,0,0,0,3,0,0,0.0,0.6875,0,1,0,0,0,0,3.3278,2.2359,0,0,0,0,0,0,0,0,0,0.0,0,https://cnn.com/,0
38,13,18,0,4,0,0,0,0,4,0,10,0.2632,0.5,1,0,0,2,0,0,4.0278,2.6612,2,0,1,1,1,1,1,12,1,0.85,0,http://214.149.8.183/paypal/signin.php,1
62,14,40,0,2,1,0,0,0,6,0,6,0.0968,0.7419,0,1,0,1,0,0,4.4882,3.182,0,0,0,0,0,0,0,4,0,0.31,0,https://www.kaggle.com/article/2026/08/technology-breakthrough,0
42,17,17,0,2,0,0,0,0,4,0,0,0.0,0.8333,0,1,0,1,0,0,4.0144,3.2195,0,0,0,0,0,0,0,1,0,0.13,0,https://www.wikipedia.org/profile/settings,0
51,18,26,0,2,1,0,0,0,6,0,0,0.0,0.7843,0,0,0,0,0,0,4.1422,3.7255,3,1,1,0,0,0,0,0,0,0.0,0,http://auth-check.monster/https://paypal.com/signin,1
52,30,15,0,1,3,0,0,0,3,0,0,0.0,0.8462,0,0,0,0,0,1,4.3591,4.0817,2,1,0,0,0,0,0,0,0,0.0,0,http://instagram-copyright-appeal.xyz/verify-account,1
39,25,7,0,1,2,0,0,0,3,0,0,0.0,0.8205,0,0,0,0,0,1,4.1823,3.8635,4,1,0,1,1,1,1,12,0,0.71,2,http://paypal-account-verify.top/signin,1
80,18,30,23,3,0,0,1,3,5,0,5,0.0625,0.75,0,1,0,1,0,0,4.5856,3.281,1,0,0,0,0,0,0,0,0,0.0,0,https://support.zomato.com/download/latest/installer.exe?ref=nav&q=test&id=27876,0
44,32,5,0,1,3,0,0,0,3,0,0,0.0,0.8182,0,0,0,0,0,1,4.2573,4.0931,3,1,0,1,1,1,1,10,1,0.7,0,http://banking-portal-secure-entry.buzz/auth,1
52,19,25,0,2,2,0,0,0,4,0,0,0.0,0.8269,0,1,0,1,0,0,4.1808,3.4316,0,0,0,0,0,0,0,2,0,0.27,0,https://docs.cloudflare.com/about-us/leadership-team,0
54,34,13,0,1,3,0,0,0,4,0,0,0.0,0.8333,0,0,0,0,0,1,4.3638,4.1529,3,1,0,0,0,0,0,0,0,0.0,0,http://hdfc-netbanking-customer-care.work/secure/login,1
23,15,1,0,2,0,0,0,0,3,0,0,0.0,0.7391,0,0,0,1,0,0,3.6425,3.0062,1,0,0,0,0,0,0,0,0,0.0,0,http://mail.amazon.com/,0
40,27,6,0,1,2,0,0,0,3,0,0,0.0,0.825,0,0,0,0,0,1,4.2751,3.9303,4,1,0,0,0,0,0,0,0,0.0,0,http://account-security-update.xyz/login,1
34,19,7,0,2,0,0,0,0,3,0,0,0.0,0.8235,0,1,0,1,0,0,3.9735,3.5111,1,0,0,0,0,0,0,0,0,0.0,0,https://blog.huggingface.co/signin,0
52,14,30,0,4,0,0,0,0,5,0,0,0.0,0.8077,0,1,0,2,0,0,4.011,2.8963,0,0,1,0,0,0,0,4,0,0.11,0,https://docs.sbi.co.in/download/latest/installer.exe,0
43,29,7,0,1,3,0,0,0,3,0,0,0.0,0.814,0,0,0,0,0,1,4.2047,3.9354,3,1,0,1,1,1,1,4,1,0.73,2,http://claim-free-crypto-airdrop.xyz/wallet,1
53,20,1,23,2,0,0,1,3,3,0,5,0.0943,0.6792,0,1,0,1,0,0,4.6922,3.8219,1,0,0,0,0,0,0,0,0,0.0,0,https://support.linkedin.com/?ref=nav&q=test&id=64712,0
47,18,22,0,2,1,0,0,0,5,0,1,0.0213,0.7872,0,0,0,1,0,0,4.206,3.5033,0,0,0,0,0,0,0,3,0,0.21,0,http://dev.cloudflare.com/docs/v2/api-reference,0
30,15,7,0,2,0,0,0,0,3,0,0,0.0,0.8,0,1,0,1,0,0,3.9811,3.4566,2,0,0,1,1,0,0,3,0,0.26,0,https://www.netflix.com/signin,0
49,36,6,0,2,2,0,0,0,3,0,0,0.0,0.8367,0,0,0,1,0,1,4.3386,3.9959,4,1,1,1,1,1,1,9,0,0.7,1,http://wellsfargo.banking-access-service.gq/login,1
63,15,40,0,2,1,0,0,0,6,0,6,0.0952,0.746,0,1,0,1,0,0,4.4908,3.1899,0,0,0,0,0,0,0,0,0,0.0,0,https://www.youtube.com/article/2026/08/technology-breakthrough,0
54,39,8,0,1,3,0,0,0,3,0,0,0.0,0.8519,0,0,0,0,0,1,4.08,3.8872,1,1,0,1,1,1,1,4,0,0.8,1,http://metamask-wallet-recovery-phrase.monster/connect,1
60,21,7,23,2,0,0,1,3,3,0,5,0.0833,0.7167,0,1,0,1,0,0,4.5587,3.6538,2,0,0,0,0,0,0,0,0,0.0,0,https://support.wikipedia.org/signin?ref=nav&q=test&id=25209,0
45,14,0,22,1,0,0,1,3,2,0,4,0.0889,0.6889,0,1,0,0,0,0,4.5526,3.3249,0,0,0,0,0,0,0,1,0,0.05,0,https://huggingface.co?ref=nav&q=test&id=7789,0
23,10,6,0,1,0,0,0,0,3,0,0,0.0,0.7826,0,0,0,0,0,0,3.7623,2.7219,2,0,0,0,0,0,0,0,0,0.0,0,http://amazon.com/login,0
56,18,30,0,3,0,0,0,0,5,0,0,0.0,0.8393,0,1,0,1,0,0,4.0881,3.281,1,0,0,0,0,0,0,0,0,0.0,0,https://support.zomato.com/download/latest/installer.exe,0
46,14,25,0,4,0,0,0,0,5,0,11,0.2391,0.5435,1,0,0,2,0,0,4.3466,2.7885,2,0,1,0,0,0,0,0,0,0.0,0,http://164.228.244.73/signin/paypal/index.html,1
58,37,14,0,2,2,0,0,0,4,0,0,0.0,0.8448,0,0,0,1,0,1,4.2624,4.0131,5,1,0,1,1,1,1,4,0,0.82,2,http://secure.netflix-payment-update.monster/account/login,1
27,12,7,0,2,0,0,0,0,3,0,0,0.0,0.7778,0,1,0,1,0,0,3.8842,2.9183,1,0,0,1,1,0,0,2,0,0.35,0,https://mail.bbc.com/signin,0
54,25,22,0,1,3,0,0,0,4,0,0,0.0,0.8333,0,0,0,0,0,1,4.2701,3.8137,4,1,0,0,0,0,0,0,0,0.0,0,http://chase-security-alert.buzz/auth/confirm-identity,1
47,14,26,0,2,1,0,0,0,6,0,0,0.0,0.766,0,0,0,0,0,0,4.0414,3.182,3,1,1,1,1,1,1,11,1,0.7,2,http://auth-check.cam/https://paypal.com/signin,1
45,13,25,0,4,0,0,0,0,5,0,10,0.2222,0.5556,1,0,0,2,0,0,4.35,2.8151,2,0,1,0,0,0,0,0,0,0.0,0,http://150.83.126.12/signin/paypal/index.html,1
30,17,6,0,1,3,0,0,0,3,0,0,0.0,0.7333,0,0,1,0,0,1,4.2566,3.4548,0,0,0,1,1,1,1,4,1,0.66,2,http://xn--gogle-qqa.com/drive,1
21,13,0,0,2,0,0,0,0,2,0,0,0.0,0.7619,0,1,0,1,0,0,3.5945,3.0851,0,0,0,0,0,0,0,2,0,0.14,0,https://app.slack.com,0
48,35,6,0,1,3,0,0,0,3,0,0,0.0,0.8333,0,0,0,0,0,1,4.0969,3.7999,2,1,0,1,1,1,1,6,1,0.83,0,http://icici-rewards-points-redemption.icu/claim,1
44,19,17,0,2,0,0,0,0,4,0,0,0.0,0.8409,0,1,0,1,0,0,3.9257,3.4316,1,0,0,0,0,0,0,2,0,0.27,0,https://support.spotify.com/profile/settings,0
43,28,8,0,1,3,0,0,0,3,0,0,0.0,0.814,0,0,0,0,0,1,4.1116,3.6995,2,1,0,0,0,0,0,0,0,0.0,0,http://verify-your-identity-now.fun/confirm,1
50,37,6,0,4,1,0,0,0,3,0,0,0.0,0.82,0,0,0,3,1,0,4.2693,4.0203,3,1,1,0,0,0,0,0,0,0.0,0,http://appleid.apple.com.verify-identity.sbs/login,1
41,28,6,0,1,2,0,0,0,3,0,0,0.0,0.8293,0,0,0,0,0,1,4.269,3.9408,4,1,0,1,1,1,1,12,1,0.71,1,http://account-security-update.work/login,1
48,34,7,0,1,3,0,0,0,3,0,0,0.0,0.8333,0,0,0,0,0,1,4.1811,3.881,5,1,0,1,1,1,1,3,1,0.79,1,http://paypal-account-security-update.fun/verify,1
27,14,6,0,2,0,0,0,0,3,0,0,0.0,0.7778,0,0,0,1,0,0,3.708,2.8963,1,0,0,0,0,0,0,0,0,0.0,0,http://app.zomato.com/login,0
81,14,36,22,2,3,0,1,3,5,0,12,0.1481,0.642,0,1,0,1,0,0,4.825,3.182,0,0,0,0,0,0,0,0,0,0.0,0,https://www.target.com/questions/12345678/how-to-fix-error?ref=nav&q=test&id=7342,0
43,13,22,0,1,1,0,0,0,5,0,1,0.0233,0.7907,0,1,0,0,0,0,4.2,3.3347,0,0,0,0,0,0,0,0,0,0.18,0,https://wikipedia.org/docs/v2/api-reference,0
50,32,11,0,1,3,0,0,0,4,0,3,0.06,0.76,0,0,0,0,0,1,4.4064,3.9917,4,1,0,1,1,0,1,11,1,0.84,2,http://microsoft-365-password-reset.cam/auth/login,1
70,14,18,30,3,0,0,1,1,4,0,15,0.2143,0.6429,1,0,0,2,0,0,4.9737,2.6995,3,0,0,0,0,0,0,0,0,0.0,0,http://142.53.150.200/auth/verification?token=pnjd7lhkew95gjsx7axmghzz,1
62,18,9,27,2,2,0,1,1,5,0,0,0.0,0.7903,0,0,0,0,0,0,4.2278,3.2391,1,1,0,1,1,1,1,2,1,0.79,2,http://suspicious-site.tk/redirect?url=http://victim-login.com,1
44,19,17,0,2,2,0,0,0,3,0,0,0.0,0.8182,0,1,0,1,0,0,3.9734,3.2866,1,0,0,0,0,0,0,4,0,0.18,0,https://docs.salesforce.com/terms-of-service,0
46,13,25,0,2,0,0,0,0,5,0,0,0.0,0.8261,0,1,0,1,0,0,4.1,2.9312,0,0,0,0,0,0,0,0,0,0.0,0,https://docs.imdb.com/user/dashboard/analytics,0
44,13,23,0,2,1,0,0,0,4,0,0,0.0,0.8182,0,1,0,1,0,0,4.0239,3.2389,1,0,0,0,0,0,0,4,0,0.28,0,https://dev.apple.com/explore/popular-topics,0
72,15,7,42,2,0,0,2,4,3,0,5,0.0694,0.7222,0,0,0,1,0,0,4.7805,3.3232,0,0,0,0,0,0,0,4,0,0.14,0,http://dev.dropbox.com/search?q=machine+learning?ref=nav&q=test&id=87065,0
57,21,28,0,2,2,0,0,0,4,0,0,0.0,0.8421,0,1,0,1,0,0,3.8584,3.4633,1,0,0,0,0,0,0,0,0,0.0,0,https://support.pinterest.com/help-center/contact-support,0
53,38,7,0,4,1,0,0,0,3,0,0,0.0,0.8302,0,1,0,3,1,0,4.2752,3.945,3,1,1,0,0,0,0,0,0,0.0,0,https://appleid.apple.com.account-recovery.fun/verify,1
48,14,27,0,3,2,0,0,0,4,0,11,0.2292,0.5625,1,0,0,2,0,0,4.5897,2.6995,3,0,1,0,0,0,0,0,0,0.0,0,http://202.177.197.80/secure/update-banking-info,1
40,16,17,0,2,0,0,0,0,4,0,0,0.0,0.825,0,0,0,1,0,0,4.0751,3.5,1,0,0,0,0,0,0,0,0,0.0,0,http://support.imdb.com/profile/settings,0
53,24,7,14,3,1,0,1,1,3,0,0,0.0,0.7925,0,0,0,2,0,0,4.5196,3.7721,4,1,1,1,1,1,1,11,1,0.93,1,http://login.paypal.com.monster/webscr?cmd=_login-run,1
50,13,30,0,3,0,0,0,0,5,0,0,0.0,0.82,0,0,0,1,0,0,4.0489,3.2389,1,0,0,0,0,0,0,0,0,0.0,0,http://dev.chase.com/download/latest/installer.exe,0
39,14,17,0,2,0,0,0,0,4,0,0,0.0,0.8205,0,1,0,1,0,0,4.1604,3.6645,0,0,0,0,0,0,0,0,0,0.0,0,https://dev.gitlab.com/profile/settings,0
30,17,6,0,1,3,0,0,0,3,0,0,0.0,0.7333,0,0,1,0,0,1,4.0314,3.4548,1,0,0,0,0,0,0,0,0,0.0,0,http://xn--paypl-qqa.com/login,1
53,15,6,23,2,0,0,1,3,3,0,5,0.0943,0.6792,0,1,0,1,0,0,4.7492,3.3736,1,0,0,0,0,0,0,0,0,0.0,0,https://dev.youtube.com/login?ref=nav&q=test&id=88620,0
71,31,5,27,1,3,0,1,1,3,0,9,0.1268,0.7324,0,0,0,0,0,1,4.7526,4.0424,1,1,0,0,0,0,0,0,0,0.0,0,http://google-drive-shared-document.cf/view?id=8ex7uovi1q31xu4co7qk7eo1,1
86,18,36,23,2,3,0,1,3,5,0,13,0.1512,0.6512,0,1,0,1,0,0,4.8938,3.3921,0,0,0,0,0,0,0,3,0,0.27,0,https://app.salesforce.com/questions/12345678/how-to-fix-error?ref=nav&q=test&id=68907,0
67,15,6,37,2,0,0,2,4,3,0,7,0.1045,0.6866,0,1,0,1,0,0,4.8023,3.3736,0,0,0,0,0,0,0,0,0,0.0,0,https://mail.target.com/watch?v=dQw4w9WgXcQ?ref=nav&q=test&id=91133,0
50,37,6,0,4,1,0,0,0,3,0,0,0.0,0.82,0,0,0,3,1,0,4.2693,4.0203,3,1,1,0,0,0,0,0,0,0.0,0,http://appleid.apple.com.verify-identity.sbs/login,1
52,23,22,0,1,3,0,0,0,4,0,0,0.0,0.8269,0,0,0,0,0,1,4.1491,3.6753,4,1,0,0,0,0,0,0,0,0.0,0,http://chase-security-alert.cf/auth/confirm-identity,1
50,13,30,0,2,0,0,0,0,5,0,0,0.0,0.84,0,0,0,0,0,0,4.064,3.3927,0,0,0,0,0,0,0,0,0,0.0,0,http://instagram.com/download/latest/installer.exe,0
47,13,27,0,3,2,0,0,0,4,0,10,0.2128,0.5745,1,0,0,2,0,0,4.5807,2.6612,3,0,1,1,1,0,1,2,1,0.71,2,http://52.59.108.181/secure/update-banking-info,1
52,38,7,0,1,3,0,0,0,3,0,0,0.0,0.8462,0,0,0,0,0,1,4.2747,3.8,3,1,0,1,1,0,1,3,1,0.68,1,http://coinbase-account-suspended-notice.buzz/verify,1
51,17,27,0,2,1,0,0,0,7,0,0,0.0,0.7843,0,0,0,0,0,0,4.2327,3.8522,4,1,0,0,0,0,0,0,0,0.0,0,http://portal-service.gq//account/verify//login.php,1
50,32,11,0,1,3,0,0,0,4,0,3,0.06,0.76,0,0,0,0,0,1,4.4064,4.0542,4,1,0,0,0,0,0,0,0,0.0,0,http://microsoft-365-password-reset.icu/auth/login,1
26,17,1,0,3,0,0,0,0,3,0,0,0.0,0.7308,0,1,0,2,0,0,3.6322,3.3372,1,0,1,0,0,0,0,0,0,0.0,0,https://support.sbi.co.in/,0
60,22,6,23,2,0,0,1,3,3,0,5,0.0833,0.7167,0,1,0,1,0,0,4.7522,3.6292,1,0,0,1,1,0,0,3,0,0.11,0,https://docs.bankofamerica.com/login?ref=nav&q=test&id=21693,0
51,12,7,23,2,0,0,1,3,3,0,5,0.098,0.6667,0,1,0,1,0,0,4.6797,2.9183,1,0,0,0,0,0,0,0,0,0.0,0,https://blog.cnn.com/signin?ref=nav&q=test&id=61432,0
51,29,15,0,1,3,0,0,0,3,0,0,0.0,0.8431,0,0,0,0,0,1,4.3048,3.9783,2,1,0,0,0,0,0,0,0,0.0,0,http://instagram-copyright-appeal.gq/verify-account,1
35,13,15,0,3,0,0,0,0,4,0,10,0.2857,0.4857,1,0,0,2,0,0,4.1934,2.7193,1,0,1,1,1,1,1,5,0,0.82,0,http://184.56.124.52/banking/online,1
79,12,36,23,2,3,0,1,3,5,0,13,0.1646,0.6203,0,0,0,1,0,0,4.951,3.085,0,0,0,0,0,0,0,0,0,0.0,0,http://app.ebay.com/questions/12345678/how-to-fix-error?ref=nav&q=test&id=79458,0
30,17,6,0,1,3,0,0,0,3,0,0,0.0,0.7333,0,0,1,0,0,1,4.2566,3.4548,0,0,0,1,1,1,1,4,1,0.9,1,http://xn--gogle-qqa.com/drive,1
71,11,28,23,2,2,0,1,3,4,0,5,0.0704,0.7183,0,1,0,1,0,0,4.5144,2.7322,1,0,0,0,0,0,0,1,0,0.33,0,https://app.cnn.com/help-center/contact-support?ref=nav&q=test&id=29732,0
34,13,14,0,3,0,0,0,0,4,0,10,0.2941,0.4706,1,0,0,2,0,0,4.2195,2.8731,2,0,1,1,1,1,1,8,1,0.66,2,http://168.44.62.197/netflix/login,1
52,18,27,0,2,1,0,0,0,7,0,0,0.0,0.7885,0,0,0,0,0,0,4.1256,3.6144,4,1,0,1,1,1,1,6,1,0.73,0,http://portal-service.top//account/verify//login.php,1
70,12,7,42,2,0,0,2,4,3,0,5,0.0714,0.7143,0,1,0,1,0,0,4.7249,3.085,0,0,0,0,0,0,0,0,0,0.0,0,https://app.ebay.com/search?q=machine+learning?ref=nav&q=test&id=40129,0
42,9,25,0,2,0,0,0,0,5,0,0,0.0,0.8095,0,1,0,1,0,0,4.0416,2.7255,0,0,1,0,0,0,0,3,0,0.21,0,https://sbi.co.in/user/dashboard/analytics,0
51,17,7,18,2,0,0,1,1,3,0,0,0.0,0.8235,0,1,0,1,0,0,4.3852,3.4548,1,0,0,0,0,0,0,1,0,0.13,0,https://support.arxiv.org/search?q=machine+learning,0
51,15,28,0,2,2,0,0,0,4,0,0,0.0,0.8235,0,1,0,1,0,0,4.1299,3.2402,1,0,0,0,0,0,0,0,0,0.0,0,https://mail.gitlab.com/help-center/contact-support,0
28,11,10,0,4,0,0,0,0,3,0,8,0.2857,0.4286,1,0,0,2,0,0,3.8693,2.5949,1,0,0,1,1,1,1,9,1,0.88,1,http://80.27.2.243/login.php,1
84,14,38,23,1,1,0,1,3,6,0,5,0.0595,0.7619,0,1,0,0,0,0,4.5494,3.3788,0,0,0,0,0,0,0,4,0,0.25,0,https://cloudflare.com/repos/organization/repo-name/releases?ref=nav&q=test&id=61363,0
69,13,18,30,3,0,0,1,1,4,0,18,0.2609,0.5942,1,0,0,2,0,0,4.8891,2.8731,3,0,0,0,0,0,0,0,0,0.0,0,http://13.37.192.250/auth/verification?token=scsqd3h3bv0r28q6dr9aj2qg,1
69,13,25,23,1,2,0,1,3,4,0,5,0.0725,0.7246,0,0,0,0,0,0,4.6913,3.3927,0,0,0,0,0,0,0,0,0,0.0,0,http://instagram.com/about-us/leadership-team?ref=nav&q=test&id=10872,0
72,14,7,42,2,0,0,2,4,3,0,5,0.0694,0.7222,0,1,0,1,0,0,4.6365,3.182,0,0,0,0,0,0,0,4,0,0.32,0,https://www.reddit.com/search?q=machine+learning?ref=nav&q=test&id=45557,0
49,36,6,0,4,1,0,0,0,3,0,0,0.0,0.8163,0,0,0,3,1,0,4.1713,3.8921,3,1,1,1,1,1,1,8,1,0.72,1,http://appleid.apple.com.verify-identity.cf/login,1
68,12,18,30,3,0,0,1,1,4,0,14,0.2059,0.6471,1,0,0,2,0,0,4.7214,2.4591,3,0,0,1,1,1,1,9,1,0.78,1,http://154.56.4.195/auth/verification?token=fao4bo8bhxsbfneic06qaer2,1
29,14,7,0,2,0,0,0,0,3,0,0,0.0,0.7931,0,1,0,1,0,0,4.0733,3.0931,1,0,0,1,1,0,0,0,0,0.14,0,https://dev.docker.com/signin,0
46,12,27,0,3,2,0,0,0,4,0,9,0.1957,0.587,1,0,0,2,0,0,4.5719,2.6258,3,0,1,1,1,1,1,5,1,0.89,0,http://95.110.56.21/secure/update-banking-info,1
50,37,6,0,2,2,0,0,0,3,0,0,0.0,0.84,0,0,0,1,0,1,4.3284,3.9662,4,1,1,1,1,0,1,11,0,0.73,1,http://wellsfargo.banking-access-service.cam/login,1
69,13,18,30,3,0,0,1,1,4,0,19,0.2754,0.5797,1,0,0,2,0,0,4.8924,2.6612,3,0,0,1,1,0,1,6,1,0.89,2,http://146.67.42.220/auth/verification?token=8g6aohed3jnrj130p0qxy4w8,1
39,26,6,0,1,2,0,0,0,3,0,0,0.0,0.8205,0,0,0,0,0,1,4.1798,3.7962,4,1,0,0,0,0,0,0,0,0.0,0,http://account-security-update.cf/login,1
49,31,11,0,1,3,0,0,0,4,0,3,0.0612,0.7551,0,0,0,0,0,1,4.4102,4.0181,4,1,0,0,0,0,0,0,0,0.0,0,http://microsoft-365-password-reset.tk/auth/login,1
63,14,17,23,2,0,0,1,3,4,0,5,0.0794,0.7143,0,1,0,1,0,0,4.5562,3.3788,0,0,0,0,0,0,0,3,0,0.17,0,https://app.reddit.com/profile/settings?ref=nav&q=test&id=24089,0
50,17,25,0,2,2,0,0,0,4,0,0,0.0,0.82,0,1,0,1,0,0,4.2615,3.2639,0,0,0,0,0,0,0,0,0,0.0,0,https://blog.facebook.com/about-us/leadership-team,0
24,10,6,0,1,0,0,0,0,3,0,0,0.0,0.7917,0,1,0,0,0,0,3.9387,3.1219,1,0,0,0,0,0,0,0,0,0.0,0,https://reddit.com/login,0
50,37,6,0,4,1,0,0,0,3,0,0,0.0,0.82,0,0,0,3,1,0,4.2142,3.9662,3,1,1,0,0,0,0,0,0,0.0,0,http://appleid.apple.com.verify-identity.fun/login,1
31,14,10,0,4,0,0,0,0,3,0,11,0.3548,0.3871,1,0,0,2,0,0,3.8245,2.5027,1,0,0,1,1,1,1,9,0,0.71,2,http://174.52.244.117/login.php,1
21,14,0,0,2,0,0,0,0,2,0,0,0.0,0.7619,0,0,0,1,0,0,3.6538,2.9852,0,0,0,0,0,0,0,0,0,0.0,0,http://www.medium.com,0
74,34,5,27,1,3,0,1,1,3,0,5,0.0676,0.7973,0,0,0,0,0,1,4.6988,4.0575,1,1,0,1,1,1,1,3,1,0.66,2,http://google-drive-shared-document.click/view?id=5gh4w0c0txtnetqpjsod1rhe,1
56,18,6,23,2,0,0,1,3,3,0,5,0.0893,0.6964,0,1,0,1,0,0,4.6995,3.6144,2,0,0,0,0,0,0,0,0,0.0,0,https://app.wellsfargo.com/login?ref=nav&q=test&id=51303,0
24,15,1,0,2,0,0,0,0,3,0,0,0.0,0.75,0,1,0,1,0,0,3.8239,3.3232,0,0,0,0,0,0,0,0,0,0.0,0,https://api.dropbox.com/,0
81,11,38,23,2,1,0,1,3,6,0,5,0.0617,0.7407,0,1,0,1,0,0,4.5391,2.914,0,0,0,0,0,0,0,1,0,0.19,0,https://dev.cnn.com/repos/organization/repo-name/releases?ref=nav&q=test&id=33681,0
24,10,7,0,1,0,0,0,0,3,0,0,0.0,0.7917,0,0,0,0,0,0,3.7721,2.7219,2,0,0,1,1,0,0,3,0,0.12,0,http://amazon.com/signin,0
33,19,7,0,1,1,0,0,0,3,0,1,0.0303,0.7879,0,0,0,0,0,0,4.165,3.8269,2,0,0,0,0,0,0,0,0,0.0,0,http://paypa1-security.com/webscr,1
74,16,7,42,2,0,0,2,4,3,0,5,0.0676,0.7297,0,1,0,1,0,0,4.6784,3.375,0,0,0,0,0,0,0,3,0,0.09,0,https://dev.linkedin.com/search?q=machine+learning?ref=nav&q=test&id=72365,0
53,33,13,0,1,3,0,0,0,4,0,0,0.0,0.8302,0,0,0,0,0,1,4.3037,4.0438,3,1,0,1,1,1,1,12,1,0.84,2,http://hdfc-netbanking-customer-care.cam/secure/login,1
40,26,7,0,1,2,0,0,0,3,0,1,0.025,0.8,0,0,0,0,0,1,4.2842,4.1329,3,0,0,1,1,0,1,6,1,0.87,0,http://netfl1x-billing-update.com/signin,1
52,35,10,0,1,3,0,0,0,4,0,0,0.0,0.8269,0,0,0,0,0,1,4.1833,4.0004,2,1,0,1,1,1,1,7,1,0.9,0,http://amazon-unusual-activity-signin.work/ap/signin,1
43,28,8,0,1,3,0,0,0,3,0,0,0.0,0.814,0,0,0,0,0,1,4.1116,3.6995,2,1,0,1,1,1,1,4,1,0.89,0,http://verify-your-identity-now.fun/confirm,1
70,12,7,42,2,0,0,2,4,3,0,5,0.0714,0.7143,0,1,0,1,0,0,4.7151,2.9183,0,0,0,0,0,0,0,4,0,0.23,0,https://mail.bbc.com/search?q=machine+learning?ref=nav&q=test&id=98127,0
46,9,30,0,2,0,0,0,0,5,0,0,0.0,0.8261,0,0,0,0,0,0,4.0109,2.9477,0,0,0,0,0,0,0,0,0,0.0,0,http://adobe.com/download/latest/installer.exe,0
69,13,18,30,3,0,0,1,1,4,0,20,0.2899,0.5652,1,0,0,2,0,0,4.864,2.8151,3,0,0,1,1,0,1,10,1,0.67,2,http://109.170.38.16/auth/verification?token=2gk59e4pa2rus8eb6u153asz,1
49,14,28,0,2,2,0,0,0,4,0,0,0.0,0.8163,0,0,0,1,0,0,4.1245,3.182,1,0,0,0,0,0,0,2,0,0.12,0,http://www.kaggle.com/help-center/contact-support,0
90,18,40,23,2,1,0,1,3,6,0,11,0.1222,0.7,0,1,0,1,0,0,4.8734,3.3921,1,0,0,0,0,0,0,0,0,0.0,0,https://www.wellsfargo.com/article/2026/08/technology-breakthrough?ref=nav&q=test&id=53068,0
23,15,1,0,2,0,0,0,0,3,0,0,0.0,0.7391,0,0,0,1,0,0,3.6425,3.3232,0,0,0,0,0,0,0,0,0,0.0,0,http://www.spotify.com/,0
33,19,7,0,1,1,0,0,0,3,0,1,0.0303,0.7879,0,0,0,0,0,0,4.165,3.8269,2,0,0,1,1,0,1,9,1,0.78,2,http://paypa1-security.com/webscr,1
39,25,7,0,1,2,0,0,0,3,0,0,0.0,0.8205,0,0,0,0,0,1,4.2143,3.8937,4,1,0,0,0,0,0,0,0,0.0,0,http://paypal-account-verify.fun/signin,1
54,20,27,0,2,1,0,0,0,7,0,0,0.0,0.7963,0,0,0,0,0,0,4.1941,3.6842,4,1,0,0,0,0,0,0,0,0.0,0,http://portal-service.click//account/verify//login.php,1
45,15,22,0,2,1,0,0,0,5,0,1,0.0222,0.7778,0,1,0,1,0,0,4.331,3.1899,0,0,0,0,0,0,0,1,0,0.22,0,https://www.youtube.com/docs/v2/api-reference,0
50,36,7,0,1,3,0,0,0,3,0,0,0.0,0.84,0,0,0,0,0,1,4.2411,3.7527,3,1,0,0,0,0,0,0,0,0.0,0,http://coinbase-account-suspended-notice.ga/verify,1
55,34,14,0,2,2,0,0,0,4,0,0,0.0,0.8364,0,0,0,1,0,1,4.3744,4.1134,5,1,0,1,1,1,1,12,1,0.68,0,http://secure.netflix-payment-update.buzz/account/login,1
25,17,0,0,2,0,0,0,0,2,0,0,0.0,0.8,0,1,0,1,0,0,4.0839,3.6169,0,0,0,0,0,0,0,0,0,0.0,0,https://mail.hdfcbank.com,0
61,13,40,0,2,1,0,0,0,6,0,6,0.0984,0.7377,0,1,0,1,0,0,4.4283,3.027,0,0,0,0,0,0,0,4,0,0.25,0,https://api.twitch.tv/article/2026/08/technology-breakthrough,0
43,29,7,0,1,2,0,0,0,3,0,0,0.0,0.8372,0,0,0,0,0,1,4.1336,3.8925,0,1,0,0,0,0,0,0,0,0.0,0,http://immediate-action-required.xyz/notice,1
42,17,17,0,2,2,0,0,0,3,0,0,0.0,0.8095,0,1,0,1,0,0,4.2252,3.4548,1,0,0,0,0,0,0,0,0,0.0,0,https://docs.hdfcbank.com/terms-of-service,0
40,15,18,0,4,0,0,0,0,4,0,12,0.3,0.475,1,0,0,2,0,0,3.9414,2.4159,2,0,1,1,1,1,1,12,0,0.79,2,http://140.110.215.215/paypal/signin.php,1
38,7,0,23,1,0,0,1,3,2,0,5,0.1316,0.6053,0,0,0,0,0,0,4.4912,2.8074,0,0,0,0,0,0,0,0,0,0.0,0,http://nih.gov?ref=nav&q=test&id=89468,0
47,19,6,13,2,0,0,1,1,3,0,2,0.0426,0.7872,0,1,0,1,0,0,4.5464,3.4316,0,0,0,0,0,0,0,2,0,0.2,0,https://docs.cloudflare.com/watch?v=dQw4w9WgXcQ,0
86,15,40,23,2,1,0,1,3,6,0,11,0.1279,0.686,0,0,0,1,0,0,4.8896,3.1396,0,0,0,0,0,0,0,4,0,0.31,0,http://app.dropbox.com/article/2026/08/technology-breakthrough?ref=nav&q=test&id=31701,0
40,27,6,0,1,2,0,0,0,3,0,0,0.0,0.825,0,0,0,0,0,1,4.1751,3.8101,4,1,0,0,0,0,0,0,0,0.0,0,http://account-security-update.fun/login,1
43,28,8,0,1,3,0,0,0,3,0,0,0.0,0.814,0,0,0,0,0,1,4.2222,3.8249,2,1,0,0,0,0,0,0,0,0.0,0,http://verify-your-identity-now.xyz/confirm,1
34,20,7,0,1,3,0,0,0,3,0,1,0.0294,0.7353,0,0,1,0,0,1,4.1163,3.6464,1,0,0,1,1,1,1,2,1,0.77,1,http://xn--mcrosoft-p1a.com/update,1
51,15,28,0,2,2,0,0,0,4,0,0,0.0,0.8235,0,1,0,1,0,0,4.0347,3.0062,1,0,0,0,0,0,0,2,0,0.12,0,https://mail.zomato.com/help-center/contact-support,0
39,25,7,0,1,2,0,0,0,3,0,0,0.0,0.8205,0,0,0,0,0,1,4.1823,3.8635,4,1,0,0,0,0,0,0,0,0.0,0,http://paypal-account-verify.top/signin,1
35,13,15,0,3,0,0,0,0,4,0,10,0.2857,0.4857,1,0,0,2,0,0,4.2506,2.8731,1,0,1,0,0,0,0,0,0,0.0,0,http://89.50.197.251/banking/online,1
34,7,6,13,1,0,0,1,1,3,0,2,0.0588,0.7353,0,0,0,0,0,0,4.2928,2.8074,0,0,0,0,0,0,0,0,0,0.0,0,http://nih.gov/watch?v=dQw4w9WgXcQ,0
67,10,25,23,1,2,0,1,3,4,0,5,0.0746,0.7164,0,1,0,0,0,0,4.6276,2.6464,0,0,0,0,0,0,0,0,0,0.23,0,https://zomato.com/about-us/leadership-team?ref=nav&q=test&id=81981,0
48,15,1,23,2,0,0,1,3,3,0,5,0.1042,0.6458,0,1,0,1,0,0,4.6552,3.6402,1,0,0,0,0,0,0,0,0,0.0,0,https://api.netflix.com/?ref=nav&q=test&id=67952,0
47,32,8,0,1,3,0,0,0,3,0,0,0.0,0.8298,0,0,0,0,0,1,4.1369,3.8113,2,1,0,1,1,1,1,6,0,0.94,1,http://verify-your-identity-now.monster/confirm,1
28,13,7,0,2,0,0,0,0,3,0,0,0.0,0.7857,0,1,0,1,0,0,3.7804,3.0851,1,0,0,1,1,0,0,1,0,0.05,0,https://api.arxiv.org/signin,0
51,13,6,23,3,0,0,1,3,3,0,5,0.098,0.6471,0,1,0,2,0,0,4.51,3.027,1,0,1,1,1,0,0,4,0,0.23,0,https://app.sbi.co.in/login?ref=nav&q=test&id=22277,0
30,15,7,0,2,0,0,0,0,3,0,0,0.0,0.8,0,1,0,1,0,0,3.9396,3.3232,1,0,0,1,1,0,0,2,0,0.34,0,https://api.walmart.com/signin,0
68,19,17,23,2,2,0,1,3,3,0,5,0.0735,0.7206,0,1,0,1,0,0,4.5461,3.4058,1,0,0,0,0,0,0,0,0,0.0,0,https://mail.salesforce.com/terms-of-service?ref=nav&q=test&id=59193,0
32,18,6,0,2,0,0,0,0,3,0,0,0.0,0.8125,0,1,0,1,0,0,3.9025,3.128,1,0,0,1,1,0,0,2,0,0.09,0,https://mail.icicibank.com/login,0
68,12,18,30,3,0,0,1,1,4,0,14,0.2059,0.6471,1,0,0,2,0,0,4.7382,2.4591,3,0,0,1,1,1,1,2,1,0.88,2,http://82.7.138.178/auth/verification?token=um3gxlkoselgn0u2o3nlnbl0,1
25,17,0,0,2,0,0,0,0,2,0,1,0.04,0.76,0,1,0,1,0,0,3.7835,3.4548,0,0,0,0,0,0,0,0,0,0.0,0,https://api.w3schools.com,0
34,19,7,0,2,0,0,0,0,3,0,0,0.0,0.8235,0,1,0,1,0,0,4.1163,3.8269,1,0,0,1,1,0,0,3,0,0.32,0,https://dev.theguardian.com/signin,0
23,14,1,0,2,0,0,0,0,3,0,0,0.0,0.7391,0,1,0,1,0,0,3.8164,3.3249,0,0,0,0,0,0,0,0,0,0.0,0,https://www.gitlab.com/,0
37,12,18,0,4,0,0,0,0,4,0,9,0.2432,0.5135,1,0,0,2,0,0,3.9564,2.4591,2,0,1,1,1,0,1,4,0,0.91,2,http://133.24.43.25/paypal/signin.php,1
51,18,25,0,2,0,0,0,0,5,0,0,0.0,0.8431,0,1,0,1,0,0,4.1107,3.5033,0,0,0,0,0,0,0,0,0,0.0,0,https://docs.instagram.com/user/dashboard/analytics,0
45,25,13,0,1,3,0,0,0,4,0,0,0.0,0.8,0,0,0,0,0,1,4.1423,3.7035,2,1,0,1,1,1,1,11,1,0.69,2,http://sbi-online-banking-kyc.ml/retail/login,1
51,34,10,0,1,3,0,0,0,4,0,0,0.0,0.8235,0,0,0,0,0,1,4.0303,3.8078,2,1,0,1,1,1,1,10,0,0.66,0,http://amazon-unusual-activity-signin.sbs/ap/signin,1
53,32,14,0,2,2,0,0,0,4,0,0,0.0,0.8302,0,0,0,1,0,1,4.2887,4.0122,5,1,0,1,1,1,1,11,1,0.77,2,http://secure.netflix-payment-update.tk/account/login,1
56,22,7,18,2,0,0,1,1,3,0,0,0.0,0.8393,0,1,0,1,0,0,4.4295,3.7888,0,0,0,0,0,0,0,0,0,0.0,0,https://mail.stackoverflow.com/search?q=machine+learning,0
59,16,36,0,2,3,0,0,0,5,0,8,0.1356,0.678,0,0,0,1,0,0,4.7938,3.625,0,0,0,0,0,0,0,4,0,0.23,0,http://dev.hdfcbank.com/questions/12345678/how-to-fix-error,0
46,34,5,0,1,3,0,0,0,3,0,0,0.0,0.8261,0,0,0,0,0,1,4.3111,4.0353,4,1,0,1,1,1,1,9,0,0.69,0,http://secure-wellsfargo-banking-alert.gq/auth,1
56,18,6,23,2,0,0,1,3,3,0,5,0.0893,0.6964,0,1,0,1,0,0,4.6234,3.5033,2,0,0,0,0,0,0,0,0,0.0,0,https://support.reddit.com/login?ref=nav&q=test&id=22196,0
43,28,8,0,1,3,0,0,0,3,0,0,0.0,0.814,0,0,0,0,0,1,4.2047,3.9408,2,1,0,0,0,0,0,0,0,0.0,0,http://verify-your-identity-now.cam/confirm,1
51,17,27,0,2,1,0,0,0,7,0,0,0.0,0.7843,0,0,0,0,0,0,4.2011,3.7345,4,1,0,0,0,0,0,0,0,0.0,0,http://portal-service.tk//account/verify//login.php,1
44,6,30,0,2,0,0,0,0,5,0,0,0.0,0.8182,0,1,0,0,0,0,3.9995,2.585,0,0,0,0,0,0,0,0,0,0.0,0,https://gov.in/download/latest/installer.exe,0
76,18,7,42,2,0,0,2,4,3,0,5,0.0658,0.7368,0,1,0,1,0,0,4.7275,3.6144,1,0,0,0,0,0,0,0,0,0.0,0,https://app.wellsfargo.com/search?q=machine+learning?ref=nav&q=test&id=29567,0
45,30,8,0,1,3,0,0,0,3,0,0,0.0,0.8222,0,0,0,0,0,1,4.2275,3.9232,2,1,0,1,1,1,1,12,1,0.91,1,http://verify-your-identity-now.click/confirm,1
63,12,6,37,2,0,0,2,4,3,0,7,0.1111,0.6667,0,0,0,1,0,0,4.8957,3.0221,0,0,0,0,0,0,0,0,0,0.0,0,http://www.ebay.com/watch?v=dQw4w9WgXcQ?ref=nav&q=test&id=17528,0
53,32,14,0,2,2,0,0,0,4,0,0,0.0,0.8302,0,0,0,1,0,1,4.3291,4.1136,5,1,0,0,0,0,0,0,0,0.0,0,http://secure.netflix-payment-update.gq/account/login,1
52,18,27,0,2,1,0,0,0,7,0,0,0.0,0.7885,0,0,0,0,0,0,4.2884,3.9477,4,1,0,1,1,1,1,11,1,0.91,1,http://portal-service.xyz//account/verify//login.php,1
69,21,40,0,2,1,0,0,0,6,0,6,0.087,0.7681,0,1,0,1,0,0,4.4999,3.5352,0,0,0,0,0,0,0,4,0,0.33,0,https://app.bankofamerica.com/article/2026/08/technology-breakthrough,0
54,34,13,0,1,3,0,0,0,4,0,0,0.0,0.8333,0,0,0,0,0,1,4.3868,4.1751,3,1,0,0,0,0,0,0,0,0.0,0,http://hdfc-netbanking-customer-care.buzz/secure/login,1
101,17,30,45,2,0,0,2,5,5,0,6,0.0594,0.7525,0,1,0,1,0,0,4.5967,3.4548,1,0,0,0,0,0,0,0,0,0.0,0,https://dev.microsoft.com/products/category/electronics?page=2&sort=price_asc?ref=nav&q=test&id=14620,0
30,13,10,0,4,0,0,0,0,3,0,10,0.3333,0.4,1,0,0,2,0,0,3.9232,2.7193,1,0,0,1,1,0,1,5,0,0.94,2,http://170.62.26.109/login.php,1
55,11,36,0,2,3,0,0,0,5,0,8,0.1455,0.6545,0,1,0,1,0,0,4.5997,2.914,0,0,0,0,0,0,0,0,0,0.0,0,https://api.cnn.com/questions/12345678/how-to-fix-error,0
98,14,30,45,2,0,0,2,5,5,0,6,0.0612,0.7449,0,1,0,1,0,0,4.6017,3.2359,0,0,0,0,0,0,0,0,0,0.23,0,https://app.docker.com/products/category/electronics?page=2&sort=price_asc?ref=nav&q=test&id=83966,0
59,11,40,0,2,1,0,0,0,6,0,6,0.1017,0.7288,0,1,0,1,0,0,4.516,2.914,0,0,0,0,0,0,0,4,0,0.13,0,https://dev.cnn.com/article/2026/08/technology-breakthrough,0
23,15,0,0,2,0,0,0,0,2,0,0,0.0,0.7826,0,1,0,1,0,0,3.8279,3.2402,0,0,0,0,0,0,0,0,0,0.0,0,https://api.mozilla.org,0
34,20,7,0,1,3,0,0,0,3,0,1,0.0294,0.7353,0,0,1,0,0,1,4.1163,3.6464,1,0,0,0,0,0,0,0,0,0.0,0,http://xn--mcrosoft-p1a.com/update,1
53,24,22,0,1,3,0,0,0,4,0,0,0.0,0.8302,0,0,0,0,0,1,4.1916,3.6368,4,1,0,0,0,0,0,0,0,0.0,0,http://chase-security-alert.sbs/auth/confirm-identity,1
53,32,14,0,2,2,0,0,0,4,0,0,0.0,0.8302,0,0,0,1,0,1,4.2887,4.0122,5,1,0,1,1,0,1,7,0,0.84,0,http://secure.netflix-payment-update.tk/account/login,1
35,13,15,0,3,0,0,0,0,4,0,10,0.2857,0.4857,1,0,0,2,0,0,4.0931,2.4493,1,0,1,1,1,1,1,10,1,0.73,0,http://118.54.138.38/banking/online,1
67,18,17,23,2,2,0,1,3,3,0,6,0.0896,0.7015,0,1,0,1,0,0,4.6221,3.086,1,0,0,0,0,0,0,0,0,0.17,0,https://docs.w3schools.com/terms-of-service?ref=nav&q=test&id=85923,0
47,17,22,0,2,1,0,0,0,5,0,1,0.0213,0.7872,0,1,0,1,0,0,4.3553,3.6169,0,0,0,0,0,0,0,0,0,0.16,0,https://mail.hdfcbank.com/docs/v2/api-reference,0
50,12,6,23,2,0,0,1,3,3,0,5,0.1,0.66,0,1,0,1,0,0,4.7035,2.6887,1,0,0,0,0,0,0,0,0,0.0,0,https://blog.bbc.com/login?ref=nav&q=test&id=77109,0
45,14,23,0,2,1,0,0,0,4,0,0,0.0,0.8222,0,1,0,1,0,0,4.0556,3.0931,0,0,0,0,0,0,0,0,0,0.0,0,https://mail.slack.com/explore/popular-topics,0
51,37,7,0,1,3,0,0,0,3,0,0,0.0,0.8431,0,0,0,0,0,1,4.312,3.905,3,1,0,1,1,1,1,9,0,0.8,1,http://coinbase-account-suspended-notice.xyz/verify,1
51,15,28,0,2,2,0,0,0,4,0,0,0.0,0.8235,0,1,0,1,0,0,4.1063,3.3736,1,0,0,0,0,0,0,1,0,0.13,0,https://docs.kaggle.com/help-center/contact-support,0
46,15,23,0,2,1,0,0,0,4,0,0,0.0,0.8261,0,1,0,1,0,0,3.9739,3.3232,0,0,0,0,0,0,0,0,0,0.0,0,https://api.twitter.com/explore/popular-topics,0
42,18,17,0,2,2,0,0,0,3,0,0,0.0,0.8095,0,0,0,1,0,0,4.0081,3.3921,1,0,0,0,0,0,0,0,0,0.0,0,http://app.salesforce.com/terms-of-service,0
41,16,17,0,2,2,0,0,0,3,0,0,0.0,0.8049,0,1,0,1,0,0,4.1435,3.625,2,0,0,0,0,0,0,0,0,0.0,0,https://support.bing.com/terms-of-service,0
52,18,27,0,2,1,0,0,0,7,0,0,0.0,0.7885,0,0,0,0,0,0,4.2115,3.7255,4,1,0,1,1,1,1,11,1,0.84,2,http://portal-service.cam//account/verify//login.php,1
70,16,22,23,2,1,0,1,3,5,0,6,0.0857,0.7,0,1,0,1,0,0,4.6699,3.625,0,0,0,0,0,0,0,0,0,0.35,0,https://blog.nytimes.com/docs/v2/api-reference?ref=nav&q=test&id=23234,0
55,17,6,23,2,0,0,1,3,3,0,5,0.0909,0.6909,0,1,0,1,0,0,4.7762,3.4548,1,0,0,1,1,0,0,0,0,0.07,0,https://docs.hdfcbank.com/login?ref=nav&q=test&id=19874,0
76,36,5,27,1,3,0,1,1,3,0,8,0.1053,0.7632,0,0,0,0,0,1,4.8401,3.9512,1,1,0,0,0,0,0,0,0,0.0,0,http://google-drive-shared-document.monster/view?id=0f2fy0u4wbd54sf3xrpof7xi,1
36,15,14,0,3,0,0,0,0,4,0,12,0.3333,0.4444,1,0,0,2,0,0,4.0651,2.5056,2,0,1,0,0,0,0,0,0,0.0,0,http://203.111.230.235/netflix/login,1
49,34,8,0,1,3,0,0,0,3,0,0,0.0,0.8367,0,0,0,0,0,1,4.2241,3.9957,1,1,0,1,1,1,1,3,1,0.73,0,http://metamask-wallet-recovery-phrase.gq/connect,1
53,36,10,0,1,3,0,0,0,4,0,0,0.0,0.8302,0,0,0,0,0,1,4.0715,3.8401,2,1,0,0,0,0,0,0,0,0.0,0,http://amazon-unusual-activity-signin.click/ap/signin,1
63,19,36,0,2,3,0,0,0,5,0,8,0.127,0.6984,0,1,0,1,0,0,4.576,3.2866,0,0,0,0,0,0,0,0,0,0.0,0,https://docs.salesforce.com/questions/12345678/how-to-fix-error,0
45,13,25,0,4,0,0,0,0,5,0,10,0.2222,0.5556,1,0,0,2,0,0,4.4112,3.027,2,0,1,1,1,0,1,3,0,0.87,0,http://49.127.185.34/signin/paypal/index.html,1
30,13,10,0,4,0,0,0,0,3,0,10,0.3333,0.4,1,0,0,2,0,0,3.9647,2.8151,1,0,0,0,0,0,0,0,0,0.0,0,http://28.159.54.226/login.php,1
60,22,6,23,2,0,0,1,3,3,0,5,0.0833,0.7167,0,1,0,1,0,0,4.7522,3.6292,1,0,0,1,1,0,0,4,0,0.29,0,https://docs.bankofamerica.com/login?ref=nav&q=test&id=29371,0
50,32,11,0,1,3,0,0,0,4,0,3,0.06,0.76,0,0,0,0,0,1,4.5415,4.1792,4,1,0,1,1,1,1,7,0,0.83,0,http://microsoft-365-password-reset.xyz/auth/login,1
85,16,38,23,2,1,0,1,3,6,0,5,0.0588,0.7529,0,0,0,1,0,0,4.6228,3.3278,0,0,0,0,0,0,0,0,0,0.0,0,http://www.linkedin.com/repos/organization/repo-name/releases?ref=nav&q=test&id=80311,0
58,14,36,0,2,3,0,0,0,5,0,8,0.1379,0.6724,0,1,0,1,0,0,4.6487,3.2359,1,0,0,0,0,0,0,0,0,0.31,0,https://docs.apple.com/questions/12345678/how-to-fix-error,0
50,37,6,0,2,2,0,0,0,3,0,0,0.0,0.84,0,0,0,1,0,1,4.3533,4.0131,4,1,1,0,0,0,0,0,0,0.0,0,http://wellsfargo.banking-access-service.fun/login,1
78,25,22,23,2,1,0,1,3,5,0,6,0.0769,0.7308,0,0,0,1,0,0,4.6718,3.8635,1,0,0,0,0,0,0,0,0,0.0,0,http://support.bankofamerica.com/docs/v2/api-reference?ref=nav&q=test&id=42187,0
92,21,40,22,2,1,0,1,3,6,0,10,0.1087,0.7174,0,1,0,1,0,0,4.7553,3.3088,0,0,0,0,0,0,0,3,0,0.32,0,https://api.geeksforgeeks.org/article/2026/08/technology-breakthrough?ref=nav&q=test&id=7446,0
55,19,28,0,2,2,0,0,0,4,0,0,0.0,0.8364,0,1,0,1,0,0,4.1855,3.5766,2,0,0,0,0,0,0,0,0,0.0,0,https://mail.wellsfargo.com/help-center/contact-support,0
52,14,6,23,2,0,0,1,3,3,0,5,0.0962,0.6731,0,1,0,1,0,0,4.6279,3.0391,2,0,0,1,1,0,0,2,0,0.25,0,https://api.amazon.com/login?ref=nav&q=test&id=65633,0
53,24,7,14,3,1,0,1,1,3,0,0,0.0,0.7925,0,0,0,2,0,0,4.5196,3.7721,4,1,1,1,1,1,1,3,1,0.65,1,http://login.paypal.com.monster/webscr?cmd=_login-run,1
52,14,30,0,3,0,0,0,0,5,0,0,0.0,0.8269,0,1,0,1,0,0,4.088,3.2359,0,0,0,0,0,0,0,0,0,0.0,0,https://app.docker.com/download/latest/installer.exe,0
30,17,6,0,1,3,0,0,0,3,0,0,0.0,0.7333,0,0,1,0,0,1,4.2566,3.4548,0,0,0,0,0,0,0,0,0,0.0,0,http://xn--gogle-qqa.com/drive,1
34,12,15,0,3,0,0,0,0,4,0,9,0.2647,0.5,1,0,0,2,0,0,4.2417,2.8554,1,0,1,0,0,0,0,0,0,0.0,0,http://47.194.9.203/banking/online,1
55,17,30,0,3,0,0,0,0,5,0,0,0.0,0.8364,0,1,0,1,0,0,4.0906,3.4548,0,0,0,0,0,0,0,2,0,0.06,0,https://dev.wikipedia.org/download/latest/installer.exe,0
54,39,8,0,1,3,0,0,0,3,0,0,0.0,0.8519,0,0,0,0,0,1,4.08,3.8872,1,1,0,1,1,1,1,12,1,0.95,1,http://metamask-wallet-recovery-phrase.monster/connect,1
35,11,17,0,1,0,0,0,0,4,0,0,0.0,0.8286,0,0,0,0,0,0,3.9544,3.4594,1,0,0,0,0,0,0,0,0,0.0,0,http://netflix.com/profile/settings,0
44,16,6,13,2,0,0,1,1,3,0,2,0.0455,0.7727,0,1,0,1,0,0,4.5555,3.5,0,0,0,0,0,0,0,0,0,0.0,0,https://api.flipkart.com/watch?v=dQw4w9WgXcQ,0
34,7,6,13,1,0,0,1,1,3,0,2,0.0588,0.7353,0,0,0,0,0,0,4.2561,2.2359,0,0,0,0,0,0,0,0,0,0.0,0,http://cnn.com/watch?v=dQw4w9WgXcQ,0
35,14,14,0,3,0,0,0,0,4,0,11,0.3143,0.4571,1,0,0,2,0,0,4.1503,2.6995,2,0,1,1,1,1,1,10,1,0.83,1,http://60.138.201.163/netflix/login,1
47,22,17,0,2,0,0,0,0,4,0,0,0.0,0.8511,0,1,0,1,0,0,4.2137,3.6635,0,0,0,0,0,0,0,2,0,0.22,0,https://blog.bankofamerica.com/profile/settings,0
29,14,7,0,1,0,0,0,0,3,0,0,0.0,0.8276,0,1,0,0,0,0,3.8144,3.3249,1,0,0,0,0,0,0,0,0,0.0,0,https://huggingface.co/signin,0
72,13,30,21,2,0,0,1,2,5,0,1,0.0139,0.8056,0,0,0,1,0,0,4.2705,2.8731,0,0,0,0,0,0,0,2,0,0.21,0,http://app.yahoo.com/products/category/electronics?page=2&sort=price_asc,0
47,33,7,0,1,3,0,0,0,3,0,0,0.0,0.8298,0,0,0,0,0,1,4.275,3.9603,5,1,0,0,0,0,0,0,0,0.0,0,http://paypal-account-security-update.gq/verify,1
54,15,7,23,2,0,0,1,3,3,0,5,0.0926,0.6852,0,1,0,1,0,0,4.498,3.5069,2,0,0,1,1,0,0,0,0,0.24,0,https://support.nih.gov/signin?ref=nav&q=test&id=57679,0
46,12,27,0,3,2,0,0,0,4,0,9,0.1957,0.587,1,0,0,2,0,0,4.5285,2.4591,3,0,1,0,0,0,0,0,0,0.0,0,http://25.49.11.214/secure/update-banking-info,1
42,12,22,0,2,1,0,0,0,5,0,1,0.0238,0.7619,0,1,0,1,0,0,4.2141,3.2516,0,0,0,0,0,0,0,0,0,0.0,0,https://api.ebay.com/docs/v2/api-reference,0
44,28,9,0,1,2,0,0,0,3,0,0,0.0,0.8409,0,0,0,0,0,1,4.1724,3.8249,2,1,0,0,0,0,0,0,0,0.0,0,http://binance-kyc-verification.sbs/security,1
49,35,7,0,1,3,0,0,0,3,0,0,0.0,0.8367,0,0,0,0,0,1,4.2575,3.9217,2,1,0,0,0,0,0,0,0,0.0,0,http://customer-support-helpdesk-agent.top/verify,1
27,14,6,0,2,0,0,0,0,3,0,0,0.0,0.7778,0,0,0,1,0,0,3.9303,3.182,1,0,0,1,1,0,0,4,0,0.18,0,http://www.kaggle.com/login,0
50,37,6,0,2,2,0,0,0,3,0,0,0.0,0.84,0,0,0,1,0,1,4.4582,4.1416,4,1,1,1,1,1,1,12,1,0.66,0,http://wellsfargo.banking-access-service.xyz/login,1
49,11,30,0,3,0,0,0,0,5,0,0,0.0,0.8163,0,1,0,1,0,0,4.0514,3.0958,0,0,0,0,0,0,0,0,0,0.0,0,https://mail.gov.in/download/latest/installer.exe,0
33,19,6,0,2,0,0,0,0,3,0,0,0.0,0.8182,0,1,0,1,0,0,3.9802,3.3661,2,0,0,0,0,0,0,0,0,0.0,0,https://support.dropbox.com/login,0
45,15,22,0,2,1,0,0,0,5,0,1,0.0222,0.7778,0,1,0,1,0,0,4.3391,3.2402,0,0,0,0,0,0,0,0,0,0.0,0,https://blog.gitlab.com/docs/v2/api-reference,0
82,14,36,23,2,3,0,1,3,5,0,13,0.1585,0.6341,0,1,0,1,0,0,4.9107,3.5216,0,0,0,0,0,0,0,0,0,0.0,0,https://app.github.com/questions/12345678/how-to-fix-error?ref=nav&q=test&id=71186,0
40,26,7,0,1,2,0,0,0,3,0,0,0.0,0.825,0,0,0,0,0,1,4.3587,4.056,4,1,0,1,1,1,1,9,1,0.7,1,http://paypal-account-verify.work/signin,1
27,14,6,0,3,0,0,0,0,3,0,0,0.0,0.7407,0,0,0,2,0,0,3.7542,2.8963,1,0,1,0,0,0,0,0,0,0.0,0,http://docs.sbi.co.in/login,0
46,18,6,13,2,0,0,1,1,3,0,2,0.0435,0.7826,0,1,0,1,0,0,4.5719,3.7255,1,0,0,0,0,0,0,0,0,0.09,0,https://support.kaggle.com/watch?v=dQw4w9WgXcQ,0
46,30,9,0,1,2,0,0,0,3,0,0,0.0,0.8478,0,0,0,0,0,1,4.1478,3.7078,2,1,0,0,0,0,0,0,0,0.0,0,http://binance-kyc-verification.click/security,1
48,30,11,0,1,3,0,0,0,3,0,0,0.0,0.8333,0,0,0,0,0,1,4.2173,3.9232,3,1,0,1,1,0,1,12,1,0.94,2,http://unauthorized-login-detected.gq/secure-now,1
85,25,30,21,2,0,0,1,2,5,0,1,0.0118,0.8353,0,1,0,1,0,0,4.235,3.3231,1,0,0,0,0,0,0,0,0,0.0,0,https://support.geeksforgeeks.org/products/category/electronics?page=2&sort=price_asc,0
39,14,17,0,2,2,0,0,0,3,0,0,0.0,0.7949,0,1,0,1,0,0,4.1756,3.2359,1,0,0,0,0,0,0,3,0,0.31,0,https://mail.quora.com/terms-of-service,0
46,26,13,0,1,3,0,0,0,4,0,0,0.0,0.8043,0,0,0,0,0,1,4.1107,3.5843,2,1,0,0,0,0,0,0,0,0.0,0,http://sbi-online-banking-kyc.sbs/retail/login,1
57,18,7,23,2,0,0,1,3,3,0,5,0.0877,0.7018,0,1,0,1,0,0,4.4534,3.5033,1,0,0,1,1,0,0,3,0,0.29,0,https://docs.pinterest.com/signin?ref=nav&q=test&id=57711,0
70,14,25,23,2,2,0,1,3,4,0,5,0.0714,0.7143,0,0,0,1,0,0,4.6915,3.5216,0,0,0,0,0,0,0,0,0,0.0,0,http://api.github.com/about-us/leadership-team?ref=nav&q=test&id=36160,0
47,14,26,0,2,1,0,0,0,6,0,0,0.0,0.766,0,0,0,0,0,0,4.0518,3.182,3,1,1,0,0,0,0,0,0,0.0,0,http://auth-check.icu/https://paypal.com/signin,1
55,18,30,0,3,0,0,0,0,5,0,0,0.0,0.8364,0,0,0,1,0,0,4.0724,3.4613,0,0,0,0,0,0,0,2,0,0.17,0,http://dev.salesforce.com/download/latest/installer.exe,0
46,14,25,0,4,0,0,0,0,5,0,11,0.2391,0.5435,1,0,0,2,0,0,4.2326,2.4138,2,0,1,1,1,1,1,2,1,0.67,0,http://145.144.242.29/signin/paypal/index.html,1
67,10,7,42,1,0,0,2,4,3,0,5,0.0746,0.7164,0,0,0,0,0,0,4.6742,2.7219,1,0,0,0,0,0,0,4,0,0.3,0,http://amazon.com/search?q=machine+learning?ref=nav&q=test&id=41652,0
31,14,10,0,4,0,0,0,0,3,0,11,0.3548,0.3871,1,0,0,2,0,0,3.8489,2.5567,1,0,0,1,1,0,1,12,1,0.84,2,http://108.22.126.219/login.php,1
27,12,7,0,2,0,0,0,0,3,0,0,0.0,0.7778,0,1,0,1,0,0,3.8562,3.085,1,0,0,0,0,0,0,0,0,0.0,0,https://mail.zoom.us/signin,0
45,14,23,0,2,1,0,0,0,4,0,0,0.0,0.8222,0,1,0,1,0,0,4.0438,3.3788,0,0,0,0,0,0,0,0,0,0.0,0,https://app.gitlab.com/explore/popular-topics,0
63,17,38,0,2,1,0,0,0,6,0,0,0.0,0.8413,0,1,0,1,0,0,4.0859,3.1019,0,0,0,0,0,0,0,0,0,0.0,0,https://api.icicibank.com/repos/organization/repo-name/releases,0
39,14,17,0,2,0,0,0,0,4,0,0,0.0,0.8205,0,1,0,1,0,0,4.0772,3.5216,0,0,0,0,0,0,0,0,0,0.0,0,https://api.github.com/profile/settings,0
49,17,25,0,2,0,0,0,0,5,0,0,0.0,0.8367,0,0,0,1,0,0,4.1967,3.4548,0,0,0,0,0,0,0,4,0,0.14,0,http://docs.hdfcbank.com/user/dashboard/analytics,0
60,14,38,0,1,1,0,0,0,6,0,0,0.0,0.85,0,1,0,0,0,0,3.9717,3.5216,0,0,0,0,0,0,0,2,0,0.34,0,https://aliexpress.com/repos/organization/repo-name/releases,0
51,12,7,23,2,0,0,1,3,3,0,5,0.098,0.6667,0,1,0,1,0,0,4.6572,2.8554,1,0,0,1,1,0,0,2,0,0.16,0,https://www.imdb.com/signin?ref=nav&q=test&id=79066,0
57,13,36,0,2,3,0,0,0,5,0,8,0.1404,0.6667,0,1,0,1,0,0,4.5867,2.8731,0,0,0,0,0,0,0,4,0,0.22,0,https://app.yahoo.com/questions/12345678/how-to-fix-error,0
49,31,11,0,1,3,0,0,0,4,0,3,0.0612,0.7551,0,0,0,0,0,1,4.4102,4.0181,4,1,0,0,0,0,0,0,0,0.0,0,http://microsoft-365-password-reset.tk/auth/login,1
56,9,17,22,1,2,0,1,3,3,0,4,0.0714,0.6964,0,0,0,0,0,0,4.5771,2.9477,1,0,0,0,0,0,0,0,0,0.32,0,http://adobe.com/terms-of-service?ref=nav&q=test&id=9874,0
42,17,17,0,2,0,0,0,0,4,0,0,0.0,0.8333,0,1,0,1,0,0,3.9488,3.5725,0,0,0,0,0,0,0,2,0,0.08,0,https://dev.pinterest.com/profile/settings,0
43,27,9,0,1,2,0,0,0,3,0,0,0.0,0.8372,0,0,0,0,0,1,4.2023,3.7821,2,1,0,0,0,0,0,0,0,0.0,0,http://binance-kyc-verification.ga/security,1
40,15,17,0,2,0,0,0,0,4,0,0,0.0,0.825,0,1,0,1,0,0,4.1653,3.3232,0,0,0,0,0,0,0,0,0,0.11,0,https://dev.dropbox.com/profile/settings,0
48,35,6,0,1,3,0,0,0,3,0,0,0.0,0.8333,0,0,0,0,0,1,4.1934,3.9113,2,1,0,0,0,0,0,0,0,0.0,0,http://icici-rewards-points-redemption.fun/claim,1
51,29,15,0,1,3,0,0,0,3,0,0,0.0,0.8431,0,0,0,0,0,1,4.3048,3.9783,2,1,0,0,0,0,0,0,0,0.0,0,http://instagram-copyright-appeal.gq/verify-account,1
30,17,6,0,1,3,0,0,0,3,0,0,0.0,0.7333,0,0,1,0,0,1,4.2566,3.4548,0,0,0,0,0,0,0,0,0,0.0,0,http://xn--gogle-qqa.com/drive,1
60,14,38,0,2,1,0,0,0,6,0,0,0.0,0.8333,0,1,0,1,0,0,4.006,2.9852,1,0,0,0,0,0,0,4,0,0.25,0,https://api.paypal.com/repos/organization/repo-name/releases,0
45,12,1,23,1,0,0,1,3,3,0,5,0.1111,0.6444,0,1,0,0,0,0,4.6248,3.0221,0,0,0,0,0,0,0,0,0,0.18,0,https://facebook.com/?ref=nav&q=test&id=72113,0
50,14,28,0,2,2,0,0,0,4,0,0,0.0,0.82,0,1,0,1,0,0,4.1284,2.9852,1,0,0,0,0,0,0,4,0,0.05,0,https://www.medium.com/help-center/contact-support,0
53,20,25,0,2,2,0,0,0,4,0,0,0.0,0.8302,0,1,0,1,0,0,4.214,3.8219,0,0,0,0,0,0,0,2,0,0.05,0,https://docs.theguardian.com/about-us/leadership-team,0
56,22,27,0,2,1,0,0,0,7,0,0,0.0,0.8036,0,0,0,0,0,0,4.2087,3.7544,4,1,0,1,1,1,1,10,0,0.91,1,http://portal-service.monster//account/verify//login.php,1
61,13,40,0,3,1,0,0,0,6,0,6,0.0984,0.7213,0,1,0,2,0,0,4.4487,3.027,0,0,1,0,0,0,0,3,0,0.14,0,https://app.sbi.co.in/article/2026/08/technology-breakthrough,0
32,15,10,0,4,0,0,0,0,3,0,12,0.375,0.375,1,0,0,2,0,0,3.9917,2.8729,1,0,0,0,0,0,0,0,0,0.0,0,http://146.202.184.205/login.php,1
49,16,25,0,2,0,0,0,0,5,0,0,0.0,0.8367,0,1,0,1,0,0,4.3266,3.625,1,0,0,0,0,0,0,0,0,0.0,0,https://blog.netflix.com/user/dashboard/analytics,0
47,13,27,0,3,2,0,0,0,4,0,10,0.2128,0.5745,1,0,0,2,0,0,4.6393,2.8731,3,0,1,0,0,0,0,0,0,0.0,0,http://38.175.39.109/secure/update-banking-info,1
55,41,7,0,1,3,0,0,0,3,0,0,0.0,0.8545,0,0,0,0,0,1,4.1997,3.7788,3,1,0,0,0,0,0,0,0,0.0,0,http://coinbase-account-suspended-notice.monster/verify,1
47,13,27,0,3,2,0,0,0,4,0,10,0.2128,0.5745,1,0,0,2,0,0,4.5807,2.6612,3,0,1,0,0,0,0,0,0,0.0,0,http://168.3.231.235/secure/update-banking-info,1
47,15,25,0,2,2,0,0,0,4,0,0,0.0,0.8085,0,0,0,1,0,0,4.1105,3.3736,0,0,0,0,0,0,0,0,0,0.0,0,http://mail.reddit.com/about-us/leadership-team,0
69,13,18,30,3,0,0,1,1,4,0,19,0.2754,0.5797,1,0,0,2,0,0,4.9238,3.027,3,0,0,1,1,0,1,10,1,0.94,2,http://45.104.39.237/auth/verification?token=rvilzo2sli1bun58868je01m,1
25,11,6,0,1,0,0,0,0,3,0,0,0.0,0.8,0,1,0,0,0,0,3.9435,3.0958,1,0,0,1,1,0,0,3,0,0.25,0,https://walmart.com/login,0
67,19,40,0,2,1,0,0,0,6,0,6,0.0896,0.7612,0,1,0,1,0,0,4.5088,3.4714,0,0,0,0,0,0,0,2,0,0.14,0,https://mail.cloudflare.com/article/2026/08/technology-breakthrough,0
65,11,23,22,1,1,0,1,3,4,0,4,0.0615,0.7385,0,1,0,0,0,0,4.5226,3.0272,0,0,0,0,0,0,0,0,0,0.0,0,https://twitter.com/explore/popular-topics?ref=nav&q=test&id=9393,0
46,13,25,0,2,2,0,0,0,4,0,0,0.0,0.8043,0,1,0,1,0,0,4.1864,3.1808,0,0,0,0,0,0,0,0,0,0.15,0,https://dev.yahoo.com/about-us/leadership-team,0
80,19,30,23,3,0,0,1,3,5,0,5,0.0625,0.75,0,0,0,1,0,0,4.5499,3.5766,0,0,0,0,0,0,0,3,0,0.26,0,http://docs.aliexpress.com/download/latest/installer.exe?ref=nav&q=test&id=64589,0
73,15,7,42,2,0,0,2,4,3,0,5,0.0685,0.726,0,1,0,1,0,0,4.7767,3.2402,1,0,0,0,0,0,0,2,0,0.3,0,https://blog.paypal.com/search?q=machine+learning?ref=nav&q=test&id=51379,0
44,28,9,0,1,2,0,0,0,3,0,0,0.0,0.8409,0,0,0,0,0,1,4.1724,3.8249,2,1,0,0,0,0,0,0,0,0.0,0,http://binance-kyc-verification.sbs/security,1
69,25,36,0,2,3,0,0,0,5,0,8,0.1159,0.7246,0,1,0,1,0,0,4.4322,3.3231,1,0,0,0,0,0,0,0,0,0.0,0,https://support.geeksforgeeks.org/questions/12345678/how-to-fix-error,0
44,12,25,0,2,0,0,0,0,5,0,0,0.0,0.8182,0,0,0,1,0,0,4.1984,3.2516,0,0,0,0,0,0,0,0,0,0.0,0,http://api.bing.com/user/dashboard/analytics,0
44,12,25,0,4,0,0,0,0,5,0,9,0.2045,0.5682,1,0,0,2,0,0,4.3542,2.8554,2,0,1,0,0,0,0,0,0,0.0,0,http://149.7.168.28/signin/paypal/index.html,1
42,30,5,0,1,3,0,0,0,3,0,0,0.0,0.8095,0,0,0,0,0,1,4.2462,4.0729,3,1,0,1,1,1,1,12,0,0.9,2,http://banking-portal-secure-entry.gq/auth,1
39,14,18,0,4,0,0,0,0,4,0,11,0.2821,0.4872,1,0,0,2,0,0,4.2185,3.182,2,0,1,1,1,1,1,5,1,0.89,0,http://93.167.205.144/paypal/signin.php,1
95,12,30,45,2,0,0,2,5,5,0,6,0.0632,0.7368,0,0,0,1,0,0,4.6689,3.2516,0,0,0,0,0,0,0,0,0,0.0,0,http://mail.nih.gov/products/category/electronics?page=2&sort=price_asc?ref=nav&q=test&id=20135,0
49,19,22,0,2,1,0,0,0,5,0,1,0.0204,0.7959,0,1,0,1,0,0,4.3291,3.7871,0,0,0,0,0,0,0,1,0,0.31,0,https://www.theguardian.com/docs/v2/api-reference,0
76,15,30,22,3,0,0,1,3,5,0,4,0.0526,0.75,0,1,0,1,0,0,4.5085,3.3736,0,0,0,0,0,0,0,0,0,0.0,0,https://mail.target.com/download/latest/installer.exe?ref=nav&q=test&id=7861,0
43,18,17,0,2,2,0,0,0,3,0,1,0.0233,0.7907,0,1,0,1,0,0,4.0452,3.086,1,0,0,0,0,0,0,0,0,0.0,0,https://docs.w3schools.com/terms-of-service,0
67,19,40,0,2,1,0,0,0,6,0,6,0.0896,0.7612,0,1,0,1,0,0,4.499,3.5111,0,0,0,0,0,0,0,0,0,0.0,0,https://mail.aliexpress.com/article/2026/08/technology-breakthrough,0
30,17,6,0,1,3,0,0,0,3,0,0,0.0,0.7333,0,0,1,0,0,1,4.0314,3.4548,1,0,0,1,1,0,1,6,1,0.92,2,http://xn--paypl-qqa.com/login,1
49,31,11,0,1,3,0,0,0,4,0,3,0.0612,0.7551,0,0,0,0,0,1,4.4082,3.9779,4,1,0,1,1,1,1,4,0,0.75,2,http://microsoft-365-password-reset.cf/auth/login,1
35,13,15,0,3,0,0,0,0,4,0,10,0.2857,0.4857,1,0,0,2,0,0,4.2506,2.8731,1,0,1,0,0,0,0,0,0,0.0,0,http://154.75.18.200/banking/online,1
31,14,10,0,4,0,0,0,0,3,0,11,0.3548,0.3871,1,0,0,2,0,0,3.8732,2.6106,1,0,0,0,0,0,0,0,0,0.0,0,http://128.225.231.56/login.php,1
36,11,17,0,2,2,0,0,0,3,0,0,0.0,0.7778,0,1,0,1,0,0,4.0651,2.914,1,0,0,0,0,0,0,0,0,0.0,0,https://api.cnn.com/terms-of-service,0
52,38,7,0,1,3,0,0,0,3,0,0,0.0,0.8462,0,0,0,0,0,1,4.2381,3.9381,5,1,0,1,1,1,1,8,1,0.7,1,http://paypal-account-security-update.monster/verify,1
45,21,17,0,2,0,0,0,0,4,0,0,0.0,0.8444,0,0,0,1,0,0,4.0302,3.6304,1,0,0,0,0,0,0,0,0,0.22,0,http://support.instagram.com/profile/settings,0
60,21,7,23,2,0,0,1,3,3,0,5,0.0833,0.7167,0,1,0,1,0,0,4.4104,3.1369,1,0,0,0,0,0,0,0,0,0.0,0,https://dev.geeksforgeeks.org/signin?ref=nav&q=test&id=77273,0
51,39,5,0,1,3,0,0,0,3,0,0,0.0,0.8431,0,0,0,0,0,1,4.2804,4.0191,4,1,0,1,1,1,1,8,1,0.69,1,http://secure-wellsfargo-banking-alert.monster/auth,1
72,32,5,27,1,3,0,1,1,3,0,12,0.1667,0.6944,0,0,0,0,0,1,4.8665,4.0153,1,1,0,0,0,0,0,0,0,0.0,0,http://google-drive-shared-document.top/view?id=zgtb7d93mk91uwv5v768174i,1
73,33,5,27,1,3,0,1,1,3,0,6,0.0822,0.7808,0,0,0,0,0,1,4.8796,4.1273,1,1,0,1,1,0,1,6,0,0.85,0,http://google-drive-shared-document.buzz/view?id=vzf8vdn981nmwgxtc4jdb5kz,1
50,18,25,0,2,0,0,0,0,5,0,0,0.0,0.84,0,0,0,1,0,0,4.2542,3.7255,1,0,0,0,0,0,0,0,0,0.0,0,http://support.kaggle.com/user/dashboard/analytics,0
38,24,7,0,1,2,0,0,0,3,0,0,0.0,0.8158,0,0,0,0,0,1,4.2012,3.9183,4,1,0,1,1,0,1,5,1,0.73,0,http://paypal-account-verify.ga/signin,1
61,22,7,23,2,0,0,1,3,3,0,5,0.082,0.7213,0,1,0,1,0,0,4.5331,3.1524,1,0,0,1,1,0,0,1,0,0.2,0,https://blog.geeksforgeeks.org/signin?ref=nav&q=test&id=21243,0
51,8,36,0,1,3,0,0,0,5,0,8,0.1569,0.6471,0,0,0,0,0,0,4.6237,3.0,0,0,0,0,0,0,0,0,0,0.0,0,http://bing.com/questions/12345678/how-to-fix-error,0
50,33,10,0,1,3,0,0,0,4,0,0,0.0,0.82,0,0,0,0,0,1,4.026,3.7865,2,1,0,1,1,1,1,12,1,0.95,2,http://amazon-unusual-activity-signin.ml/ap/signin,1
75,17,7,42,2,0,0,2,4,3,0,5,0.0667,0.7333,0,1,0,1,0,0,4.5786,3.1019,0,0,0,0,0,0,0,0,0,0.17,0,https://api.icicibank.com/search?q=machine+learning?ref=nav&q=test&id=57577,0
44,30,7,0,1,2,0,0,0,3,0,0,0.0,0.8409,0,0,0,0,0,1,4.0709,3.8151,0,1,0,0,0,0,0,0,0,0.0,0,http://immediate-action-required.work/notice,1
50,18,25,0,2,2,0,0,0,4,0,0,0.0,0.82,0,0,0,1,0,0,4.0864,3.4613,1,0,0,0,0,0,0,1,0,0.15,0,http://support.medium.com/about-us/leadership-team,0
50,18,25,0,2,2,0,0,0,4,0,0,0.0,0.82,0,0,0,1,0,0,4.2215,3.5724,0,0,0,0,0,0,0,0,0,0.19,0,http://www.aliexpress.com/about-us/leadership-team,0
61,17,36,0,2,3,0,0,0,5,0,8,0.1311,0.6885,0,1,0,1,0,0,4.517,3.4548,0,0,0,0,0,0,0,4,0,0.06,0,https://app.pinterest.com/questions/12345678/how-to-fix-error,0
23,14,1,0,2,0,0,0,0,3,0,0,0.0,0.7391,0,1,0,1,0,0,3.7294,3.182,0,0,0,0,0,0,0,0,0,0.0,0,https://dev.reddit.com/,0
65,14,6,36,2,0,0,2,4,3,0,6,0.0923,0.6923,0,1,0,1,0,0,4.845,3.0391,0,0,0,0,0,0,0,0,0,0.0,0,https://api.zomato.com/watch?v=dQw4w9WgXcQ?ref=nav&q=test&id=2728,0
72,18,23,23,2,1,0,1,3,4,0,5,0.0694,0.7361,0,0,0,1,0,0,4.5762,3.4613,1,0,0,0,0,0,0,2,0,0.33,0,http://support.target.com/explore/popular-topics?ref=nav&q=test&id=30290,0
64,20,9,27,2,2,0,1,1,5,0,0,0.0,0.7969,0,0,0,0,0,0,4.2941,3.4842,1,1,0,0,0,0,0,0,0,0.0,0,http://suspicious-site.work/redirect?url=http://victim-login.com,1
36,21,7,0,2,0,0,0,0,3,0,0,0.0,0.8333,0,1,0,1,0,0,4.2317,3.7849,1,0,0,1,1,0,0,1,0,0.26,0,https://app.stackoverflow.com/signin,0
28,13,7,0,2,0,0,0,0,3,0,0,0.0,0.7857,0,1,0,1,0,0,3.8963,3.027,1,0,0,0,0,0,0,0,0,0.0,0,https://mail.imdb.com/signin,0
81,19,30,23,3,0,0,1,3,5,0,5,0.0617,0.7531,0,1,0,1,0,0,4.5614,3.4316,1,0,0,0,0,0,0,0,0,0.0,0,https://support.spotify.com/download/latest/installer.exe?ref=nav&q=test&id=29995,0
20,12,1,0,1,0,0,0,0,3,0,0,0.0,0.75,0,0,0,0,0,0,3.7842,3.4183,0,0,0,0,0,0,0,4,0,0.2,0,http://hdfcbank.com/,0
27,19,1,0,2,0,0,0,0,3,0,0,0.0,0.7778,0,0,0,1,0,0,3.9121,3.5111,0,0,0,0,0,0,0,0,0,0.0,0,http://mail.aliexpress.com/,0
49,31,11,0,1,3,0,0,0,4,0,3,0.0612,0.7551,0,0,0,0,0,1,4.4082,3.9779,4,1,0,0,0,0,0,0,0,0.0,0,http://microsoft-365-password-reset.cf/auth/login,1
63,9,22,23,1,1,0,1,3,5,0,6,0.0952,0.6825,0,1,0,0,0,0,4.636,2.9477,0,0,0,0,0,0,0,3,0,0.27,0,https://arxiv.org/docs/v2/api-reference?ref=nav&q=test&id=83964,0
29,15,7,0,2,0,0,0,0,3,0,0,0.0,0.7931,0,0,0,1,0,0,3.8313,3.3232,1,0,0,0,0,0,0,0,0,0.0,0,http://www.nytimes.com/signin,0
51,37,7,0,1,3,0,0,0,3,0,0,0.0,0.8431,0,0,0,0,0,1,4.1775,3.6657,3,1,0,0,0,0,0,0,0,0.0,0,http://coinbase-account-suspended-notice.sbs/verify,1
62,13,17,23,2,0,0,1,3,4,0,5,0.0806,0.7097,0,1,0,1,0,0,4.6415,3.2389,0,0,0,0,0,0,0,1,0,0.19,0,https://docs.bing.com/profile/settings?ref=nav&q=test&id=95164,0
43,31,5,0,1,3,0,0,0,3,0,0,0.0,0.814,0,0,0,0,0,1,4.3068,4.1471,3,1,0,0,0,0,0,0,0,0.0,0,http://banking-portal-secure-entry.xyz/auth,1
59,13,38,0,2,1,0,0,0,6,0,0,0.0,0.8305,0,1,0,1,0,0,4.1065,2.5654,0,0,0,0,0,0,0,1,0,0.16,0,https://www.twitch.tv/repos/organization/repo-name/releases,0
44,19,17,0,2,0,0,0,0,4,0,0,0.0,0.8409,0,1,0,1,0,0,4.1978,3.5369,0,0,0,0,0,0,0,2,0,0.19,0,https://blog.cloudflare.com/profile/settings,0
46,14,0,23,2,0,0,1,3,2,0,5,0.1087,0.6522,0,1,0,1,0,0,4.5449,3.182,0,0,0,0,0,0,0,3,0,0.14,0,https://docs.quora.com?ref=nav&q=test&id=39303,0
69,16,22,22,2,1,0,1,3,5,0,5,0.0725,0.7101,0,1,0,1,0,0,4.5759,3.5,0,0,0,0,0,0,0,0,0,0.17,0,https://api.flipkart.com/docs/v2/api-reference?ref=nav&q=test&id=5200,0
46,13,7,18,2,0,0,1,1,3,0,0,0.0,0.8043,0,0,0,1,0,0,4.2867,3.2389,0,0,0,0,0,0,0,2,0,0.33,0,http://api.quora.com/search?q=machine+learning,0
35,14,14,0,3,0,0,0,0,4,0,11,0.3143,0.4571,1,0,0,2,0,0,4.2646,2.9852,2,0,1,0,0,0,0,0,0,0.0,0,http://173.179.152.64/netflix/login,1
48,14,27,0,3,2,0,0,0,4,0,11,0.2292,0.5625,1,0,0,2,0,0,4.6313,2.8424,3,0,1,1,1,1,1,8,1,0.72,2,http://165.213.173.86/secure/update-banking-info,1
74,14,28,23,1,2,0,1,3,4,0,5,0.0676,0.7432,0,1,0,0,0,0,4.5184,3.2359,1,0,0,0,0,0,0,0,0,0.06,0,https://salesforce.com/help-center/contact-support?ref=nav&q=test&id=24947,0
74,18,25,23,2,0,0,1,3,5,0,5,0.0676,0.7432,0,0,0,1,0,0,4.6147,3.4613,0,0,0,0,0,0,0,0,0,0.0,0,http://dev.salesforce.com/user/dashboard/analytics?ref=nav&q=test&id=69624,0
46,26,13,0,1,3,0,0,0,4,0,0,0.0,0.8043,0,0,0,0,0,1,4.1891,3.7343,2,1,0,1,1,1,1,3,1,0.85,1,http://sbi-online-banking-kyc.fun/retail/login,1
69,13,25,23,2,0,0,1,3,5,0,5,0.0725,0.7246,0,0,0,1,0,0,4.61,3.027,0,0,0,0,0,0,0,4,0,0.28,0,http://api.yahoo.com/user/dashboard/analytics?ref=nav&q=test&id=88559,0
46,15,23,0,2,1,0,0,0,4,0,0,0.0,0.8261,0,1,0,1,0,0,4.2113,3.5069,0,0,0,0,0,0,0,0,0,0.0,0,https://dev.nytimes.com/explore/popular-topics,0
46,14,25,0,4,0,0,0,0,5,0,11,0.2391,0.5435,1,0,0,2,0,0,4.336,2.7534,2,0,1,0,0,0,0,0,0,0.0,0,http://147.66.217.200/signin/paypal/index.html,1
27,13,7,0,2,0,0,0,0,3,0,0,0.0,0.7778,0,0,0,1,0,0,3.4542,2.5654,1,0,0,1,1,0,0,0,0,0.33,0,http://www.twitch.tv/signin,0
51,17,27,0,2,1,0,0,0,7,0,0,0.0,0.7843,0,0,0,0,0,0,4.1787,3.7345,4,1,0,1,1,1,1,3,1,0.71,0,http://portal-service.ga//account/verify//login.php,1
70,14,25,23,2,0,0,1,3,5,0,5,0.0714,0.7286,0,0,0,1,0,0,4.6677,3.0931,0,0,0,0,0,0,0,0,0,0.0,0,http://dev.docker.com/user/dashboard/analytics?ref=nav&q=test&id=66820,0
28,14,6,0,2,0,0,0,0,3,0,0,0.0,0.7857,0,1,0,1,0,0,4.1106,3.3788,2,0,0,0,0,0,0,0,0,0.0,0,https://dev.paypal.com/login,0
50,37,6,0,4,1,0,0,0,3,0,0,0.0,0.82,0,0,0,3,1,0,4.1913,3.9227,3,1,1,0,0,0,0,0,0,0.0,0,http://appleid.apple.com.verify-identity.icu/login,1
65,12,22,23,2,1,0,1,3,5,0,6,0.0923,0.6769,0,0,0,1,0,0,4.6218,3.085,0,0,0,0,0,0,0,4,0,0.16,0,http://dev.imdb.com/docs/v2/api-reference?ref=nav&q=test&id=93217,0
52,19,7,18,2,0,0,1,1,3,0,0,0.0,0.8269,0,0,0,1,0,0,4.339,3.6163,1,0,0,0,0,0,0,4,0,0.16,0,http://support.nytimes.com/search?q=machine+learning,0
51,17,7,18,2,0,0,1,1,3,0,0,0.0,0.8235,0,1,0,1,0,0,4.366,3.2195,0,0,0,0,0,0,0,0,0,0.0,0,https://www.wikipedia.org/search?q=machine+learning,0
46,13,25,0,2,2,0,0,0,4,0,0,0.0,0.8043,0,1,0,1,0,0,4.1864,3.1808,0,0,0,0,0,0,0,0,0,0.0,0,https://dev.yahoo.com/about-us/leadership-team,0
30,17,6,0,1,3,0,0,0,3,0,0,0.0,0.7333,0,0,1,0,0,1,4.2566,3.4548,0,0,0,0,0,0,0,0,0,0.0,0,http://xn--gogle-qqa.com/drive,1
86,16,38,23,2,1,0,1,3,6,0,5,0.0581,0.7558,0,1,0,1,0,0,4.5681,3.375,0,0,0,0,0,0,0,4,0,0.16,0,https://docs.nytimes.com/repos/organization/repo-name/releases?ref=nav&q=test&id=30249,0
52,37,7,0,4,1,0,0,0,3,0,0,0.0,0.8269,0,1,0,3,1,0,4.2273,3.8819,3,1,1,1,1,0,0,5,0,0.81,1,https://appleid.apple.com.account-recovery.cf/verify,1
98,14,30,45,1,0,0,2,5,5,0,6,0.0612,0.7551,0,1,0,0,0,0,4.5884,3.3249,0,0,0,0,0,0,0,1,0,0.13,0,https://huggingface.co/products/category/electronics?page=2&sort=price_asc?ref=nav&q=test&id=31384,0
38,13,18,0,4,0,0,0,0,4,0,10,0.2632,0.5,1,0,0,2,0,0,4.1003,2.8731,2,0,1,0,0,0,0,0,0,0.0,0,http://134.237.17.86/paypal/signin.php,1
65,10,23,23,1,1,0,1,3,4,0,5,0.0769,0.7231,0,1,0,0,0,0,4.6432,2.6464,0,0,0,0,0,0,0,0,0,0.0,0,https://zomato.com/explore/popular-topics?ref=nav&q=test&id=77362,0
23,9,6,0,1,0,0,0,0,3,0,0,0.0,0.7826,0,1,0,0,0,0,3.6381,2.6416,1,0,0,1,1,0,0,3,0,0.25,0,https://twitch.tv/login,0
80,10,38,23,1,1,0,1,3,6,0,5,0.0625,0.75,0,1,0,0,0,0,4.5361,3.3219,0,0,0,0,0,0,0,3,0,0.19,0,https://gitlab.com/repos/organization/repo-name/releases?ref=nav&q=test&id=23230,0
48,15,25,0,2,2,0,0,0,4,0,0,0.0,0.8125,0,1,0,1,0,0,4.1114,2.9736,0,0,0,0,0,0,0,0,0,0.0,0,https://docs.zomato.com/about-us/leadership-team,0
55,40,7,0,4,1,0,0,0,3,0,0,0.0,0.8364,0,1,0,3,1,0,4.2538,3.8776,3,1,1,1,1,1,0,9,1,0.69,1,https://appleid.apple.com.account-recovery.click/verify,1
77,18,28,23,2,2,0,1,3,4,0,5,0.0649,0.7403,0,0,0,1,0,0,4.5761,3.5033,1,0,0,0,0,0,0,0,0,0.0,0,http://api.aliexpress.com/help-center/contact-support?ref=nav&q=test&id=25935,0
69,12,25,23,2,2,0,1,3,4,0,5,0.0725,0.7101,0,1,0,1,0,0,4.7138,3.0221,0,0,0,0,0,0,0,3,0,0.23,0,https://blog.zoom.us/about-us/leadership-team?ref=nav&q=test&id=73550,0
56,12,36,0,1,3,0,0,0,5,0,8,0.1429,0.6786,0,1,0,0,0,0,4.6238,3.0221,0,0,0,0,0,0,0,0,0,0.0,0,https://facebook.com/questions/12345678/how-to-fix-error,0
52,18,27,0,2,1,0,0,0,7,0,0,0.0,0.7885,0,0,0,0,0,0,4.2115,3.7255,4,1,0,1,1,1,1,3,1,0.81,2,http://portal-service.cam//account/verify//login.php,1
25,18,0,0,2,0,0,0,0,2,0,0,0.0,0.8,0,0,0,1,0,0,4.0039,3.5033,0,0,0,0,0,0,0,0,0,0.0,0,http://dev.cloudflare.com,0
47,14,25,0,2,2,0,0,0,4,0,0,0.0,0.8085,0,1,0,1,0,0,4.2381,3.2359,1,0,0,0,0,0,0,0,0,0.0,0,https://dev.amazon.com/about-us/leadership-team,0
33,19,7,0,1,1,0,0,0,3,0,1,0.0303,0.7879,0,0,0,0,0,0,4.165,3.8269,2,0,0,0,0,0,0,0,0,0.0,0,http://paypa1-security.com/webscr,1
100,16,30,45,2,0,0,2,5,5,0,6,0.06,0.75,0,1,0,1,0,0,4.6328,3.4528,0,0,0,0,0,0,0,3,0,0.17,0,https://blog.twitter.com/products/category/electronics?page=2&sort=price_asc?ref=nav&q=test&id=11034,0
40,26,7,0,1,2,0,0,0,3,0,1,0.025,0.8,0,0,0,0,0,1,4.2842,4.1329,3,0,0,0,0,0,0,0,0,0.0,0,http://netfl1x-billing-update.com/signin,1
28,20,0,0,2,0,0,0,0,2,0,0,0.0,0.8214,0,1,0,1,0,0,3.8963,3.6219,1,0,0,0,0,0,0,0,0,0.14,0,https://support.facebook.com,0
44,32,5,0,1,3,0,0,0,3,0,0,0.0,0.8182,0,0,0,0,0,1,4.2573,4.0931,3,1,0,0,0,0,0,0,0,0.0,0,http://banking-portal-secure-entry.buzz/auth,1
48,19,7,14,3,1,0,1,1,3,0,0,0.0,0.7708,0,0,0,2,0,0,4.5739,3.4714,4,1,1,1,1,0,1,3,1,0.76,0,http://login.paypal.com.cf/webscr?cmd=_login-run,1
44,14,22,0,2,1,0,0,0,5,0,1,0.0227,0.7727,0,1,0,1,0,0,4.1896,3.0391,1,0,0,0,0,0,0,4,0,0.21,0,https://api.amazon.com/docs/v2/api-reference,0
50,32,11,0,1,3,0,0,0,4,0,3,0.06,0.76,0,0,0,0,0,1,4.5415,4.1792,4,1,0,1,1,1,1,6,1,0.76,2,http://microsoft-365-password-reset.xyz/auth/login,1
50,37,6,0,4,1,0,0,0,3,0,0,0.0,0.82,0,0,0,3,1,0,4.2693,4.0203,3,1,1,1,1,0,1,2,1,0.94,2,http://appleid.apple.com.verify-identity.sbs/login,1
70,16,23,22,2,1,0,1,3,4,0,4,0.0571,0.7429,0,1,0,1,0,0,4.7385,3.625,0,0,0,0,0,0,0,0,0,0.0,0,https://blog.nytimes.com/explore/popular-topics?ref=nav&q=test&id=7618,0
66,19,40,0,2,1,0,0,0,6,0,6,0.0909,0.7576,0,0,0,1,0,0,4.4511,3.5766,1,0,0,0,0,0,0,0,0,0.0,0,http://support.mozilla.org/article/2026/08/technology-breakthrough,0
33,18,7,0,2,0,0,0,0,3,0,1,0.0303,0.7879,0,1,0,1,0,0,3.9306,3.281,1,0,0,0,0,0,0,0,0,0.0,0,https://blog.w3schools.com/signin,0
30,17,6,0,1,3,0,0,0,3,0,0,0.0,0.7333,0,0,1,0,0,1,4.2566,3.4548,0,0,0,1,1,0,1,11,0,0.72,2,http://xn--gogle-qqa.com/drive,1
52,14,7,23,2,0,0,1,3,3,0,5,0.0962,0.6731,0,0,0,1,0,0,4.5969,3.3788,1,0,0,0,0,0,0,0,0,0.0,0,http://app.gitlab.com/signin?ref=nav&q=test&id=39911,0
48,18,22,0,2,1,0,0,0,5,0,1,0.0208,0.7917,0,1,0,1,0,0,4.2781,3.4194,0,0,0,0,0,0,0,3,0,0.27,0,https://www.huggingface.co/docs/v2/api-reference,0
41,28,6,0,1,2,0,0,0,3,0,0,0.0,0.8293,0,0,0,0,0,1,4.2571,3.8963,4,1,0,1,1,0,1,9,0,0.92,0,http://account-security-update.buzz/login,1
73,33,5,27,1,3,0,1,1,3,0,2,0.0274,0.8356,0,0,0,0,0,1,4.7362,4.1273,1,1,0,0,0,0,0,0,0,0.0,0,http://google-drive-shared-document.buzz/view?id=ndn2uufyhdwnpxu9plqynshi,1
44,13,23,0,2,1,0,0,0,4,0,0,0.0,0.8182,0,1,0,1,0,0,4.1098,3.027,0,0,0,0,0,0,0,2,0,0.24,0,https://www.slack.com/explore/popular-topics,0
65,9,25,23,1,2,0,1,3,4,0,5,0.0769,0.7077,0,0,0,0,0,0,4.7072,2.9477,0,0,0,0,0,0,0,1,0,0.27,0,http://slack.com/about-us/leadership-team?ref=nav&q=test&id=63532,0
37,12,18,0,4,0,0,0,0,4,0,9,0.2432,0.5135,1,0,0,2,0,0,3.9564,2.4591,2,0,1,0,0,0,0,0,0,0.0,0,http://73.235.51.57/paypal/signin.php,1
77,19,7,42,2,0,0,2,4,3,0,5,0.0649,0.7403,0,1,0,1,0,0,4.7031,3.5369,1,0,0,0,0,0,0,0,0,0.3,0,https://blog.wellsfargo.com/search?q=machine+learning?ref=nav&q=test&id=88078,0
34,13,14,0,3,0,0,0,0,4,0,10,0.2941,0.4706,1,0,0,2,0,0,4.0431,2.4116,2,0,1,1,1,1,1,7,0,0.7,0,http://66.100.108.90/netflix/login,1
64,20,9,27,2,2,0,1,1,5,0,0,0.0,0.7969,0,0,0,0,0,0,4.2941,3.4842,1,1,0,0,0,0,0,0,0,0.0,0,http://suspicious-site.work/redirect?url=http://victim-login.com,1
51,34,10,0,1,3,0,0,0,4,0,0,0.0,0.8235,0,0,0,0,0,1,4.0863,3.8666,2,1,0,0,0,0,0,0,0,0.0,0,http://amazon-unusual-activity-signin.xyz/ap/signin,1
43,27,9,0,1,2,0,0,0,3,0,0,0.0,0.8372,0,0,0,0,0,1,4.2664,3.8842,2,1,0,0,0,0,0,0,0,0.0,0,http://binance-kyc-verification.ml/security,1
69,15,23,22,2,1,0,1,3,4,0,4,0.058,0.7391,0,1,0,1,0,0,4.628,3.3736,0,0,0,0,0,0,0,0,0,0.06,0,https://app.youtube.com/explore/popular-topics?ref=nav&q=test&id=5508,0
25,17,0,0,2,0,0,0,0,2,0,0,0.0,0.8,0,1,0,1,0,0,3.7035,3.3372,1,0,0,0,0,0,0,0,0,0.25,0,https://api.microsoft.com,0
62,13,17,23,2,2,0,1,3,3,0,5,0.0806,0.6935,0,1,0,1,0,0,4.5975,3.2389,1,0,0,0,0,0,0,0,0,0.17,0,https://api.slack.com/terms-of-service?ref=nav&q=test&id=59939,0
47,33,7,0,1,3,0,0,0,3,0,0,0.0,0.8298,0,0,0,0,0,1,4.1634,3.862,5,1,0,0,0,0,0,0,0,0.0,0,http://paypal-account-security-update.cf/verify,1
47,33,7,0,1,3,0,0,0,3,0,0,0.0,0.8298,0,0,0,0,0,1,4.275,3.9603,5,1,0,1,1,1,1,4,0,0.86,2,http://paypal-account-security-update.gq/verify,1
52,30,15,0,1,3,0,0,0,3,0,0,0.0,0.8462,0,0,0,0,0,1,4.3207,3.9899,2,1,0,1,1,1,1,9,1,0.68,0,http://instagram-copyright-appeal.sbs/verify-account,1
39,14,18,0,4,0,0,0,0,4,0,11,0.2821,0.4872,1,0,0,2,0,0,4.0134,2.6106,2,0,1,0,0,0,0,0,0,0.0,0,http://120.104.189.18/paypal/signin.php,1
48,36,5,0,1,3,0,0,0,3,0,0,0.0,0.8333,0,0,0,0,0,1,4.2878,3.9959,4,1,0,1,1,0,1,10,0,0.71,1,http://secure-wellsfargo-banking-alert.work/auth,1
69,17,6,37,2,0,0,2,4,3,0,7,0.1014,0.6957,0,1,0,1,0,0,4.8549,3.4104,0,0,0,0,0,0,0,0,0,0.0,0,https://dev.icicibank.com/watch?v=dQw4w9WgXcQ?ref=nav&q=test&id=46754,0
29,14,7,0,2,0,0,0,0,3,0,0,0.0,0.7931,0,1,0,1,0,0,3.8404,3.0391,2,0,0,1,1,0,0,0,0,0.3,0,https://docs.chase.com/signin,0
42,30,5,0,1,3,0,0,0,3,0,0,0.0,0.8095,0,0,0,0,0,1,4.1533,3.9811,3,1,0,1,1,1,1,11,0,0.92,0,http://banking-portal-secure-entry.tk/auth,1
49,36,6,0,2,2,0,0,0,3,0,0,0.0,0.8367,0,0,0,1,0,1,4.2978,3.9267,4,1,1,1,1,0,1,6,1,0.9,2,http://wellsfargo.banking-access-service.cf/login,1
39,26,6,0,1,2,0,0,0,3,0,0,0.0,0.8205,0,0,0,0,0,1,4.1798,3.7962,4,1,0,1,1,1,1,4,1,0.67,1,http://account-security-update.cf/login,1
42,28,7,0,1,2,0,0,0,3,0,0,0.0,0.8333,0,0,0,0,0,1,4.0033,3.709,0,1,0,1,1,1,1,8,0,0.83,0,http://immediate-action-required.ml/notice,1
43,28,8,0,1,3,0,0,0,3,0,0,0.0,0.814,0,0,0,0,0,1,4.2222,3.8249,2,1,0,1,1,0,1,8,1,0.75,1,http://verify-your-identity-now.xyz/confirm,1
43,31,5,0,1,3,0,0,0,3,0,0,0.0,0.814,0,0,0,0,0,1,4.3068,4.1471,3,1,0,0,0,0,0,0,0,0.0,0,http://banking-portal-secure-entry.xyz/auth,1
30,17,6,0,1,3,0,0,0,3,0,0,0.0,0.7333,0,0,1,0,0,1,4.2566,3.4548,0,0,0,0,0,0,0,0,0,0.0,0,http://xn--gogle-qqa.com/drive,1
51,36,8,0,1,3,0,0,0,3,0,0,0.0,0.8431,0,0,0,0,0,1,4.2972,4.0833,1,1,0,0,0,0,0,0,0,0.0,0,http://metamask-wallet-recovery-phrase.buzz/connect,1
50,35,8,0,1,3,0,0,0,3,0,0,0.0,0.84,0,0,0,0,0,1,4.226,4.0687,1,1,0,0,0,0,0,0,0,0.0,0,http://metamask-wallet-recovery-phrase.fun/connect,1
41,8,7,18,1,0,0,1,1,3,0,0,0.0,0.8049,0,0,0,0,0,0,4.2715,3.0,0,0,0,0,0,0,0,1,0,0.18,0,http://bing.com/search?q=machine+learning,0
38,13,17,0,2,0,0,0,0,4,0,0,0.0,0.8158,0,1,0,1,0,0,3.8489,2.5654,0,0,0,0,0,0,0,3,0,0.06,0,https://www.twitch.tv/profile/settings,0
44,13,23,0,2,1,0,0,0,4,0,0,0.0,0.8182,0,1,0,1,0,0,4.0212,3.2389,0,0,0,0,0,0,0,0,0,0.15,0,https://api.slack.com/explore/popular-topics,0
46,13,26,0,2,1,0,0,0,6,0,0,0.0,0.7609,0,0,0,0,0,0,4.0751,3.3927,3,1,1,1,1,1,1,6,1,0.9,0,http://auth-check.ml/https://paypal.com/signin,1
51,34,10,0,1,3,0,0,0,4,0,0,0.0,0.8235,0,0,0,0,0,1,4.0863,3.8666,2,1,0,1,1,1,1,9,1,0.75,1,http://amazon-unusual-activity-signin.xyz/ap/signin,1
43,27,9,0,1,2,0,0,0,3,0,0,0.0,0.8372,0,0,0,0,0,1,4.1359,3.6899,2,1,0,0,0,0,0,0,0,0.0,0,http://binance-kyc-verification.cf/security,1
34,20,7,0,1,3,0,0,0,3,0,1,0.0294,0.7353,0,0,1,0,0,1,4.1163,3.6464,1,0,0,1,1,1,1,7,1,0.78,2,http://xn--mcrosoft-p1a.com/update,1
56,20,28,0,2,2,0,0,0,4,0,0,0.0,0.8393,0,1,0,1,0,0,4.1525,3.7842,1,0,0,0,0,0,0,1,0,0.3,0,https://mail.theguardian.com/help-center/contact-support,0
52,32,13,0,1,3,0,0,0,4,0,0,0.0,0.8269,0,0,0,0,0,1,4.3018,4.0695,3,1,0,1,1,1,1,4,0,0.8,1,http://hdfc-netbanking-customer-care.tk/secure/login,1
45,29,9,0,1,2,0,0,0,3,0,0,0.0,0.8444,0,0,0,0,0,1,4.2502,3.9094,2,1,0,0,0,0,0,0,0,0.0,0,http://binance-kyc-verification.buzz/security,1
56,22,27,0,2,1,0,0,0,7,0,0,0.0,0.8036,0,0,0,0,0,0,4.2087,3.7544,4,1,0,0,0,0,0,0,0,0.0,0,http://portal-service.monster//account/verify//login.php,1
39,25,7,0,1,2,0,0,0,3,0,0,0.0,0.8205,0,0,0,0,0,1,4.1949,3.8635,4,1,0,1,1,1,1,12,1,0.67,0,http://paypal-account-verify.icu/signin,1
49,36,6,0,4,1,0,0,0,3,0,0,0.0,0.8163,0,0,0,3,1,0,4.1792,3.9267,3,1,1,0,0,0,0,0,0,0.0,0,http://appleid.apple.com.verify-identity.tk/login,1
50,14,28,0,2,2,0,0,0,4,0,0,0.0,0.82,0,1,0,1,0,0,4.1957,3.6645,1,0,0,0,0,0,0,1,0,0.27,0,https://dev.gitlab.com/help-center/contact-support,0
26,11,7,0,1,0,0,0,0,3,0,0,0.0,0.8077,0,1,0,0,0,0,3.7091,3.2776,1,0,0,0,0,0,0,0,0,0.0,0,https://nytimes.com/signin,0
47,16,23,0,2,1,0,0,0,4,0,0,0.0,0.8298,0,1,0,1,0,0,4.1209,3.4528,0,0,0,0,0,0,0,0,0,0.0,0,https://docs.mozilla.org/explore/popular-topics,0
51,12,7,23,2,0,0,1,3,3,0,5,0.098,0.6667,0,1,0,1,0,0,4.6572,2.8554,1,0,0,0,0,0,0,0,0,0.0,0,https://www.imdb.com/signin?ref=nav&q=test&id=63747,0
74,19,25,22,2,2,0,1,3,4,0,4,0.0541,0.7432,0,0,0,1,0,0,4.6704,3.5766,1,0,0,0,0,0,0,4,0,0.09,0,http://support.mozilla.org/about-us/leadership-team?ref=nav&q=test&id=2609,0
44,28,9,0,1,2,0,0,0,3,0,0,0.0,0.8409,0,0,0,0,0,1,4.1613,3.7804,2,1,0,0,0,0,0,0,0,0.0,0,http://binance-kyc-verification.fun/security,1
75,17,7,42,2,0,0,2,4,3,0,5,0.0667,0.7333,0,1,0,1,0,0,4.7122,3.6169,0,0,0,0,0,0,0,0,0,0.17,0,https://mail.hdfcbank.com/search?q=machine+learning?ref=nav&q=test&id=99567,0
45,15,22,0,2,1,0,0,0,5,0,1,0.0222,0.7778,0,1,0,1,0,0,4.1809,3.3736,0,0,0,0,0,0,0,0,0,0.0,0,https://mail.reddit.com/docs/v2/api-reference,0
56,17,7,23,2,0,0,1,3,3,0,5,0.0893,0.6964,0,1,0,1,0,0,4.6263,3.3372,1,0,0,1,1,0,0,1,0,0.24,0,https://mail.linkedin.com/signin?ref=nav&q=test&id=47921,0
28,13,7,0,2,0,0,0,0,3,0,0,0.0,0.7857,0,1,0,1,0,0,4.0391,3.027,1,0,0,0,0,0,0,0,0,0.0,0,https://www.quora.com/signin,0
82,14,36,23,2,3,0,1,3,5,0,13,0.1585,0.6341,0,1,0,1,0,0,4.8928,3.0931,1,0,0,0,0,0,0,4,0,0.2,0,https://mail.apple.com/questions/12345678/how-to-fix-error?ref=nav&q=test&id=46228,0
52,38,7,0,1,3,0,0,0,3,0,0,0.0,0.8462,0,0,0,0,0,1,4.2381,3.9381,5,1,0,1,1,1,1,2,1,0.84,0,http://paypal-account-security-update.monster/verify,1
39,14,17,0,2,2,0,0,0,3,0,0,0.0,0.7949,0,1,0,1,0,0,4.0798,3.182,1,0,0,0,0,0,0,3,0,0.12,0,https://api.medium.com/terms-of-service,0
46,15,23,0,2,1,0,0,0,4,0,0,0.0,0.8261,0,1,0,1,0,0,4.0285,2.9736,0,0,0,0,0,0,0,1,0,0.26,0,https://docs.zomato.com/explore/popular-topics,0
51,15,28,0,2,2,0,0,0,4,0,0,0.0,0.8235,0,1,0,1,0,0,4.177,3.3232,1,0,0,0,0,0,0,2,0,0.08,0,https://blog.medium.com/help-center/contact-support,0
50,12,30,0,3,0,0,0,0,5,0,0,0.0,0.82,0,1,0,1,0,0,4.102,3.0221,0,0,0,0,0,0,0,4,0,0.21,0,https://www.ebay.com/download/latest/installer.exe,0
34,20,7,0,1,3,0,0,0,3,0,1,0.0294,0.7353,0,0,1,0,0,1,4.1163,3.6464,1,0,0,0,0,0,0,0,0,0.0,0,http://xn--mcrosoft-p1a.com/update,1
35,14,14,0,3,0,0,0,0,4,0,11,0.3143,0.4571,1,0,0,2,0,0,4.1147,2.6106,2,0,1,0,0,0,0,0,0,0.0,0,http://212.177.82.254/netflix/login,1
43,31,5,0,1,3,0,0,0,3,0,0,0.0,0.814,0,0,0,0,0,1,4.2313,4.0582,3,1,0,1,1,1,1,2,1,0.84,1,http://banking-portal-secure-entry.cam/auth,1
34,13,14,0,3,0,0,0,0,4,0,10,0.2941,0.4706,1,0,0,2,0,0,4.2195,2.8731,2,0,1,1,1,1,1,4,1,0.75,0,http://48.184.29.237/netflix/login,1
48,35,6,0,1,3,0,0,0,3,0,0,0.0,0.8333,0,0,0,0,0,1,4.1258,3.8186,2,1,0,1,1,0,1,4,1,0.82,0,http://icici-rewards-points-redemption.sbs/claim,1
42,28,7,0,1,2,0,0,0,3,0,0,0.0,0.8333,0,0,0,0,0,1,4.0213,3.7359,0,1,0,1,1,1,1,2,1,0.7,2,http://immediate-action-required.gq/notice,1
35,13,15,0,3,0,0,0,0,4,0,10,0.2857,0.4857,1,0,0,2,0,0,4.1503,2.6032,1,0,1,1,1,1,1,7,0,0.87,1,http://112.16.78.242/banking/online,1
61,13,40,0,2,1,0,0,0,6,0,6,0.0984,0.7377,0,1,0,1,0,0,4.431,3.2389,1,0,0,0,0,0,0,3,0,0.15,0,https://api.chase.com/article/2026/08/technology-breakthrough,0
51,33,11,0,1,3,0,0,0,4,0,3,0.0588,0.7647,0,0,0,0,0,1,4.418,3.9912,4,1,0,0,0,0,0,0,0,0.0,0,http://microsoft-365-password-reset.work/auth/login,1
52,32,13,0,1,3,0,0,0,4,0,0,0.0,0.8269,0,0,0,0,0,1,4.3328,4.1556,3,1,0,0,0,0,0,0,0,0.0,0,http://hdfc-netbanking-customer-care.ml/secure/login,1
97,13,30,45,2,0,0,2,5,5,0,6,0.0619,0.7423,0,1,0,1,0,0,4.6266,3.1808,0,0,0,0,0,0,0,4,0,0.33,0,https://dev.yahoo.com/products/category/electronics?page=2&sort=price_asc?ref=nav&q=test&id=73706,0
66,22,36,0,2,3,0,0,0,5,0,8,0.1212,0.7121,0,1,0,1,0,0,4.539,3.6635,1,0,0,0,0,0,0,0,0,0.0,0,https://support.aliexpress.com/questions/12345678/how-to-fix-error,0
52,39,6,0,1,3,0,0,0,3,0,0,0.0,0.8462,0,0,0,0,0,1,4.0628,3.7627,2,1,0,1,1,0,1,3,1,0.95,2,http://icici-rewards-points-redemption.monster/claim,1
37,13,17,0,2,0,0,0,0,4,0,0,0.0,0.8108,0,0,0,1,0,0,4.0672,3.2389,0,0,0,0,0,0,0,1,0,0.34,0,http://dev.arxiv.org/profile/settings,0
25,16,1,0,2,0,0,0,0,3,0,0,0.0,0.76,0,1,0,1,0,0,3.7533,3.3278,0,0,0,0,0,0,0,0,0,0.0,0,https://docs.youtube.com/,0
51,15,28,0,2,2,0,0,0,4,0,0,0.0,0.8235,0,1,0,1,0,0,4.177,3.3232,1,0,0,0,0,0,0,0,0,0.0,0,https://blog.medium.com/help-center/contact-support,0
28,11,10,0,4,0,0,0,0,3,0,8,0.2857,0.4286,1,0,0,2,0,0,3.7979,2.4131,1,0,0,1,1,1,1,2,1,0.73,1,http://125.1.29.41/login.php,1
81,21,30,21,2,0,0,1,2,5,0,1,0.0123,0.8272,0,1,0,1,0,0,4.2523,3.2135,0,0,0,0,0,0,0,0,0,0.32,0,https://app.geeksforgeeks.org/products/category/electronics?page=2&sort=price_asc,0
46,10,28,0,1,2,0,0,0,4,0,0,0.0,0.8261,0,1,0,0,0,0,3.9766,3.1219,1,0,0,0,0,0,0,1,0,0.23,0,https://reddit.com/help-center/contact-support,0
43,31,5,0,1,3,0,0,0,3,0,0,0.0,0.814,0,0,0,0,0,1,4.3068,4.1471,3,1,0,1,1,1,1,7,0,0.86,2,http://banking-portal-secure-entry.xyz/auth,1
40,13,6,13,2,0,0,1,1,3,0,2,0.05,0.75,0,0,0,1,0,0,4.3776,3.2389,1,0,0,0,0,0,0,0,0,0.0,0,http://dev.apple.com/watch?v=dQw4w9WgXcQ,0
74,14,28,23,2,2,0,1,3,4,0,5,0.0676,0.7297,0,1,0,1,0,0,4.5716,3.182,1,0,0,0,0,0,0,4,0,0.29,0,https://dev.reddit.com/help-center/contact-support?ref=nav&q=test&id=41862,0
52,37,8,0,1,3,0,0,0,3,0,0,0.0,0.8462,0,0,0,0,0,1,4.1668,3.9492,1,1,0,0,0,0,0,0,0,0.0,0,http://metamask-wallet-recovery-phrase.click/connect,1
53,15,7,23,2,0,0,1,3,3,0,5,0.0943,0.6792,0,0,0,1,0,0,4.6328,3.3232,1,0,0,1,1,0,0,4,0,0.08,0,http://dev.dropbox.com/signin?ref=nav&q=test&id=55165,0
33,19,7,0,1,1,0,0,0,3,0,1,0.0303,0.7879,0,0,0,0,0,0,4.165,3.8269,2,0,0,0,0,0,0,0,0,0.0,0,http://paypa1-security.com/webscr,1
55,16,7,23,2,0,0,1,3,3,0,5,0.0909,0.6909,0,1,0,1,0,0,4.6946,3.4528,1,0,0,0,0,0,0,0,0,0.0,0,https://www.hdfcbank.com/signin?ref=nav&q=test&id=99774,0
65,19,38,0,2,1,0,0,0,6,0,0,0.0,0.8462,0,1,0,1,0,0,4.1353,3.5369,1,0,0,0,0,0,0,0,0,0.0,0,https://blog.wellsfargo.com/repos/organization/repo-name/releases,0
45,14,23,0,2,1,0,0,0,4,0,0,0.0,0.8222,0,1,0,1,0,0,3.9491,3.0391,1,0,0,0,0,0,0,2,0,0.14,0,https://app.google.com/explore/popular-topics,0
49,13,28,0,2,2,0,0,0,4,0,0,0.0,0.8163,0,1,0,1,0,0,4.1499,3.2389,1,0,0,0,0,0,0,0,0,0.0,0,https://mail.bing.com/help-center/contact-support,0
26,18,0,0,2,0,0,0,0,2,0,0,0.0,0.8077,0,1,0,1,0,0,3.7962,3.3921,0,0,0,0,0,0,0,0,0,0.0,0,https://app.salesforce.com,0
48,12,28,0,1,2,0,0,0,4,0,0,0.0,0.8333,0,1,0,0,0,0,4.0794,3.2516,1,0,0,0,0,0,0,0,0,0.09,0,https://linkedin.com/help-center/contact-support,0
63,14,17,23,2,0,0,1,3,4,0,5,0.0794,0.7143,0,1,0,1,0,0,4.7052,3.2359,0,0,0,0,0,0,0,4,0,0.35,0,https://blog.slack.com/profile/settings?ref=nav&q=test&id=26871,0
21,13,0,0,2,0,0,0,0,2,0,0,0.0,0.7619,0,1,0,1,0,0,3.6897,3.027,0,0,0,0,0,0,0,0,0,0.0,0,https://www.slack.com,0
23,14,1,0,2,0,0,0,0,3,0,0,0.0,0.7391,0,1,0,1,0,0,3.7951,3.2359,0,0,0,0,0,0,0,0,0,0.0,0,https://blog.slack.com/,0
44,12,25,0,4,0,0,0,0,5,0,9,0.2045,0.5682,1,0,0,2,0,0,4.3088,2.6887,2,0,1,1,1,1,1,11,1,0.89,1,http://172.23.57.81/signin/paypal/index.html,1
55,35,13,0,1,3,0,0,0,4,0,0,0.0,0.8364,0,0,0,0,0,1,4.3016,4.1043,3,1,0,1,1,1,1,11,1,0.84,1,http://hdfc-netbanking-customer-care.click/secure/login,1
24,15,1,0,2,0,0,0,0,3,0,0,0.0,0.75,0,1,0,1,0,0,3.8554,3.5069,0,0,0,0,0,0,0,1,0,0.34,0,https://mail.github.com/,0
74,15,28,23,2,2,0,1,3,4,0,5,0.0676,0.7297,0,0,0,1,0,0,4.6285,3.3232,1,0,0,0,0,0,0,0,0,0.0,0,http://dev.dropbox.com/help-center/contact-support?ref=nav&q=test&id=67057,0
69,15,22,23,2,1,0,1,3,5,0,6,0.087,0.6957,0,1,0,1,0,0,4.6679,3.3232,0,0,0,0,0,0,0,0,0,0.26,0,https://www.nytimes.com/docs/v2/api-reference?ref=nav&q=test&id=70794,0
39,14,18,0,4,0,0,0,0,4,0,11,0.2821,0.4872,1,0,0,2,0,0,4.0646,2.7534,2,0,1,0,0,0,0,0,0,0.0,0,http://64.152.107.222/paypal/signin.php,1
49,15,7,18,2,0,0,1,1,3,0,0,0.0,0.8163,0,1,0,1,0,0,4.364,3.5069,0,0,0,0,0,0,0,4,0,0.28,0,https://docs.gitlab.com/search?q=machine+learning,0
31,17,6,0,2,0,0,0,0,3,0,0,0.0,0.8065,0,1,0,1,0,0,3.8858,3.1019,1,0,0,0,0,0,0,0,0,0.0,0,https://api.icicibank.com/login,0
50,13,6,22,2,0,0,1,3,3,0,4,0.08,0.68,0,1,0,1,0,0,4.6386,3.1808,1,0,0,1,1,0,0,2,0,0.27,0,https://dev.yahoo.com/login?ref=nav&q=test&id=4483,0
48,35,6,0,1,3,0,0,0,3,0,0,0.0,0.8333,0,0,0,0,0,1,4.2508,3.99,2,1,0,0,0,0,0,0,0,0.0,0,http://icici-rewards-points-redemption.xyz/claim,1
48,19,7,14,3,1,0,1,1,3,0,0,0.0,0.7708,0,0,0,2,0,0,4.5739,3.4714,4,1,1,0,0,0,0,0,0,0.0,0,http://login.paypal.com.cf/webscr?cmd=_login-run,1
28,14,7,0,2,0,0,0,0,3,0,0,0.0,0.7857,0,0,0,1,0,0,3.7674,3.3249,1,0,0,1,1,0,0,0,0,0.32,0,http://blog.twitch.tv/signin,0
52,37,7,0,4,1,0,0,0,3,0,0,0.0,0.8269,0,1,0,3,1,0,4.2728,3.9254,3,1,1,1,1,1,0,4,1,0.93,0,https://appleid.apple.com.account-recovery.tk/verify,1
33,19,7,0,1,1,0,0,0,3,0,1,0.0303,0.7879,0,0,0,0,0,0,4.165,3.8269,2,0,0,0,0,0,0,0,0,0.0,0,http://paypa1-security.com/webscr,1
50,32,11,0,1,3,0,0,0,4,0,3,0.06,0.76,0,0,0,0,0,1,4.3913,3.9445,4,1,0,1,1,0,1,11,0,0.84,2,http://microsoft-365-password-reset.sbs/auth/login,1
34,20,7,0,1,3,0,0,0,3,0,1,0.0294,0.7353,0,0,1,0,0,1,4.1163,3.6464,1,0,0,0,0,0,0,0,0,0.0,0,http://xn--mcrosoft-p1a.com/update,1
63,19,36,0,2,3,0,0,0,5,0,8,0.127,0.6984,0,1,0,1,0,0,4.6084,3.4058,0,0,0,0,0,0,0,2,0,0.09,0,https://mail.salesforce.com/questions/12345678/how-to-fix-error,0
73,13,28,23,2,2,0,1,3,4,0,5,0.0685,0.726,0,1,0,1,0,0,4.6249,2.9312,1,0,0,0,0,0,0,0,0,0.0,0,https://docs.imdb.com/help-center/contact-support?ref=nav&q=test&id=99542,0
48,30,11,0,1,3,0,0,0,3,0,0,0.0,0.8333,0,0,0,0,0,1,4.2016,3.9232,3,1,0,1,1,1,1,3,1,0.7,1,http://unauthorized-login-detected.cf/secure-now,1
63,12,6,37,2,0,0,2,4,3,0,7,0.1111,0.6667,0,0,0,1,0,0,4.8879,3.0221,0,0,0,0,0,0,0,0,0,0.0,0,http://www.bing.com/watch?v=dQw4w9WgXcQ?ref=nav&q=test&id=37216,0
48,14,27,0,3,2,0,0,0,4,0,11,0.2292,0.5625,1,0,0,2,0,0,4.5637,2.6106,3,0,1,0,0,0,0,0,0,0.0,0,http://151.45.123.104/secure/update-banking-info,1
30,17,6,0,1,3,0,0,0,3,0,0,0.0,0.7333,0,0,1,0,0,1,4.0314,3.4548,1,0,0,1,1,1,1,6,0,0.89,0,http://xn--paypl-qqa.com/login,1
45,12,7,18,2,0,0,1,1,3,0,0,0.0,0.8,0,0,0,1,0,0,4.4075,2.8554,0,0,0,0,0,0,0,0,0,0.0,0,http://www.imdb.com/search?q=machine+learning,0
49,31,11,0,1,3,0,0,0,3,0,0,0.0,0.8367,0,0,0,0,0,1,4.2187,3.9378,3,1,0,1,1,0,1,8,1,0.89,0,http://unauthorized-login-detected.cam/secure-now,1
39,25,7,0,1,2,0,0,0,3,0,0,0.0,0.8205,0,0,0,0,0,1,4.2462,3.8937,4,1,0,0,0,0,0,0,0,0.0,0,http://paypal-account-verify.cam/signin,1
73,33,5,27,1,3,0,1,1,3,0,6,0.0822,0.7808,0,0,0,0,0,1,4.8692,4.1273,1,1,0,0,0,0,0,0,0,0.0,0,http://google-drive-shared-document.buzz/view?id=i7ns0qci6vwgvb4jex4puzx5,1
64,15,17,23,2,0,0,1,3,4,0,5,0.0781,0.7188,0,1,0,1,0,0,4.5821,3.5069,0,0,0,0,0,0,0,2,0,0.18,0,https://api.nytimes.com/profile/settings?ref=nav&q=test&id=30578,0
88,20,36,23,2,3,0,1,3,5,0,13,0.1477,0.6591,0,1,0,1,0,0,4.8886,3.7842,0,0,0,0,0,0,0,3,0,0.31,0,https://mail.theguardian.com/questions/12345678/how-to-fix-error?ref=nav&q=test&id=77113,0
52,16,28,0,2,2,0,0,0,4,0,0,0.0,0.8269,0,1,0,1,0,0,4.0404,3.4528,1,0,0,0,0,0,0,0,0,0.0,0,https://app.flipkart.com/help-center/contact-support,0
26,11,7,0,1,0,0,0,0,3,0,0,0.0,0.8077,0,1,0,0,0,0,3.892,3.4594,2,0,0,1,1,0,0,2,0,0.2,0,https://netflix.com/signin,0
54,25,22,0,1,3,0,0,0,4,0,0,0.0,0.8333,0,0,0,0,0,1,4.261,3.8635,4,1,0,0,0,0,0,0,0,0.0,0,http://chase-security-alert.work/auth/confirm-identity,1
29,14,7,0,2,0,0,0,0,3,0,0,0.0,0.7931,0,1,0,1,0,0,3.9783,3.3788,2,0,0,0,0,0,0,0,0,0.0,0,https://blog.chase.com/signin,0
53,15,6,23,2,0,0,1,3,3,0,5,0.0943,0.6792,0,1,0,1,0,0,4.6594,3.6402,2,0,0,0,0,0,0,0,0,0.0,0,https://api.netflix.com/login?ref=nav&q=test&id=68316,0
49,13,28,0,2,2,0,0,0,4,0,0,0.0,0.8163,0,1,0,1,0,0,4.0683,3.027,1,0,0,0,0,0,0,0,0,0.0,0,https://www.quora.com/help-center/contact-support,0
43,29,7,0,1,3,0,0,0,3,0,0,0.0,0.814,0,0,0,0,0,1,4.0277,3.7454,3,1,0,0,0,0,0,0,0,0.0,0,http://claim-free-crypto-airdrop.top/wallet,1
51,17,27,0,2,1,0,0,0,7,0,0,0.0,0.7843,0,0,0,0,0,0,4.2327,3.8522,4,1,0,1,1,1,1,6,0,0.94,1,http://portal-service.gq//account/verify//login.php,1
54,33,14,0,2,2,0,0,0,4,0,0,0.0,0.8333,0,0,0,1,0,1,4.2618,3.9802,5,1,0,1,1,1,1,3,1,0.87,2,http://secure.netflix-payment-update.cam/account/login,1
30,15,7,0,2,0,0,0,0,3,0,0,0.0,0.8,0,1,0,1,0,0,4.1899,3.5069,1,0,0,1,1,0,0,4,0,0.27,0,https://dev.walmart.com/signin,0
46,15,23,0,2,1,0,0,0,4,0,0,0.0,0.8261,0,1,0,1,0,0,4.0937,3.6402,1,0,0,0,0,0,0,0,0,0.0,0,https://api.netflix.com/explore/popular-topics,0
75,15,30,21,2,0,0,1,2,5,0,1,0.0133,0.8133,0,1,0,1,0,0,4.2488,2.9736,1,0,0,0,0,0,0,0,0,0.0,0,https://docs.google.com/products/category/electronics?page=2&sort=price_asc,0
59,11,40,0,1,1,0,0,0,6,0,6,0.1017,0.7458,0,1,0,0,0,0,4.5049,3.4594,1,0,0,0,0,0,0,0,0,0.0,0,https://netflix.com/article/2026/08/technology-breakthrough,0
53,21,25,0,2,2,0,0,0,4,0,0,0.0,0.8302,0,0,0,1,0,0,4.2293,3.0823,0,0,0,0,0,0,0,0,0,0.0,0,http://www.geeksforgeeks.org/about-us/leadership-team,0
30,17,6,0,1,3,0,0,0,3,0,0,0.0,0.7333,0,0,1,0,0,1,4.0314,3.4548,1,0,0,1,1,1,1,4,0,0.69,0,http://xn--paypl-qqa.com/login,1
83,11,40,23,1,1,0,1,3,6,0,11,0.1325,0.6867,0,1,0,0,0,0,4.8039,3.0958,0,0,0,0,0,0,0,0,0,0.0,0,https://youtube.com/article/2026/08/technology-breakthrough?ref=nav&q=test&id=50204,0
84,14,38,23,2,1,0,1,3,6,0,5,0.0595,0.75,0,1,0,1,0,0,4.5548,3.182,0,0,0,0,0,0,0,3,0,0.18,0,https://app.medium.com/repos/organization/repo-name/releases?ref=nav&q=test&id=71218,0
52,32,13,0,1,3,0,0,0,4,0,0,0.0,0.8269,0,0,0,0,0,1,4.3567,4.1556,3,1,0,0,0,0,0,0,0,0.0,0,http://hdfc-netbanking-customer-care.gq/secure/login,1
39,14,17,0,2,2,0,0,0,3,0,0,0.0,0.7949,0,1,0,1,0,0,3.9872,3.2359,1,0,0,0,0,0,0,0,0,0.0,0,https://app.target.com/terms-of-service,0
22,14,0,0,1,0,0,0,0,2,0,0,0.0,0.8182,0,1,0,0,0,0,3.8797,3.5216,0,0,0,0,0,0,0,0,0,0.29,0,https://aliexpress.com,0
49,31,11,0,1,3,0,0,0,4,0,3,0.0612,0.7551,0,0,0,0,0,1,4.4102,4.0181,4,1,0,1,1,1,1,6,1,0.83,1,http://microsoft-365-password-reset.tk/auth/login,1
52,18,27,0,2,1,0,0,0,7,0,0,0.0,0.7885,0,0,0,0,0,0,4.197,3.9477,4,1,0,0,0,0,0,0,0,0.0,0,http://portal-service.fun//account/verify//login.php,1
50,36,7,0,1,3,0,0,0,3,0,0,0.0,0.84,0,0,0,0,0,1,4.2089,3.8747,5,1,0,0,0,0,0,0,0,0.0,0,http://paypal-account-security-update.click/verify,1
69,12,25,23,2,2,0,1,3,4,0,5,0.0725,0.7101,0,1,0,1,0,0,4.7841,2.9183,0,0,0,0,0,0,0,4,0,0.11,0,https://blog.cnn.com/about-us/leadership-team?ref=nav&q=test&id=38257,0
45,13,25,0,4,0,0,0,0,5,0,10,0.2222,0.5556,1,0,0,2,0,0,4.3223,2.7193,2,0,1,0,0,0,0,0,0,0.0,0,http://98.54.225.181/signin/paypal/index.html,1
30,17,6,0,1,3,0,0,0,3,0,0,0.0,0.7333,0,0,1,0,0,1,4.2566,3.4548,0,0,0,0,0,0,0,0,0,0.0,0,http://xn--gogle-qqa.com/drive,1
45,13,25,0,4,0,0,0,0,5,0,10,0.2222,0.5556,1,0,0,2,0,0,4.3668,2.8731,2,0,1,0,0,0,0,0,0,0.0,0,http://128.90.178.96/signin/paypal/index.html,1
53,19,7,18,2,0,0,1,1,3,0,0,0.0,0.8302,0,1,0,1,0,0,4.4157,3.4316,1,0,0,0,0,0,0,4,0,0.11,0,https://support.youtube.com/search?q=machine+learning,0
61,10,6,37,1,0,0,2,4,3,0,7,0.1148,0.6721,0,0,0,0,0,0,4.8712,2.9219,1,0,0,0,0,0,0,0,0,0.0,0,http://paypal.com/watch?v=dQw4w9WgXcQ?ref=nav&q=test&id=59020,0
51,17,7,18,2,0,0,1,1,3,0,0,0.0,0.8235,0,1,0,1,0,0,4.3344,3.1307,0,0,0,0,0,0,0,1,0,0.15,0,https://www.icicibank.com/search?q=machine+learning,0
53,33,13,0,1,3,0,0,0,4,0,0,0.0,0.8302,0,0,0,0,0,1,4.3037,4.0438,3,1,0,1,1,0,1,5,1,0.88,0,http://hdfc-netbanking-customer-care.cam/secure/login,1
43,13,22,0,2,1,0,0,0,5,0,1,0.0233,0.7674,0,1,0,1,0,0,4.2,3.027,1,0,0,0,0,0,0,2,0,0.24,0,https://www.apple.com/docs/v2/api-reference,0
47,13,27,0,3,2,0,0,0,4,0,10,0.2128,0.5745,1,0,0,2,0,0,4.5646,2.6032,3,0,1,0,0,0,0,0,0,0.0,0,http://194.212.7.215/secure/update-banking-info,1
72,15,7,41,2,0,0,2,4,3,0,4,0.0556,0.7361,0,1,0,1,0,0,4.5745,3.3736,0,0,0,0,0,0,0,0,0,0.0,0,https://mail.reddit.com/search?q=machine+learning?ref=nav&q=test&id=9885,0
49,35,7,0,1,3,0,0,0,3,0,0,0.0,0.8367,0,0,0,0,0,1,4.3271,3.99,2,1,0,0,0,0,0,0,0,0.0,0,http://customer-support-helpdesk-agent.sbs/verify,1
47,14,25,0,1,0,0,0,0,5,0,0,0.0,0.8511,0,1,0,0,0,0,4.1878,3.3249,0,0,0,0,0,0,0,4,0,0.07,0,https://huggingface.co/user/dashboard/analytics,0
52,37,7,0,4,1,0,0,0,3,0,0,0.0,0.8269,0,1,0,3,1,0,4.2273,3.8819,3,1,1,0,0,0,0,0,0,0.0,0,https://appleid.apple.com.account-recovery.cf/verify,1
25,16,1,0,2,0,0,0,0,3,0,0,0.0,0.76,0,1,0,1,0,0,3.9435,3.625,0,0,0,0,0,0,0,0,0,0.0,0,https://blog.nytimes.com/,0
85,14,40,23,2,1,0,1,3,6,0,11,0.1294,0.6824,0,0,0,1,0,0,4.881,3.182,0,0,0,0,0,0,0,1,0,0.29,0,http://www.reddit.com/article/2026/08/technology-breakthrough?ref=nav&q=test&id=93905,0
48,15,1,23,2,0,0,1,3,3,0,5,0.1042,0.6458,0,1,0,1,0,0,4.5145,3.6402,0,0,0,0,0,0,0,4,0,0.1,0,https://dev.spotify.com/?ref=nav&q=test&id=38033,0
36,15,14,0,3,0,0,0,0,4,0,12,0.3333,0.4444,1,0,0,2,0,0,4.3292,3.1396,2,0,1,0,0,0,0,0,0,0.0,0,http://136.175.159.240/netflix/login,1
53,24,22,0,1,3,0,0,0,4,0,0,0.0,0.8302,0,0,0,0,0,1,4.1631,3.8035,4,1,0,1,1,1,1,10,1,0.92,0,http://chase-security-alert.fun/auth/confirm-identity,1
38,24,7,0,1,2,0,0,0,3,0,0,0.0,0.8158,0,0,0,0,0,1,4.2539,3.9702,4,1,0,0,0,0,0,0,0,0.0,0,http://paypal-account-verify.tk/signin,1
45,25,13,0,1,3,0,0,0,4,0,0,0.0,0.8,0,0,0,0,0,1,4.1423,3.7035,2,1,0,1,1,0,1,7,1,0.77,2,http://sbi-online-banking-kyc.ml/retail/login,1
68,12,18,30,3,0,0,1,1,4,0,13,0.1912,0.6618,1,0,0,2,0,0,4.9567,2.7925,3,0,0,1,1,1,1,3,1,0.67,0,http://49.8.101.231/auth/verification?token=n87wlzwqsekwlc2kdsfmjf1y,1
75,18,7,42,2,0,0,2,4,3,0,5,0.0667,0.7333,0,0,0,1,0,0,4.7301,3.3921,2,0,0,0,0,0,0,4,0,0.24,0,http://support.google.com/search?q=machine+learning?ref=nav&q=test&id=86507,0
52,37,7,0,4,1,0,0,0,3,0,0,0.0,0.8269,0,1,0,3,1,0,4.2437,3.8509,3,1,1,0,0,0,0,0,0,0.0,0,https://appleid.apple.com.account-recovery.ml/verify,1
35,13,15,0,3,0,0,0,0,4,0,10,0.2857,0.4857,1,0,0,2,0,0,4.2506,2.8731,1,0,1,1,1,1,1,4,1,0.7,2,http://205.143.26.31/banking/online,1
51,13,30,0,3,0,0,0,0,5,0,0,0.0,0.8235,0,1,0,1,0,0,4.0187,3.027,1,0,0,0,0,0,0,2,0,0.1,0,https://www.chase.com/download/latest/installer.exe,0
55,26,22,0,1,3,0,0,0,4,0,0,0.0,0.8364,0,0,0,0,0,1,4.1834,3.6714,4,1,0,1,1,0,1,2,0,0.68,2,http://chase-security-alert.click/auth/confirm-identity,1
46,26,13,0,1,3,0,0,0,4,0,0,0.0,0.8043,0,0,0,0,0,1,4.1891,3.7343,2,1,0,0,0,0,0,0,0,0.0,0,http://sbi-online-banking-kyc.fun/retail/login,1
47,15,25,0,2,2,0,0,0,4,0,0,0.0,0.8085,0,0,0,1,0,0,4.1188,2.9736,0,0,0,0,0,0,0,0,0,0.0,0,http://docs.zomato.com/about-us/leadership-team,0
51,13,6,23,2,0,0,1,3,3,0,5,0.098,0.6667,0,1,0,1,0,0,4.6328,3.0851,1,0,0,1,1,0,0,0,0,0.16,0,https://api.arxiv.org/login?ref=nav&q=test&id=16893,0
25,16,1,0,2,0,0,0,0,3,0,0,0.0,0.76,0,1,0,1,0,0,3.7533,3.5,1,0,0,0,0,0,0,2,0,0.07,0,https://support.imdb.com/,0
48,34,7,0,1,3,0,0,0,3,0,0,0.0,0.8333,0,0,0,0,0,1,4.1893,3.8337,5,1,0,1,1,1,1,7,1,0.79,2,http://paypal-account-security-update.cam/verify,1
70,14,18,30,3,0,0,1,1,4,0,16,0.2286,0.6286,1,0,0,2,0,0,4.7629,2.6456,3,0,0,0,0,0,0,0,0,0.0,0,http://45.134.141.250/auth/verification?token=s4p3ekhabkdb8mbi5eq3fvcr,1
40,26,7,0,1,2,0,0,0,3,0,0,0.0,0.825,0,0,0,0,0,1,4.3587,4.056,4,1,0,0,0,0,0,0,0,0.0,0,http://paypal-account-verify.work/signin,1
75,18,25,23,2,2,0,1,3,4,0,5,0.0667,0.7333,0,1,0,1,0,0,4.6689,3.6144,1,0,0,0,0,0,0,4,0,0.06,0,https://support.github.com/about-us/leadership-team?ref=nav&q=test&id=85897,0
98,14,30,45,2,0,0,2,5,5,0,6,0.0612,0.7449,0,1,0,1,0,0,4.7009,3.3249,0,0,0,0,0,0,0,4,0,0.12,0,https://www.gitlab.com/products/category/electronics?page=2&sort=price_asc?ref=nav&q=test&id=39381,0
46,13,26,0,2,1,0,0,0,6,0,0,0.0,0.7609,0,0,0,0,0,0,4.048,3.2389,3,1,1,0,0,0,0,0,0,0.0,0,http://auth-check.ga/https://paypal.com/signin,1
39,14,17,0,2,2,0,0,0,3,0,0,0.0,0.7949,0,1,0,1,0,0,3.9872,3.2359,1,0,0,0,0,0,0,0,0,0.28,0,https://app.target.com/terms-of-service,0
53,24,22,0,1,3,0,0,0,4,0,0,0.0,0.8302,0,0,0,0,0,1,4.1446,3.6573,4,1,0,0,0,0,0,0,0,0.0,0,http://chase-security-alert.cam/auth/confirm-identity,1
79,18,30,23,3,0,0,1,3,5,0,5,0.0633,0.7468,0,0,0,1,0,0,4.6232,3.3921,1,0,0,0,0,0,0,0,0,0.0,0,http://blog.microsoft.com/download/latest/installer.exe?ref=nav&q=test&id=76065,0
30,17,6,0,1,3,0,0,0,3,0,0,0.0,0.7333,0,0,1,0,0,1,4.2566,3.4548,0,0,0,1,1,0,1,8,1,0.67,1,http://xn--gogle-qqa.com/drive,1
43,29,7,0,1,3,0,0,0,3,0,0,0.0,0.814,0,0,0,0,0,1,4.2047,3.9354,3,1,0,1,1,1,1,3,1,0.86,0,http://claim-free-crypto-airdrop.fun/wallet,1
45,7,6,23,1,0,0,1,3,3,0,5,0.1111,0.6444,0,1,0,0,0,0,4.6692,2.5216,1,0,0,1,1,0,0,0,0,0.1,0,https://zoom.us/login?ref=nav&q=test&id=66783,0
51,37,7,0,1,3,0,0,0,3,0,0,0.0,0.8431,0,0,0,0,0,1,4.312,3.905,3,1,0,1,1,1,1,9,1,0.75,1,http://coinbase-account-suspended-notice.xyz/verify,1
40,15,17,0,2,2,0,0,0,3,0,0,0.0,0.8,0,1,0,1,0,0,4.1964,3.2402,1,0,0,0,0,0,0,1,0,0.23,0,https://blog.gitlab.com/terms-of-service,0
90,19,40,23,2,1,0,1,3,6,0,11,0.1222,0.7,0,0,0,1,0,0,4.7897,3.4316,1,0,0,0,0,0,0,0,0,0.0,0,http://support.youtube.com/article/2026/08/technology-breakthrough?ref=nav&q=test&id=85266,0
63,15,17,23,2,0,0,1,3,4,0,5,0.0794,0.7143,0,0,0,1,0,0,4.6553,3.1899,1,0,0,0,0,0,0,0,0,0.0,0,http://blog.amazon.com/profile/settings?ref=nav&q=test&id=94948,0
48,14,7,18,2,0,0,1,1,3,0,0,0.0,0.8125,0,1,0,1,0,0,4.3737,3.0391,0,0,0,0,0,0,0,0,0,0.0,0,https://dev.medium.com/search?q=machine+learning,0
53,15,30,0,3,0,0,0,0,5,0,0,0.0,0.8302,0,1,0,1,0,0,4.0654,3.6402,1,0,0,0,0,0,0,3,0,0.17,0,https://api.netflix.com/download/latest/installer.exe,0
30,17,6,0,2,0,0,0,0,3,0,0,0.0,0.8,0,0,0,1,0,0,3.9396,3.4992,1,0,0,0,0,0,0,0,0,0.0,0,http://mail.flipkart.com/login,0
59,14,38,0,2,1,0,0,0,6,0,0,0.0,0.8305,0,0,0,1,0,0,4.0512,3.3788,0,0,0,0,0,0,0,1,0,0.11,0,http://api.kaggle.com/repos/organization/repo-name/releases,0
40,26,7,0,1,2,0,0,0,3,0,1,0.025,0.8,0,0,0,0,0,1,4.2842,4.1329,3,0,0,1,1,1,1,9,0,0.65,0,http://netfl1x-billing-update.com/signin,1
40,27,6,0,1,2,0,0,0,3,0,0,0.0,0.825,0,0,0,0,0,1,4.0939,3.6899,4,1,0,1,1,1,1,11,1,0.67,1,http://account-security-update.icu/login,1
61,16,38,0,2,1,0,0,0,6,0,0,0.0,0.8361,0,0,0,1,0,0,4.1653,3.625,1,0,0,0,0,0,0,0,0,0.29,0,http://blog.netflix.com/repos/organization/repo-name/releases,0
72,32,5,27,1,3,0,1,1,3,0,7,0.0972,0.7639,0,0,0,0,0,1,4.8336,3.9917,1,1,0,0,0,0,0,0,0,0.0,0,http://google-drive-shared-document.cam/view?id=q8f6ahmat23o1m5d5jxumrko,1
50,36,7,0,1,3,0,0,0,3,0,0,0.0,0.84,0,0,0,0,0,1,4.3591,4.0441,2,1,0,0,0,0,0,0,0,0.0,0,http://customer-support-helpdesk-agent.work/verify,1
48,34,7,0,1,3,0,0,0,3,0,0,0.0,0.8333,0,0,0,0,0,1,4.1893,3.8337,5,1,0,1,1,1,1,10,1,0.82,1,http://paypal-account-security-update.cam/verify,1
54,19,28,0,2,2,0,0,0,4,0,0,0.0,0.8333,0,0,0,1,0,0,4.1439,3.5766,2,0,0,0,0,0,0,4,0,0.3,0,http://docs.wellsfargo.com/help-center/contact-support,0
51,17,27,0,2,1,0,0,0,7,0,0,0.0,0.7843,0,0,0,0,0,0,4.2327,3.8522,4,1,0,1,1,0,1,9,1,0.85,0,http://portal-service.gq//account/verify//login.php,1
58,13,38,0,2,1,0,0,0,6,0,0,0.0,0.8276,0,0,0,1,0,0,4.0822,3.2389,1,0,0,0,0,0,0,0,0,0.0,0,http://dev.chase.com/repos/organization/repo-name/releases,0
43,27,9,0,1,2,0,0,0,3,0,0,0.0,0.8372,0,0,0,0,0,1,4.2664,3.8842,2,1,0,1,1,0,1,2,1,0.77,0,http://binance-kyc-verification.ml/security,1
50,36,7,0,1,3,0,0,0,3,0,0,0.0,0.84,0,0,0,0,0,1,4.2962,3.8292,3,1,0,1,1,0,1,11,0,0.75,0,http://coinbase-account-suspended-notice.ml/verify,1
39,25,7,0,1,2,0,0,0,3,0,0,0.0,0.8205,0,0,0,0,0,1,4.1823,3.8635,4,1,0,1,1,1,1,5,1,0.88,1,http://paypal-account-verify.top/signin,1
60,14,38,0,2,1,0,0,0,6,0,0,0.0,0.8333,0,1,0,1,0,0,4.0519,3.3788,0,0,0,0,0,0,0,0,0,0.0,0,https://api.kaggle.com/repos/organization/repo-name/releases,0
74,14,30,21,2,0,0,1,2,5,0,1,0.0135,0.8108,0,1,0,1,0,0,4.353,3.2359,0,0,0,0,0,0,0,3,0,0.21,0,https://mail.quora.com/products/category/electronics?page=2&sort=price_asc,0
35,13,15,0,3,0,0,0,0,4,0,10,0.2857,0.4857,1,0,0,2,0,0,4.1719,2.6612,1,0,1,1,1,1,1,4,0,0.86,2,http://69.51.235.253/banking/online,1
66,17,17,23,2,2,0,1,3,3,0,5,0.0758,0.7121,0,1,0,1,0,0,4.5801,3.4548,1,0,0,0,0,0,0,3,0,0.14,0,https://dev.wikipedia.org/terms-of-service?ref=nav&q=test&id=54333,0
32,18,6,0,2,0,0,0,0,3,0,0,0.0,0.8125,0,1,0,1,0,0,4.1014,3.5724,1,0,0,1,1,0,0,1,0,0.14,0,https://dev.huggingface.co/login,0
47,16,23,0,2,1,0,0,0,4,0,0,0.0,0.8298,0,1,0,1,0,0,4.0414,3.1556,0,0,0,0,0,0,0,0,0,0.0,0,https://mail.walmart.com/explore/popular-topics,0
43,29,7,0,1,3,0,0,0,3,0,0,0.0,0.814,0,0,0,0,0,1,4.0651,3.7454,3,1,0,1,1,0,1,10,1,0.74,2,http://claim-free-crypto-airdrop.cam/wallet,1
39,14,18,0,4,0,0,0,0,4,0,11,0.2821,0.4872,1,0,0,2,0,0,4.0966,2.8424,2,0,1,0,0,0,0,0,0,0.0,0,http://216.195.18.238/paypal/signin.php,1
47,14,26,0,2,1,0,0,0,6,0,0,0.0,0.766,0,0,0,0,0,0,4.1795,3.5216,3,1,1,0,0,0,0,0,0,0.0,0,http://auth-check.xyz/https://paypal.com/signin,1
46,13,26,0,2,1,0,0,0,6,0,0,0.0,0.7609,0,0,0,0,0,0,4.0338,3.0851,3,1,1,1,1,1,1,5,1,0.77,0,http://auth-check.tk/https://paypal.com/signin,1
53,38,7,0,4,1,0,0,0,3,0,0,0.0,0.8302,0,1,0,3,1,0,4.2987,3.9977,3,1,1,1,1,1,0,9,0,0.89,1,https://appleid.apple.com.account-recovery.sbs/verify,1
41,16,17,0,2,2,0,0,0,3,0,0,0.0,0.8049,0,1,0,1,0,0,4.1675,3.0778,1,0,0,0,0,0,0,0,0,0.0,0,https://mail.mozilla.org/terms-of-service,0
39,14,17,0,2,0,0,0,0,4,0,0,0.0,0.8205,0,1,0,1,0,0,3.9772,2.7534,1,0,0,0,0,0,0,0,0,0.08,0,https://app.paypal.com/profile/settings,0
46,15,0,22,2,0,0,1,3,2,0,4,0.087,0.6739,0,1,0,1,0,0,4.5178,3.3736,0,0,0,0,0,0,0,0,0,0.0,0,https://docs.kaggle.com?ref=nav&q=test&id=2222,0
50,18,1,22,2,0,0,1,3,3,0,4,0.08,0.68,0,1,0,1,0,0,4.6313,3.6144,0,0,0,0,0,0,0,0,0,0.0,0,https://blog.instagram.com/?ref=nav&q=test&id=8991,0
31,17,6,0,2,0,0,0,0,3,0,0,0.0,0.8065,0,1,0,1,0,0,4.0181,3.4992,1,0,0,1,1,0,0,2,0,0.27,0,https://mail.flipkart.com/login,0
65,22,36,0,2,3,0,0,0,5,0,8,0.1231,0.7077,0,0,0,1,0,0,4.5992,3.4251,0,0,0,0,0,0,0,4,0,0.22,0,http://mail.geeksforgeeks.org/questions/12345678/how-to-fix-error,0
50,36,7,0,1,3,0,0,0,3,0,0,0.0,0.84,0,0,0,0,0,1,4.2962,3.8292,3,1,0,0,0,0,0,0,0,0.0,0,http://coinbase-account-suspended-notice.gq/verify,1
41,9,25,0,1,0,0,0,0,5,0,0,0.0,0.8293,0,0,0,0,0,0,4.0739,2.6416,0,0,0,0,0,0,0,1,0,0.08,0,http://twitch.tv/user/dashboard/analytics,0
50,30,13,0,1,3,0,0,0,4,0,0,0.0,0.82,0,0,0,0,0,1,4.1611,3.8696,2,1,0,0,0,0,0,0,0,0.0,0,http://sbi-online-banking-kyc.monster/retail/login,1
60,7,22,22,1,1,0,1,3,5,0,5,0.0833,0.6833,0,1,0,0,0,0,4.5838,2.2359,0,0,0,0,0,0,0,0,0,0.0,0,https://bbc.com/docs/v2/api-reference?ref=nav&q=test&id=4886,0
82,14,36,23,2,3,0,1,3,5,0,13,0.1585,0.6341,0,1,0,1,0,0,4.8756,3.0391,1,0,0,0,0,0,0,0,0,0.0,0,https://docs.chase.com/questions/12345678/how-to-fix-error?ref=nav&q=test&id=23098,0
76,22,23,22,2,1,0,1,3,4,0,4,0.0526,0.7632,0,1,0,1,0,0,4.6989,3.516,0,0,0,0,0,0,0,0,0,0.0,0,https://mail.bankofamerica.com/explore/popular-topics?ref=nav&q=test&id=9714,0
28,14,6,0,2,0,0,0,0,3,0,0,0.0,0.7857,0,1,0,1,0,0,4.0122,3.3788,1,0,0,1,1,0,0,0,0,0.12,0,https://api.reddit.com/login,0
62,25,30,0,3,0,0,0,0,5,0,0,0.0,0.8548,0,0,0,1,0,0,4.2082,3.8439,1,0,0,0,0,0,0,0,0,0.0,0,http://support.stackoverflow.com/download/latest/installer.exe,0
50,32,11,0,1,3,0,0,0,3,0,0,0.0,0.84,0,0,0,0,0,1,4.2109,3.9056,3,1,0,0,0,0,0,0,0,0.0,0,http://unauthorized-login-detected.buzz/secure-now,1
86,18,36,23,2,3,0,1,3,5,0,13,0.1512,0.6512,0,1,0,1,0,0,4.9709,3.3083,0,0,0,0,0,0,0,0,0,0.0,0,https://blog.icicibank.com/questions/12345678/how-to-fix-error?ref=nav&q=test&id=28657,0
31,17,6,0,2,0,0,0,0,3,0,0,0.0,0.8065,0,1,0,1,0,0,3.9779,3.4548,1,0,0,1,1,0,0,2,0,0.27,0,https://www.instagram.com/login,0
71,12,28,23,2,2,0,1,3,4,0,5,0.0704,0.7183,0,0,0,1,0,0,4.5916,3.2516,1,0,0,0,0,0,0,1,0,0.35,0,http://docs.nih.gov/help-center/contact-support?ref=nav&q=test&id=33456,0
24,16,0,0,2,0,0,0,0,2,0,0,0.0,0.7917,0,1,0,1,0,0,3.9702,3.625,0,0,0,0,0,0,0,2,0,0.29,0,https://blog.nytimes.com,0
33,12,14,0,3,0,0,0,0,4,0,9,0.2727,0.4848,1,0,0,2,0,0,4.2108,2.8554,2,0,1,0,0,0,0,0,0,0.0,0,http://108.3.46.218/netflix/login,1
51,16,28,0,2,2,0,0,0,4,0,0,0.0,0.8235,0,0,0,1,0,0,4.0303,3.125,1,0,0,0,0,0,0,0,0,0.07,0,http://docs.dropbox.com/help-center/contact-support,0
38,14,17,0,2,2,0,0,0,3,0,0,0.0,0.7895,0,0,0,1,0,0,4.2082,3.182,1,0,0,0,0,0,0,0,0,0.0,0,http://blog.adobe.com/terms-of-service,0
72,14,7,42,2,0,0,2,4,3,0,5,0.0694,0.7222,0,1,0,1,0,0,4.6406,3.3788,0,0,0,0,0,0,0,0,0,0.0,0,https://api.reddit.com/search?q=machine+learning?ref=nav&q=test&id=54382,0
48,17,23,0,2,1,0,0,0,4,0,0,0.0,0.8333,0,1,0,1,0,0,3.946,3.3372,1,0,0,0,0,0,0,0,0,0.22,0,https://support.quora.com/explore/popular-topics,0
92,22,38,23,2,1,0,1,3,6,0,5,0.0543,0.7717,0,1,0,1,0,0,4.4576,3.1747,0,0,0,0,0,0,0,0,0,0.0,0,https://docs.geeksforgeeks.org/repos/organization/repo-name/releases?ref=nav&q=test&id=96636,0
33,19,7,0,1,1,0,0,0,3,0,1,0.0303,0.7879,0,0,0,0,0,0,4.165,3.8269,2,0,0,0,0,0,0,0,0,0.0,0,http://paypa1-security.com/webscr,1
37,15,15,0,3,0,0,0,0,4,0,12,0.3243,0.4595,1,0,0,2,0,0,4.1185,2.5493,1,0,1,1,1,1,1,10,1,0.75,1,http://211.217.160.108/banking/online,1
50,17,25,0,1,0,0,0,0,5,0,0,0.0,0.86,0,1,0,0,0,0,4.144,2.8666,0,0,0,0,0,0,0,2,0,0.17,0,https://geeksforgeeks.org/user/dashboard/analytics,0
51,33,11,0,1,3,0,0,0,4,0,3,0.0588,0.7647,0,0,0,0,0,1,4.418,3.9912,4,1,0,1,1,0,1,6,0,0.66,1,http://microsoft-365-password-reset.work/auth/login,1
52,23,22,0,1,3,0,0,0,4,0,0,0.0,0.8269,0,0,0,0,0,1,4.1875,3.6753,4,1,0,0,0,0,0,0,0,0.0,0,http://chase-security-alert.ga/auth/confirm-identity,1
69,13,18,30,3,0,0,1,1,4,0,22,0.3188,0.5362,1,0,0,2,0,0,4.7385,2.8151,3,0,0,0,0,0,0,0,0,0.0,0,http://81.154.237.88/auth/verification?token=22k602e9nant09jdg4i5h5a5,1
69,20,17,23,2,0,0,1,3,4,0,5,0.0725,0.7391,0,1,0,1,0,0,4.5848,3.7842,0,0,0,0,0,0,0,0,0,0.0,0,https://mail.theguardian.com/profile/settings?ref=nav&q=test&id=56335,0
29,12,10,0,4,0,0,0,0,3,0,9,0.3103,0.4138,1,0,0,2,0,0,3.8833,2.6258,1,0,0,0,0,0,0,0,0,0.0,0,http://192.6.91.135/login.php,1
78,21,25,23,2,2,0,1,3,4,0,5,0.0641,0.7436,0,1,0,1,0,0,4.7528,3.7849,0,0,0,0,0,0,0,2,0,0.3,0,https://dev.stackoverflow.com/about-us/leadership-team?ref=nav&q=test&id=84760,0
67,13,22,23,1,1,0,1,3,5,0,6,0.0896,0.7015,0,1,0,0,0,0,4.6535,3.3347,0,0,0,0,0,0,0,0,0,0.0,0,https://wikipedia.org/docs/v2/api-reference?ref=nav&q=test&id=93174,0
57,18,7,23,2,0,0,1,3,3,0,5,0.0877,0.7018,0,1,0,1,0,0,4.7359,3.5033,1,0,0,1,1,0,0,0,0,0.12,0,https://dev.cloudflare.com/signin?ref=nav&q=test&id=45018,0
52,14,7,23,2,0,0,1,3,3,0,5,0.0962,0.6731,0,0,0,1,0,0,4.6663,3.0931,1,0,0,1,1,0,0,1,0,0.11,0,http://blog.yahoo.com/signin?ref=nav&q=test&id=50006,0
74,14,30,21,2,0,0,1,2,5,0,1,0.0135,0.8108,0,1,0,1,0,0,4.4057,2.8963,1,0,0,0,0,0,0,4,0,0.32,0,https://www.amazon.com/products/category/electronics?page=2&sort=price_asc,0
51,34,10,0,1,3,0,0,0,4,0,0,0.0,0.8235,0,0,0,0,0,1,4.0098,3.7604,2,1,0,1,1,1,1,10,1,0.68,1,http://amazon-unusual-activity-signin.cam/ap/signin,1
52,14,30,0,3,0,0,0,0,5,0,0,0.0,0.8269,0,1,0,1,0,0,4.1025,3.3788,0,0,0,0,0,0,0,0,0,0.0,0,https://api.docker.com/download/latest/installer.exe,0
46,34,5,0,1,3,0,0,0,3,0,0,0.0,0.8261,0,0,0,0,0,1,4.3004,4.0209,4,1,0,1,1,0,1,10,1,0.67,0,http://secure-wellsfargo-banking-alert.ml/auth,1
49,12,30,0,3,0,0,0,0,5,0,0,0.0,0.8163,0,0,0,1,0,0,4.131,3.0221,0,0,0,0,0,0,0,0,0,0.0,0,http://blog.zoom.us/download/latest/installer.exe,0
45,15,22,0,2,1,0,0,0,5,0,1,0.0222,0.7778,0,1,0,1,0,0,4.2502,3.0062,1,0,0,0,0,0,0,0,0,0.0,0,https://mail.amazon.com/docs/v2/api-reference,0
43,27,9,0,1,2,0,0,0,3,0,0,0.0,0.8372,0,0,0,0,0,1,4.2664,3.8842,2,1,0,0,0,0,0,0,0,0.0,0,http://binance-kyc-verification.gq/security,1
50,35,8,0,1,3,0,0,0,3,0,0,0.0,0.84,0,0,0,0,0,1,4.2162,4.0116,1,1,0,1,1,1,1,8,1,0.91,0,http://metamask-wallet-recovery-phrase.icu/connect,1
48,14,7,18,2,0,0,1,1,3,0,0,0.0,0.8125,0,1,0,1,0,0,4.2878,3.3788,1,0,0,0,0,0,0,0,0,0.0,0,https://blog.chase.com/search?q=machine+learning,0
54,19,28,0,2,2,0,0,0,4,0,0,0.0,0.8333,0,0,0,1,0,0,3.9851,3.3661,1,0,0,0,0,0,0,2,0,0.28,0,http://support.dropbox.com/help-center/contact-support,0
63,14,17,23,2,2,0,1,3,3,0,5,0.0794,0.6984,0,1,0,1,0,0,4.6479,3.0391,1,0,0,0,0,0,0,1,0,0.13,0,https://mail.yahoo.com/terms-of-service?ref=nav&q=test&id=34214,0
50,35,8,0,1,3,0,0,0,3,0,0,0.0,0.84,0,0,0,0,0,1,4.1611,3.8973,1,1,0,0,0,0,0,0,0,0.0,0,http://metamask-wallet-recovery-phrase.sbs/connect,1
50,12,30,0,3,0,0,0,0,5,0,0,0.0,0.82,0,1,0,1,0,0,4.0718,3.2516,0,0,0,0,0,0,0,0,0,0.0,0,https://mail.nih.gov/download/latest/installer.exe,0
80,10,38,23,1,1,0,1,3,6,0,5,0.0625,0.75,0,1,0,0,0,0,4.552,2.8464,0,0,0,0,0,0,0,1,0,0.15,0,https://medium.com/repos/organization/repo-name/releases?ref=nav&q=test&id=73989,0
39,26,6,0,1,2,0,0,0,3,0,0,0.0,0.8205,0,0,0,0,0,1,4.1411,3.8151,4,1,0,0,0,0,0,0,0,0.0,0,http://account-security-update.ga/login,1
65,13,6,37,2,0,0,2,4,3,0,7,0.1077,0.6769,0,1,0,1,0,0,4.8394,3.2389,1,0,0,0,0,0,0,0,0,0.27,0,https://dev.apple.com/watch?v=dQw4w9WgXcQ?ref=nav&q=test&id=27889,0
86,18,36,23,2,3,0,1,3,5,0,13,0.1512,0.6512,0,1,0,1,0,0,4.8754,3.5033,0,0,0,0,0,0,0,3,0,0.07,0,https://mail.wikipedia.org/questions/12345678/how-to-fix-error?ref=nav&q=test&id=35131,0
48,14,7,18,2,0,0,1,1,3,0,0,0.0,0.8125,0,1,0,1,0,0,4.2173,3.0931,1,0,0,0,0,0,0,0,0,0.22,0,https://mail.apple.com/search?q=machine+learning,0
51,18,26,0,2,1,0,0,0,6,0,0,0.0,0.7843,0,0,0,0,0,0,4.1422,3.7255,3,1,1,0,0,0,0,0,0,0.0,0,http://auth-check.monster/https://paypal.com/signin,1
43,27,9,0,1,2,0,0,0,3,0,0,0.0,0.8372,0,0,0,0,0,1,4.1359,3.6899,2,1,0,1,1,1,1,11,1,0.74,2,http://binance-kyc-verification.cf/security,1
76,17,28,23,2,2,0,1,3,4,0,5,0.0658,0.7368,0,0,0,1,0,0,4.636,3.3816,1,0,0,0,0,0,0,0,0,0.0,0,http://docs.linkedin.com/help-center/contact-support?ref=nav&q=test&id=47593,0
27,14,6,0,1,0,0,0,0,3,0,0,0.0,0.8148,0,0,0,0,0,0,4.0323,3.2359,1,0,0,1,1,0,0,4,0,0.18,0,http://salesforce.com/login,0
52,30,15,0,1,3,0,0,0,3,0,0,0.0,0.8462,0,0,0,0,0,1,4.3591,4.0817,2,1,0,1,1,0,1,3,0,0.72,1,http://instagram-copyright-appeal.xyz/verify-account,1
43,19,17,0,2,2,0,0,0,3,0,0,0.0,0.814,0,0,0,1,0,0,4.2687,3.5369,1,0,0,0,0,0,0,0,0,0.19,0,http://blog.cloudflare.com/terms-of-service,0
48,18,23,0,2,1,0,0,0,4,0,0,0.0,0.8333,0,0,0,1,0,0,4.0532,3.7255,1,0,0,0,0,0,0,0,0,0.0,0,http://support.kaggle.com/explore/popular-topics,0
51,17,27,0,2,1,0,0,0,7,0,0,0.0,0.7843,0,0,0,0,0,0,4.2327,3.8522,4,1,0,1,1,1,1,2,0,0.68,2,http://portal-service.gq//account/verify//login.php,1
40,27,6,0,1,2,0,0,0,3,0,0,0.0,0.825,0,0,0,0,0,1,4.1751,3.7821,4,1,0,1,1,1,1,4,0,0.88,0,http://account-security-update.cam/login,1
47,14,26,0,2,1,0,0,0,6,0,0,0.0,0.766,0,0,0,0,0,0,4.0414,3.182,3,1,1,0,0,0,0,0,0,0.0,0,http://auth-check.cam/https://paypal.com/signin,1
49,20,7,14,3,1,0,1,1,3,0,0,0.0,0.7755,0,0,0,2,0,0,4.5119,3.3464,4,1,1,1,1,1,1,5,1,0.86,1,http://login.paypal.com.cam/webscr?cmd=_login-run,1
39,14,18,0,4,0,0,0,0,4,0,11,0.2821,0.4872,1,0,0,2,0,0,3.9746,2.5027,2,0,1,0,0,0,0,0,0,0.0,0,http://129.197.44.124/paypal/signin.php,1
48,14,27,0,3,2,0,0,0,4,0,11,0.2292,0.5625,1,0,0,2,0,0,4.5063,2.4138,3,0,1,1,1,0,1,6,1,0.91,2,http://125.58.110.150/secure/update-banking-info,1
43,29,7,0,1,2,0,0,0,3,0,0,0.0,0.8372,0,0,0,0,0,1,4.023,3.7545,0,1,0,1,1,0,1,10,1,0.92,2,http://immediate-action-required.fun/notice,1
34,20,7,0,1,3,0,0,0,3,0,1,0.0294,0.7353,0,0,1,0,0,1,4.1163,3.6464,1,0,0,1,1,1,1,2,0,0.73,0,http://xn--mcrosoft-p1a.com/update,1
35,14,14,0,3,0,0,0,0,4,0,11,0.3143,0.4571,1,0,0,2,0,0,4.229,2.8963,2,0,1,1,1,0,1,7,0,0.87,2,http://124.67.228.253/netflix/login,1
51,37,7,0,1,3,0,0,0,3,0,0,0.0,0.8431,0,0,0,0,0,1,4.1872,3.733,3,1,0,0,0,0,0,0,0,0.0,0,http://coinbase-account-suspended-notice.fun/verify,1
46,15,23,0,2,1,0,0,0,4,0,0,0.0,0.8261,0,1,0,1,0,0,4.1563,3.3232,0,0,0,0,0,0,0,2,0,0.27,0,https://blog.docker.com/explore/popular-topics,0
44,28,9,0,1,2,0,0,0,3,0,0,0.0,0.8409,0,0,0,0,0,1,4.2633,3.8963,2,1,0,1,1,1,1,10,1,0.68,1,http://binance-kyc-verification.xyz/security,1
66,22,36,0,2,3,0,0,0,5,0,8,0.1212,0.7121,0,1,0,1,0,0,4.6277,3.6978,1,0,0,0,0,0,0,0,0,0.0,0,https://support.cloudflare.com/questions/12345678/how-to-fix-error,0
61,13,40,0,2,1,0,0,0,6,0,6,0.0984,0.7377,0,1,0,1,0,0,4.5046,3.2389,0,0,0,0,0,0,0,0,0,0.0,0,https://docs.bing.com/article/2026/08/technology-breakthrough,0
30,22,0,0,2,0,0,0,0,2,0,0,0.0,0.8333,0,1,0,1,0,0,3.7232,3.1747,0,0,0,0,0,0,0,0,0,0.0,0,https://docs.geeksforgeeks.org,0
44,12,25,0,4,0,0,0,0,5,0,9,0.2045,0.5682,1,0,0,2,0,0,4.229,2.3962,2,0,1,1,1,1,1,9,0,0.81,1,http://217.118.2.26/signin/paypal/index.html,1
48,16,0,23,2,0,0,1,3,2,0,5,0.1042,0.6667,0,1,0,1,0,0,4.6785,3.3278,0,0,0,0,0,0,0,0,0,0.0,0,https://dev.facebook.com?ref=nav&q=test&id=59476,0
33,19,7,0,1,1,0,0,0,3,0,1,0.0303,0.7879,0,0,0,0,0,0,4.165,3.8269,2,0,0,0,0,0,0,0,0,0.0,0,http://paypa1-security.com/webscr,1
46,14,0,23,2,0,0,1,3,2,0,5,0.1087,0.6522,0,1,0,1,0,0,4.5534,3.3788,0,0,0,0,0,0,0,0,0,0.0,0,https://app.reddit.com?ref=nav&q=test&id=81534,0
53,32,14,0,2,2,0,0,0,4,0,0,0.0,0.8302,0,0,0,1,0,1,4.3291,4.1136,5,1,0,0,0,0,0,0,0,0.0,0,http://secure.netflix-payment-update.gq/account/login,1
43,12,23,0,2,1,0,0,0,4,0,0,0.0,0.814,0,1,0,1,0,0,4.1535,3.2516,0,0,0,0,0,0,0,0,0,0.0,0,https://docs.nih.gov/explore/popular-topics,0
64,15,17,23,2,2,0,1,3,3,0,5,0.0781,0.7031,0,1,0,1,0,0,4.6407,3.0062,2,0,0,0,0,0,0,0,0,0.0,0,https://mail.amazon.com/terms-of-service?ref=nav&q=test&id=36552,0
52,23,22,0,1,3,0,0,0,4,0,0,0.0,0.8269,0,0,0,0,0,1,4.2499,3.7951,4,1,0,1,1,1,1,12,0,0.82,1,http://chase-security-alert.gq/auth/confirm-identity,1
53,38,7,0,4,1,0,0,0,3,0,0,0.0,0.8302,0,1,0,3,1,0,4.2306,3.85,3,1,1,1,1,0,0,6,1,0.67,1,https://appleid.apple.com.account-recovery.icu/verify,1
29,14,7,0,2,0,0,0,0,3,0,0,0.0,0.7931,0,1,0,1,0,0,3.9094,3.0391,1,0,0,0,0,0,0,0,0,0.0,0,https://docs.slack.com/signin,0
30,17,6,0,1,3,0,0,0,3,0,0,0.0,0.7333,0,0,1,0,0,1,4.0314,3.4548,1,0,0,0,0,0,0,0,0,0.0,0,http://xn--paypl-qqa.com/login,1
49,36,6,0,4,1,0,0,0,3,0,0,0.0,0.8163,0,0,0,3,1,0,4.1458,3.8712,3,1,1,1,1,1,1,8,1,0.69,2,http://appleid.apple.com.verify-identity.ml/login,1
73,33,5,27,1,3,0,1,1,3,0,8,0.1096,0.7534,0,0,0,0,0,1,4.8575,4.1273,1,1,0,1,1,1,1,2,0,0.73,2,http://google-drive-shared-document.buzz/view?id=ooke45tn0vq6izmm9dlu8q78,1
40,27,6,0,1,2,0,0,0,3,0,0,0.0,0.825,0,0,0,0,0,1,4.0898,3.736,4,1,0,1,1,1,1,10,1,0.91,2,http://account-security-update.top/login,1
52,37,8,0,1,3,0,0,0,3,0,0,0.0,0.8462,0,0,0,0,0,1,4.1668,3.9492,1,1,0,0,0,0,0,0,0,0.0,0,http://metamask-wallet-recovery-phrase.click/connect,1
48,30,11,0,1,3,0,0,0,3,0,0,0.0,0.8333,0,0,0,0,0,1,4.1756,3.8566,3,1,0,0,0,0,0,0,0,0.0,0,http://unauthorized-login-detected.ga/secure-now,1
48,19,7,14,3,1,0,1,1,3,0,0,0.0,0.7708,0,0,0,2,0,0,4.5268,3.3264,4,1,1,1,1,1,1,6,0,0.81,0,http://login.paypal.com.ga/webscr?cmd=_login-run,1
46,34,5,0,1,3,0,0,0,3,0,0,0.0,0.8261,0,0,0,0,0,1,4.2326,3.9398,4,1,0,0,0,0,0,0,0,0.0,0,http://secure-wellsfargo-banking-alert.ga/auth,1
43,13,22,0,3,1,0,0,0,5,0,1,0.0233,0.7442,0,1,0,2,0,0,4.1848,2.8151,0,0,1,0,0,0,0,0,0,0.25,0,https://www.sbi.co.in/docs/v2/api-reference,0
45,25,13,0,1,3,0,0,0,4,0,0,0.0,0.8,0,0,0,0,0,1,4.17,3.7035,2,1,0,1,1,1,1,7,1,0.66,2,http://sbi-online-banking-kyc.cf/retail/login,1
65,21,36,0,2,3,0,0,0,5,0,8,0.1231,0.7077,0,1,0,1,0,0,4.5224,3.1369,0,0,0,0,0,0,0,4,0,0.2,0,https://dev.geeksforgeeks.org/questions/12345678/how-to-fix-error,0
72,19,22,23,2,1,0,1,3,5,0,6,0.0833,0.7083,0,0,0,1,0,0,4.6159,3.4316,0,0,0,0,0,0,0,0,0,0.0,0,http://docs.cloudflare.com/docs/v2/api-reference?ref=nav&q=test&id=16441,0
51,29,15,0,1,3,0,0,0,3,0,0,0.0,0.8431,0,0,0,0,0,1,4.3048,3.9783,2,1,0,1,1,1,1,10,1,0.95,1,http://instagram-copyright-appeal.gq/verify-account,1
69,13,18,30,3,0,0,1,1,4,0,20,0.2899,0.5652,1,0,0,2,0,0,4.9799,2.4116,3,0,0,1,1,0,1,7,1,0.86,0,http://159.171.35.17/auth/verification?token=6g62lkxf940s73mrxd7zps6y,1
50,13,6,23,2,0,0,1,3,3,0,5,0.1,0.66,0,0,0,1,0,0,4.6635,3.0851,1,0,0,0,0,0,0,0,0,0.0,0,http://dev.adobe.com/login?ref=nav&q=test&id=54200,0
30,17,6,0,1,3,0,0,0,3,0,0,0.0,0.7333,0,0,1,0,0,1,4.2566,3.4548,0,0,0,1,1,0,1,7,0,0.84,2,http://xn--gogle-qqa.com/drive,1
50,37,6,0,4,1,0,0,0,3,0,0,0.0,0.82,0,0,0,3,1,0,4.1913,3.9227,3,1,1,1,1,1,1,4,1,0.89,1,http://appleid.apple.com.verify-identity.icu/login,1
44,28,9,0,1,2,0,0,0,3,0,0,0.0,0.8409,0,0,0,0,0,1,4.1613,3.7804,2,1,0,1,1,1,1,9,1,0.66,2,http://binance-kyc-verification.fun/security,1
48,19,22,0,2,1,0,0,0,5,0,1,0.0208,0.7917,0,0,0,1,0,0,4.3163,3.7216,0,0,0,0,0,0,0,3,0,0.23,0,http://blog.aliexpress.com/docs/v2/api-reference,0
68,14,23,23,2,1,0,1,3,4,0,5,0.0735,0.7206,0,0,0,1,0,0,4.6074,3.182,0,0,0,0,0,0,0,0,0,0.3,0,http://app.medium.com/explore/popular-topics?ref=nav&q=test&id=63355,0
71,14,7,42,2,0,0,2,4,3,0,5,0.0704,0.7183,0,0,0,1,0,0,4.6741,2.8963,0,0,0,0,0,0,0,0,0,0.0,0,http://app.zomato.com/search?q=machine+learning?ref=nav&q=test&id=28757,0
54,25,22,0,1,3,0,0,0,4,0,0,0.0,0.8333,0,0,0,0,0,1,4.2701,3.8137,4,1,0,1,1,1,1,6,0,0.69,0,http://chase-security-alert.buzz/auth/confirm-identity,1
68,13,23,23,1,1,0,1,3,4,0,5,0.0735,0.7353,0,1,0,0,0,0,4.6962,3.3347,0,0,0,0,0,0,0,4,0,0.06,0,https://wikipedia.org/explore/popular-topics?ref=nav&q=test&id=89401,0
50,36,7,0,1,3,0,0,0,3,0,0,0.0,0.84,0,0,0,0,0,1,4.224,3.7527,3,1,0,1,1,1,1,3,0,0.93,0,http://coinbase-account-suspended-notice.tk/verify,1
65,16,17,23,2,2,0,1,3,3,0,5,0.0769,0.7077,0,1,0,1,0,0,4.7264,3.1556,1,0,0,0,0,0,0,0,0,0.0,0,https://blog.mozilla.org/terms-of-service?ref=nav&q=test&id=13241,0
75,15,28,23,2,2,0,1,3,4,0,5,0.0667,0.7333,0,1,0,1,0,0,4.5889,3.2402,2,0,0,0,0,0,0,0,0,0.0,0,https://docs.paypal.com/help-center/contact-support?ref=nav&q=test&id=56836,0
57,8,17,23,1,2,0,1,3,3,0,5,0.0877,0.6842,0,1,0,0,0,0,4.6507,3.0,1,0,0,0,0,0,0,0,0,0.0,0,https://ebay.com/terms-of-service?ref=nav&q=test&id=45983,0
43,29,7,0,1,3,0,0,0,3,0,0,0.0,0.814,0,0,0,0,0,1,4.2047,3.9354,3,1,0,1,1,1,1,7,1,0.86,0,http://claim-free-crypto-airdrop.sbs/wallet,1
75,17,7,42,2,0,0,2,4,3,0,6,0.08,0.72,0,1,0,1,0,0,4.6907,3.3372,0,0,0,0,0,0,0,2,0,0.11,0,https://app.w3schools.com/search?q=machine+learning?ref=nav&q=test&id=84044,0
30,17,6,0,1,3,0,0,0,3,0,0,0.0,0.7333,0,0,1,0,0,1,4.0314,3.4548,1,0,0,0,0,0,0,0,0,0.0,0,http://xn--paypl-qqa.com/login,1
58,12,38,0,2,1,0,0,0,6,0,0,0.0,0.8276,0,1,0,1,0,0,4.0555,3.0221,0,0,0,0,0,0,0,1,0,0.23,0,https://blog.zoom.us/repos/organization/repo-name/releases,0
77,17,30,21,2,0,0,1,2,5,0,1,0.013,0.8182,0,1,0,1,0,0,4.3341,3.1019,0,0,0,0,0,0,0,1,0,0.15,0,https://api.icicibank.com/products/category/electronics?page=2&sort=price_asc,0
52,30,15,0,1,3,0,0,0,3,0,0,0.0,0.8462,0,0,0,0,0,1,4.3591,4.0817,2,1,0,1,1,1,1,11,0,0.9,1,http://instagram-copyright-appeal.xyz/verify-account,1
45,14,0,23,2,0,0,1,3,2,0,5,0.1111,0.6444,0,0,0,1,0,0,4.6415,3.0391,0,0,0,0,0,0,0,1,0,0.17,0,http://mail.yahoo.com?ref=nav&q=test&id=18850,0
51,38,6,0,2,2,0,0,0,3,0,0,0.0,0.8431,0,0,0,1,0,1,4.4316,4.1029,4,1,1,1,1,1,1,2,1,0.88,0,http://wellsfargo.banking-access-service.buzz/login,1
29,14,7,0,2,0,0,0,0,3,0,0,0.0,0.7931,0,1,0,1,0,0,3.8833,3.0931,2,0,0,0,0,0,0,0,0,0.0,0,https://mail.apple.com/signin,0
46,14,25,0,4,0,0,0,0,5,0,11,0.2391,0.5435,1,0,0,2,0,0,4.2925,2.6106,2,0,1,0,0,0,0,0,0,0.0,0,http://18.102.193.180/signin/paypal/index.html,1
53,36,10,0,1,3,0,0,0,4,0,0,0.0,0.8302,0,0,0,0,0,1,4.0715,3.8401,2,1,0,1,1,0,1,2,1,0.82,0,http://amazon-unusual-activity-signin.click/ap/signin,1
57,42,7,0,4,1,0,0,0,3,0,0,0.0,0.8421,0,1,0,3,1,0,4.2429,3.9371,3,1,1,1,1,0,0,12,1,0.78,2,https://appleid.apple.com.account-recovery.monster/verify,1
40,26,7,0,1,2,0,0,0,3,0,1,0.025,0.8,0,0,0,0,0,1,4.2842,4.1329,3,0,0,1,1,0,1,9,0,0.94,0,http://netfl1x-billing-update.com/signin,1
48,12,28,0,2,2,0,0,0,4,0,0,0.0,0.8125,0,1,0,1,0,0,3.9906,2.6887,1,0,0,0,0,0,0,2,0,0.09,0,https://docs.bbc.com/help-center/contact-support,0
29,14,7,0,2,0,0,0,0,3,0,0,0.0,0.7931,0,1,0,1,0,0,3.7849,2.7534,2,0,0,0,0,0,0,0,0,0.0,0,https://app.paypal.com/signin,0
48,30,11,0,1,3,0,0,0,3,0,0,0.0,0.8333,0,0,0,0,0,1,4.2173,3.9232,3,1,0,0,0,0,0,0,0,0.0,0,http://unauthorized-login-detected.ml/secure-now,1
41,14,6,13,2,0,0,1,1,3,0,2,0.0488,0.7561,0,0,0,1,0,0,4.2715,2.8963,1,0,0,0,0,0,0,0,0,0.0,0,http://www.amazon.com/watch?v=dQw4w9WgXcQ,0
66,20,38,0,2,1,0,0,0,6,0,0,0.0,0.8485,0,1,0,1,0,0,4.1185,3.8219,1,0,0,0,0,0,0,0,0,0.0,0,https://support.linkedin.com/repos/organization/repo-name/releases,0
51,15,28,0,2,2,0,0,0,4,0,0,0.0,0.8235,0,1,0,1,0,0,3.9642,3.3736,1,0,0,0,0,0,0,0,0,0.0,0,https://docs.target.com/help-center/contact-support,0
40,26,7,0,1,2,0,0,0,3,0,1,0.025,0.8,0,0,0,0,0,1,4.2842,4.1329,3,0,0,1,1,1,1,9,1,0.72,2,http://netfl1x-billing-update.com/signin,1
64,20,9,27,2,2,0,1,1,5,0,0,0.0,0.7969,0,0,0,0,0,0,4.2941,3.4842,1,1,0,0,0,0,0,0,0,0.0,0,http://suspicious-site.work/redirect?url=http://victim-login.com,1
37,22,7,0,2,0,0,0,0,3,0,0,0.0,0.8378,0,1,0,1,0,0,4.1477,3.6292,1,0,0,0,0,0,0,0,0,0.0,0,https://docs.bankofamerica.com/signin,0
53,15,6,23,2,0,0,1,3,3,0,5,0.0943,0.6792,0,1,0,1,0,0,4.6452,3.2402,2,0,0,0,0,0,0,0,0,0.0,0,https://support.cnn.com/login?ref=nav&q=test&id=49055,0
75,15,28,23,2,2,0,1,3,4,0,5,0.0667,0.7333,0,1,0,1,0,0,4.5408,3.3736,1,0,0,0,0,0,0,0,0,0.0,0,https://docs.target.com/help-center/contact-support?ref=nav&q=test&id=32881,0
73,33,5,27,1,3,0,1,1,3,0,6,0.0822,0.7808,0,0,0,0,0,1,4.779,4.0667,1,1,0,0,0,0,0,0,0,0.0,0,http://google-drive-shared-document.work/view?id=01hk4uloik98fsgzsuhk2ars,1
48,34,7,0,1,3,0,0,0,3,0,0,0.0,0.8333,0,0,0,0,0,1,4.1893,3.8337,5,1,0,0,0,0,0,0,0,0.0,0,http://paypal-account-security-update.cam/verify,1
41,13,6,13,1,0,0,1,1,3,0,2,0.0488,0.7805,0,1,0,0,0,0,4.4243,3.027,1,0,0,0,0,0,0,4,0,0.12,0,https://microsoft.com/watch?v=dQw4w9WgXcQ,0
77,7,38,23,1,1,0,1,3,6,0,5,0.0649,0.7403,0,1,0,0,0,0,4.4658,2.8074,0,0,0,0,0,0,0,0,0,0.0,0,https://nih.gov/repos/organization/repo-name/releases?ref=nav&q=test&id=82082,0
46,18,6,13,2,0,0,1,1,3,0,2,0.0435,0.7826,0,1,0,1,0,0,4.485,3.4613,0,0,0,0,0,0,0,0,0,0.0,0,https://api.huggingface.co/watch?v=dQw4w9WgXcQ,0
91,22,38,23,2,1,0,1,3,6,0,5,0.0549,0.7692,0,0,0,1,0,0,4.5452,3.6978,1,0,0,0,0,0,0,0,0,0.0,0,http://support.cloudflare.com/repos/organization/repo-name/releases?ref=nav&q=test&id=24555,0
34,12,15,0,3,0,0,0,0,4,0,9,0.2647,0.5,1,0,0,2,0,0,4.3006,3.0221,1,0,1,1,1,0,1,10,1,0.69,0,http://135.41.78.96/banking/online,1
55,34,14,0,2,2,0,0,0,4,0,0,0.0,0.8364,0,0,0,1,0,1,4.3833,4.1944,5,1,0,0,0,0,0,0,0,0.0,0,http://secure.netflix-payment-update.work/account/login,1
37,15,15,0,3,0,0,0,0,4,0,12,0.3243,0.4595,1,0,0,2,0,0,4.0876,2.4729,1,0,1,1,1,1,1,10,1,0.84,0,http://163.136.114.244/banking/online,1
61,16,38,0,2,1,0,0,0,6,0,0,0.0,0.8361,0,0,0,1,0,0,4.0222,3.1556,0,0,0,0,0,0,0,0,0,0.0,0,http://blog.mozilla.org/repos/organization/repo-name/releases,0
83,11,40,23,2,1,0,1,3,6,0,11,0.1325,0.6747,0,1,0,1,0,0,4.8851,3.0958,0,0,0,0,0,0,0,0,0,0.0,0,https://docs.gov.in/article/2026/08/technology-breakthrough?ref=nav&q=test&id=34819,0
69,13,18,30,3,0,0,1,1,4,0,16,0.2319,0.6232,1,0,0,2,0,0,4.7637,3.027,3,0,0,1,1,1,1,5,1,0.68,2,http://198.45.45.237/auth/verification?token=vnx6gi8mtvchchq9iyv543im,1
52,14,30,0,3,0,0,0,0,5,0,0,0.0,0.8269,0,1,0,1,0,0,4.1264,3.0931,0,0,0,0,0,0,0,0,0,0.0,0,https://blog.yahoo.com/download/latest/installer.exe,0
48,35,6,0,1,3,0,0,0,3,0,0,0.0,0.8333,0,0,0,0,0,1,4.0684,3.797,2,1,0,1,1,1,1,10,1,0.66,2,http://icici-rewards-points-redemption.cam/claim,1
69,17,6,37,2,0,0,2,4,3,0,7,0.1014,0.6957,0,1,0,1,0,0,4.806,3.2928,0,0,0,0,0,0,0,2,0,0.06,0,https://app.wikipedia.org/watch?v=dQw4w9WgXcQ?ref=nav&q=test&id=79841,0
62,18,36,0,2,3,0,0,0,5,0,8,0.129,0.6935,0,1,0,1,0,0,4.5468,3.4613,1,0,0,0,0,0,0,0,0,0.0,0,https://support.medium.com/questions/12345678/how-to-fix-error,0
79,17,30,23,3,0,0,1,3,5,0,5,0.0633,0.7468,0,1,0,1,0,0,4.546,3.3816,0,0,0,0,0,0,0,0,0,0.0,0,https://docs.linkedin.com/download/latest/installer.exe?ref=nav&q=test&id=56582,0
87,15,40,23,2,1,0,1,3,6,0,11,0.1264,0.6897,0,1,0,1,0,0,4.8678,2.9736,0,0,0,0,0,0,0,0,0,0.0,0,https://docs.zomato.com/article/2026/08/technology-breakthrough?ref=nav&q=test&id=29915,0
51,34,10,0,1,3,0,0,0,4,0,0,0.0,0.8235,0,0,0,0,0,1,4.0098,3.7604,2,1,0,1,1,0,1,3,1,0.72,2,http://amazon-unusual-activity-signin.cam/ap/signin,1
50,36,7,0,1,3,0,0,0,3,0,0,0.0,0.84,0,0,0,0,0,1,4.2089,3.8747,5,1,0,1,1,1,1,2,0,0.91,1,http://paypal-account-security-update.click/verify,1
23,15,0,0,2,0,0,0,0,2,0,0,0.0,0.7826,0,1,0,1,0,0,3.6212,2.9736,0,0,0,0,0,0,0,2,0,0.16,0,https://www.walmart.com,0
39,25,7,0,1,2,0,0,0,3,0,0,0.0,0.8205,0,0,0,0,0,1,4.2462,3.8937,4,1,0,0,0,0,0,0,0,0.0,0,http://paypal-account-verify.cam/signin,1
50,19,23,0,2,1,0,0,0,4,0,0,0.0,0.84,0,1,0,1,0,0,4.0362,3.6163,1,0,0,0,0,0,0,0,0,0.0,0,https://support.nytimes.com/explore/popular-topics,0
72,32,5,27,1,3,0,1,1,3,0,5,0.0694,0.7917,0,0,0,0,0,1,4.6856,3.9917,1,1,0,1,1,1,1,5,1,0.7,0,http://google-drive-shared-document.icu/view?id=t8wvt3gonw06zcauoarwlpz2,1
51,18,25,0,2,2,0,0,0,4,0,0,0.0,0.8235,0,1,0,1,0,0,4.0843,3.3921,2,0,0,0,0,0,0,0,0,0.0,0,https://support.paypal.com/about-us/leadership-team,0
64,16,40,0,2,1,0,0,0,6,0,6,0.0938,0.75,0,1,0,1,0,0,4.5737,3.875,0,0,0,0,0,0,0,0,0,0.0,0,https://dev.flipkart.com/article/2026/08/technology-breakthrough,0
47,13,27,0,3,2,0,0,0,4,0,10,0.2128,0.5745,1,0,0,2,0,0,4.6232,2.8151,3,0,1,1,1,0,1,4,1,0.87,1,http://153.173.61.98/secure/update-banking-info,1
44,19,17,0,2,2,0,0,0,3,0,0,0.0,0.8182,0,1,0,1,0,0,4.2656,3.5766,1,0,0,0,0,0,0,0,0,0.0,0,https://mail.huggingface.co/terms-of-service,0
23,9,6,0,1,0,0,0,0,3,0,0,0.0,0.7826,0,1,0,0,0,0,3.6381,2.6416,1,0,0,1,1,0,0,4,0,0.12,0,https://twitch.tv/login,0
63,15,40,0,2,1,0,0,0,6,0,6,0.0952,0.746,0,1,0,1,0,0,4.4393,3.2402,1,0,0,0,0,0,0,0,0,0.0,0,https://support.cnn.com/article/2026/08/technology-breakthrough,0
21,14,0,0,1,0,0,0,0,2,0,0,0.0,0.8095,0,0,0,0,0,0,3.9161,3.5216,0,0,0,0,0,0,0,0,0,0.0,0,http://aliexpress.com,0
49,31,11,0,1,3,0,0,0,4,0,3,0.0612,0.7551,0,0,0,0,0,1,4.3928,4.0424,4,1,0,0,0,0,0,0,0,0.0,0,http://microsoft-365-password-reset.ga/auth/login,1
40,27,6,0,1,2,0,0,0,3,0,0,0.0,0.825,0,0,0,0,0,1,4.2062,3.8282,4,1,0,1,1,1,1,7,1,0.89,2,http://account-security-update.sbs/login,1
49,35,7,0,1,3,0,0,0,3,0,0,0.0,0.8367,0,0,0,0,0,1,4.3445,4.0144,2,1,0,0,0,0,0,0,0,0.0,0,http://customer-support-helpdesk-agent.cam/verify,1
65,16,17,23,2,0,0,1,3,4,0,5,0.0769,0.7231,0,1,0,1,0,0,4.618,3.3278,0,0,0,0,0,0,0,4,0,0.1,0,https://dev.facebook.com/profile/settings?ref=nav&q=test&id=43994,0
40,26,7,0,1,2,0,0,0,3,0,1,0.025,0.8,0,0,0,0,0,1,4.2842,4.1329,3,0,0,1,1,1,1,6,0,0.79,0,http://netfl1x-billing-update.com/signin,1
51,17,27,0,2,1,0,0,0,7,0,0,0.0,0.7843,0,0,0,0,0,0,4.1787,3.7345,4,1,0,1,1,1,1,12,1,0.83,2,http://portal-service.ga//account/verify//login.php,1
48,30,11,0,1,3,0,0,0,3,0,0,0.0,0.8333,0,0,0,0,0,1,4.2016,3.9232,3,1,0,0,0,0,0,0,0,0.0,0,http://unauthorized-login-detected.cf/secure-now,1
53,31,15,0,1,3,0,0,0,3,0,0,0.0,0.8491,0,0,0,0,0,1,4.3884,4.1557,2,1,0,1,1,1,1,2,1,0.76,2,http://instagram-copyright-appeal.buzz/verify-account,1
38,13,17,0,2,0,0,0,0,4,0,0,0.0,0.8158,0,1,0,1,0,0,4.1556,3.0851,0,0,0,0,0,0,0,0,0,0.0,0,https://dev.adobe.com/profile/settings,0
47,17,22,0,2,1,0,0,0,5,0,1,0.0213,0.7872,0,1,0,1,0,0,4.2143,3.7345,0,0,0,0,0,0,0,0,0,0.0,0,https://dev.instagram.com/docs/v2/api-reference,0
39,26,6,0,1,2,0,0,0,3,0,0,0.0,0.8205,0,0,0,0,0,1,4.1411,3.8151,4,1,0,1,1,1,1,4,0,0.9,1,http://account-security-update.ga/login,1
41,14,6,13,2,0,0,1,1,3,0,2,0.0488,0.7561,0,0,0,1,0,0,4.4178,3.182,1,0,0,0,0,0,0,1,0,0.31,0,http://api.google.com/watch?v=dQw4w9WgXcQ,0
38,13,18,0,4,0,0,0,0,4,0,10,0.2632,0.5,1,0,0,2,0,0,4.0804,2.8151,2,0,1,1,1,1,1,7,1,0.83,1,http://129.50.113.49/paypal/signin.php,1
29,22,0,0,2,0,0,0,0,2,0,0,0.0,0.8276,0,0,0,1,0,0,3.7285,3.1524,0,0,0,0,0,0,0,0,0,0.0,0,http://blog.geeksforgeeks.org,0
42,12,22,0,2,1,0,0,0,5,0,1,0.0238,0.7619,0,1,0,1,0,0,4.1845,3.085,0,0,0,0,0,0,0,3,0,0.3,0,https://dev.imdb.com/docs/v2/api-reference,0
50,14,28,0,2,2,0,0,0,4,0,0,0.0,0.82,0,1,0,1,0,0,4.0011,3.2359,2,0,0,0,0,0,0,0,0,0.0,0,https://mail.chase.com/help-center/contact-support,0
29,20,1,0,2,0,0,0,0,3,0,0,0.0,0.7931,0,1,0,1,0,0,4.0902,3.7842,0,0,0,0,0,0,0,0,0,0.0,0,https://mail.theguardian.com/,0
53,24,22,0,1,3,0,0,0,4,0,0,0.0,0.8302,0,0,0,0,0,1,4.2528,3.8035,4,1,0,0,0,0,0,0,0,0.0,0,http://chase-security-alert.xyz/auth/confirm-identity,1
50,32,11,0,1,3,0,0,0,4,0,3,0.06,0.76,0,0,0,0,0,1,4.3913,3.9445,4,1,0,1,1,0,1,12,0,0.92,2,http://microsoft-365-password-reset.sbs/auth/login,1
52,18,27,0,2,1,0,0,0,7,0,0,0.0,0.7885,0,0,0,0,0,0,4.1256,3.6144,4,1,0,1,1,1,1,5,1,0.66,1,http://portal-service.top//account/verify//login.php,1
45,13,25,0,4,0,0,0,0,5,0,10,0.2222,0.5556,1,0,0,2,0,0,4.3944,2.9689,2,0,1,0,0,0,0,0,0,0.0,0,http://184.92.225.30/signin/paypal/index.html,1
72,15,25,23,2,0,0,1,3,5,0,5,0.0694,0.7361,0,1,0,1,0,0,4.6295,3.2402,1,0,0,0,0,0,0,0,0,0.0,0,https://docs.paypal.com/user/dashboard/analytics?ref=nav&q=test&id=37274,0
77,16,30,23,3,0,0,1,3,5,0,5,0.0649,0.7403,0,0,0,1,0,0,4.6608,3.25,0,0,0,0,0,0,0,0,0,0.0,0,http://blog.dropbox.com/download/latest/installer.exe?ref=nav&q=test&id=91483,0
22,14,0,0,2,0,0,0,0,2,0,0,0.0,0.7727,0,1,0,1,0,0,3.914,3.3788,0,0,0,0,0,0,0,0,0,0.0,0,https://docs.arxiv.org,0
49,36,6,0,2,2,0,0,0,3,0,0,0.0,0.8367,0,0,0,1,0,1,4.3386,3.9959,4,1,1,0,0,0,0,0,0,0.0,0,http://wellsfargo.banking-access-service.gq/login,1
34,20,7,0,1,3,0,0,0,3,0,1,0.0294,0.7353,0,0,1,0,0,1,4.1163,3.6464,1,0,0,1,1,1,1,6,0,0.94,1,http://xn--mcrosoft-p1a.com/update,1
49,36,6,0,2,2,0,0,0,3,0,0,0.0,0.8367,0,0,0,1,0,1,4.2724,3.9058,4,1,1,0,0,0,0,0,0,0.0,0,http://wellsfargo.banking-access-service.ga/login,1
50,35,8,0,1,3,0,0,0,3,0,0,0.0,0.84,0,0,0,0,0,1,4.226,4.0687,1,1,0,1,1,1,1,3,1,0.92,1,http://metamask-wallet-recovery-phrase.fun/connect,1
47,10,30,0,3,0,0,0,0,5,0,0,0.0,0.8085,0,0,0,1,0,0,4.0098,2.9219,0,0,0,0,0,0,0,0,0,0.0,0,http://dev.gov.in/download/latest/installer.exe,0
48,16,0,23,2,0,0,1,3,2,0,5,0.1042,0.6667,0,1,0,1,0,0,4.6211,3.625,0,0,0,0,0,0,0,0,0,0.0,0,https://dev.hdfcbank.com?ref=nav&q=test&id=62121,0
39,14,18,0,4,0,0,0,0,4,0,11,0.2821,0.4872,1,0,0,2,0,0,3.9721,2.4956,2,0,1,1,1,1,1,3,1,0.82,1,http://181.151.176.83/paypal/signin.php,1
66,18,40,0,2,1,0,0,0,6,0,6,0.0909,0.7576,0,1,0,1,0,0,4.5256,3.5033,0,0,0,0,0,0,0,0,0,0.0,0,https://mail.wikipedia.org/article/2026/08/technology-breakthrough,0
48,14,7,18,2,0,0,1,1,3,0,0,0.0,0.8125,0,1,0,1,0,0,4.3895,3.3788,1,0,0,0,0,0,0,1,0,0.23,0,https://dev.paypal.com/search?q=machine+learning,0
40,26,7,0,1,2,0,0,0,3,0,1,0.025,0.8,0,0,0,0,0,1,4.2842,4.1329,3,0,0,0,0,0,0,0,0,0.0,0,http://netfl1x-billing-update.com/signin,1
62,9,22,22,1,1,0,1,3,5,0,5,0.0806,0.6935,0,1,0,0,0,0,4.6093,2.9477,0,0,0,0,0,0,0,0,0,0.0,0,https://slack.com/docs/v2/api-reference?ref=nav&q=test&id=4773,0
50,17,25,0,2,2,0,0,0,4,0,0,0.0,0.82,0,1,0,1,0,0,4.0693,3.4548,0,0,0,0,0,0,0,2,0,0.21,0,https://app.pinterest.com/about-us/leadership-team,0
43,28,8,0,1,3,0,0,0,3,0,0,0.0,0.814,0,0,0,0,0,1,4.1207,3.7534,2,1,0,1,1,1,1,6,1,0.85,1,http://verify-your-identity-now.icu/confirm,1
43,29,7,0,1,2,0,0,0,3,0,0,0.0,0.8372,0,0,0,0,0,1,3.9323,3.6301,0,1,0,0,0,0,0,0,0,0.0,0,http://immediate-action-required.icu/notice,1
34,12,15,0,3,0,0,0,0,4,0,9,0.2647,0.5,1,0,0,2,0,0,4.1607,2.6258,1,0,1,1,1,1,1,6,1,0.65,1,http://179.9.81.103/banking/online,1
20,11,1,0,2,0,0,0,0,3,0,0,0.0,0.7,0,1,0,1,0,0,3.6842,2.914,0,0,0,0,0,0,0,0,0,0.0,0,https://blog.gov.in/,0
56,20,28,0,2,2,0,0,0,4,0,0,0.0,0.8393,0,1,0,1,0,0,4.0254,3.6219,1,0,0,0,0,0,0,0,0,0.0,0,https://support.facebook.com/help-center/contact-support,0
75,18,7,42,2,0,0,2,4,3,0,5,0.0667,0.7333,0,0,0,1,0,0,4.7383,3.7255,1,0,0,0,0,0,0,2,0,0.28,0,http://dev.wellsfargo.com/search?q=machine+learning?ref=nav&q=test&id=52768,0
52,17,28,0,2,2,0,0,0,4,0,0,0.0,0.8269,0,0,0,1,0,0,4.1036,3.4992,1,0,0,0,0,0,0,0,0,0.0,0,http://mail.flipkart.com/help-center/contact-support,0
40,26,7,0,1,2,0,0,0,3,0,1,0.025,0.8,0,0,0,0,0,1,4.2842,4.1329,3,0,0,0,0,0,0,0,0,0.0,0,http://netfl1x-billing-update.com/signin,1
63,15,40,0,2,1,0,0,0,6,0,6,0.0952,0.746,0,1,0,1,0,0,4.598,3.6402,1,0,0,0,0,0,0,2,0,0.19,0,https://dev.netflix.com/article/2026/08/technology-breakthrough,0
72,15,25,23,2,2,0,1,3,4,0,5,0.0694,0.7222,0,1,0,1,0,0,4.647,3.0566,0,0,0,0,0,0,0,0,0,0.0,0,https://docs.medium.com/about-us/leadership-team?ref=nav&q=test&id=32921,0
47,15,25,0,4,0,0,0,0,5,0,12,0.2553,0.5319,1,0,0,2,0,0,4.3337,2.7396,2,0,1,1,1,1,1,10,1,0.82,1,http://134.222.195.120/signin/paypal/index.html,1
53,38,7,0,4,1,0,0,0,3,0,0,0.0,0.8302,0,1,0,3,1,0,4.3364,3.9977,3,1,1,0,0,0,0,0,0,0.0,0,https://appleid.apple.com.account-recovery.xyz/verify,1
78,16,30,23,3,0,0,1,3,5,0,5,0.0641,0.7436,0,1,0,1,0,0,4.5992,3.4528,0,0,0,0,0,0,0,0,0,0.0,0,https://app.flipkart.com/download/latest/installer.exe?ref=nav&q=test&id=59673,0
77,17,28,23,2,2,0,1,3,4,0,5,0.0649,0.7403,0,1,0,1,0,0,4.4644,3.4548,1,0,0,0,0,0,0,4,0,0.11,0,https://app.pinterest.com/help-center/contact-support?ref=nav&q=test&id=98622,0
78,18,28,23,2,2,0,1,3,4,0,5,0.0641,0.7436,0,1,0,1,0,0,4.5463,3.3921,2,0,0,0,0,0,0,1,0,0.16,0,https://support.paypal.com/help-center/contact-support?ref=nav&q=test&id=84689,0
42,27,8,0,1,3,0,0,0,3,0,0,0.0,0.8095,0,0,0,0,0,1,4.2369,3.8562,2,1,0,1,1,0,1,2,0,0.8,2,http://verify-your-identity-now.gq/confirm,1
53,19,7,18,2,0,0,1,1,3,0,0,0.0,0.8302,0,1,0,1,0,0,4.3129,3.5766,0,0,0,0,0,0,0,3,0,0.33,0,https://docs.aliexpress.com/search?q=machine+learning,0
46,34,5,0,1,3,0,0,0,3,0,0,0.0,0.8261,0,0,0,0,0,1,4.3111,4.0353,4,1,0,0,0,0,0,0,0,0.0,0,http://secure-wellsfargo-banking-alert.gq/auth,1
47,13,27,0,3,2,0,0,0,4,0,10,0.2128,0.5745,1,0,0,2,0,0,4.5646,2.6032,3,0,1,1,1,1,1,11,0,0.94,1,http://66.61.190.137/secure/update-banking-info,1
42,15,6,13,2,0,0,1,1,3,0,2,0.0476,0.7619,0,0,0,1,0,0,4.475,3.3232,0,0,0,0,0,0,0,2,0,0.22,0,http://dev.dropbox.com/watch?v=dQw4w9WgXcQ,0
30,15,7,0,2,0,0,0,0,3,0,0,0.0,0.8,0,1,0,1,0,0,3.8981,3.2402,1,0,0,0,0,0,0,0,0,0.0,0,https://app.mozilla.org/signin,0
61,13,17,23,2,0,0,1,3,4,0,5,0.082,0.7049,0,0,0,1,0,0,4.6621,3.2389,0,0,0,0,0,0,0,0,0,0.0,0,http://mail.ebay.com/profile/settings?ref=nav&q=test&id=70729,0
33,19,7,0,1,1,0,0,0,3,0,1,0.0303,0.7879,0,0,0,0,0,0,4.165,3.8269,2,0,0,0,0,0,0,0,0,0.0,0,http://paypa1-security.com/webscr,1
55,22,25,0,2,0,0,0,0,5,0,0,0.0,0.8545,0,1,0,1,0,0,4.3087,3.7888,0,0,0,0,0,0,0,1,0,0.35,0,https://mail.stackoverflow.com/user/dashboard/analytics,0
33,19,7,0,1,1,0,0,0,3,0,1,0.0303,0.7879,0,0,0,0,0,0,4.165,3.8269,2,0,0,0,0,0,0,0,0,0.0,0,http://paypa1-security.com/webscr,1
45,29,9,0,1,2,0,0,0,3,0,0,0.0,0.8444,0,0,0,0,0,1,4.2502,3.9094,2,1,0,1,1,1,1,3,1,0.71,0,http://binance-kyc-verification.buzz/security,1
87,20,36,23,2,3,0,1,3,5,0,13,0.1494,0.6552,0,0,0,1,0,0,4.9525,3.9219,1,0,0,0,0,0,0,0,0,0.0,0,http://support.hdfcbank.com/questions/12345678/how-to-fix-error?ref=nav&q=test&id=19987,0
64,12,6,37,1,0,0,2,4,3,0,7,0.1094,0.6875,0,1,0,0,0,0,4.9159,3.4183,0,0,0,0,0,0,0,2,0,0.31,0,https://hdfcbank.com/watch?v=dQw4w9WgXcQ?ref=nav&q=test&id=43068,0
51,29,15,0,1,3,0,0,0,3,0,0,0.0,0.8431,0,0,0,0,0,1,4.3048,3.9783,2,1,0,0,0,0,0,0,0,0.0,0,http://instagram-copyright-appeal.gq/verify-account,1
34,20,7,0,1,3,0,0,0,3,0,1,0.0294,0.7353,0,0,1,0,0,1,4.1163,3.6464,1,0,0,1,1,1,1,4,1,0.7,1,http://xn--mcrosoft-p1a.com/update,1
75,16,28,23,2,2,0,1,3,4,0,5,0.0667,0.7333,0,0,0,1,0,0,4.7056,3.25,1,0,0,0,0,0,0,4,0,0.07,0,http://blog.dropbox.com/help-center/contact-support?ref=nav&q=test&id=54629,0
54,39,8,0,1,3,0,0,0,3,0,0,0.0,0.8519,0,0,0,0,0,1,4.08,3.8872,1,1,0,1,1,0,1,8,1,0.9,2,http://metamask-wallet-recovery-phrase.monster/connect,1
48,34,7,0,1,3,0,0,0,3,0,0,0.0,0.8333,0,0,0,0,0,1,4.1893,3.8337,5,1,0,0,0,0,0,0,0,0.0,0,http://paypal-account-security-update.cam/verify,1
46,26,13,0,1,3,0,0,0,4,0,0,0.0,0.8043,0,0,0,0,0,1,4.1891,3.7343,2,1,0,1,1,0,1,11,1,0.68,1,http://sbi-online-banking-kyc.fun/retail/login,1
52,32,13,0,1,3,0,0,0,4,0,0,0.0,0.8269,0,0,0,0,0,1,4.3018,4.0542,3,1,0,1,1,1,1,2,1,0.71,1,http://hdfc-netbanking-customer-care.cf/secure/login,1
51,29,15,0,1,3,0,0,0,3,0,0,0.0,0.8431,0,0,0,0,0,1,4.2804,3.9354,2,1,0,1,1,0,1,4,1,0.93,1,http://instagram-copyright-appeal.ml/verify-account,1
30,17,6,0,1,3,0,0,0,3,0,0,0.0,0.7333,0,0,1,0,0,1,4.2566,3.4548,0,0,0,1,1,1,1,8,0,0.93,0,http://xn--gogle-qqa.com/drive,1
70,14,18,30,3,0,0,1,1,4,0,20,0.2857,0.5714,1,0,0,2,0,0,4.7562,2.156,3,0,0,0,0,0,0,0,0,0.0,0,http://132.22.113.119/auth/verification?token=9o85nl2dxxcy3eb3jbap029f,1
46,14,1,23,2,0,0,1,3,3,0,5,0.1087,0.6304,0,0,0,1,0,0,4.5285,3.0931,1,0,0,0,0,0,0,1,0,0.27,0,http://mail.apple.com/?ref=nav&q=test&id=79719,0
53,33,13,0,1,3,0,0,0,4,0,0,0.0,0.8302,0,0,0,0,0,1,4.3106,4.0815,3,1,0,1,1,1,1,4,1,0.74,0,http://hdfc-netbanking-customer-care.sbs/secure/login,1
48,14,27,0,3,2,0,0,0,4,0,11,0.2292,0.5625,1,0,0,2,0,0,4.5897,2.6995,3,0,1,1,1,1,1,4,1,0.91,1,http://79.149.248.177/secure/update-banking-info,1
47,34,6,0,1,3,0,0,0,3,0,0,0.0,0.8298,0,0,0,0,0,1,4.0909,3.8559,2,1,0,1,1,1,1,12,1,0.9,1,http://icici-rewards-points-redemption.ml/claim,1
48,30,11,0,1,3,0,0,0,3,0,0,0.0,0.8333,0,0,0,0,0,1,4.2173,3.9232,3,1,0,1,1,0,1,2,1,0.93,1,http://unauthorized-login-detected.ml/secure-now,1
38,24,7,0,1,2,0,0,0,3,0,0,0.0,0.8158,0,0,0,0,0,1,4.2539,3.9702,4,1,0,0,0,0,0,0,0,0.0,0,http://paypal-account-verify.tk/signin,1
49,20,7,14,3,1,0,1,1,3,0,0,0.0,0.7755,0,0,0,2,0,0,4.6497,3.5842,4,1,1,0,0,0,0,0,0,0.0,0,http://login.paypal.com.xyz/webscr?cmd=_login-run,1
34,13,14,0,3,0,0,0,0,4,0,10,0.2941,0.4706,1,0,0,2,0,0,3.9957,2.2878,2,0,1,1,1,1,1,7,1,0.68,1,http://14.18.212.117/netflix/login,1
49,16,25,0,2,0,0,0,0,5,0,0,0.0,0.8367,0,1,0,1,0,0,4.1887,3.4528,0,0,0,0,0,0,0,0,0,0.0,0,https://app.flipkart.com/user/dashboard/analytics,0
30,17,6,0,1,3,0,0,0,3,0,0,0.0,0.7333,0,0,1,0,0,1,4.0314,3.4548,1,0,0,0,0,0,0,0,0,0.0,0,http://xn--paypl-qqa.com/login,1
57,28,22,0,1,3,0,0,0,4,0,0,0.0,0.8421,0,0,0,0,0,1,4.1462,3.7979,4,1,0,1,1,0,1,12,1,0.66,0,http://chase-security-alert.monster/auth/confirm-identity,1
45,25,13,0,1,3,0,0,0,4,0,0,0.0,0.8,0,0,0,0,0,1,4.1532,3.7035,2,1,0,1,1,1,1,12,1,0.93,2,http://sbi-online-banking-kyc.gq/retail/login,1
31,18,6,0,2,0,0,0,0,3,0,1,0.0323,0.7742,0,0,0,1,0,0,3.9378,3.3502,1,0,0,0,0,0,0,0,0,0.0,0,http://mail.w3schools.com/login,0
44,32,5,0,1,3,0,0,0,3,0,0,0.0,0.8182,0,0,0,0,0,1,4.2573,4.0931,3,1,0,0,0,0,0,0,0,0.0,0,http://banking-portal-secure-entry.buzz/auth,1
51,36,8,0,1,3,0,0,0,3,0,0,0.0,0.8431,0,0,0,0,0,1,4.2972,4.0833,1,1,0,1,1,1,1,10,0,0.75,0,http://metamask-wallet-recovery-phrase.buzz/connect,1
50,21,22,0,2,1,0,0,0,5,0,1,0.02,0.8,0,0,0,1,0,0,4.0864,3.2135,0,0,0,0,0,0,0,0,0,0.0,0,http://app.geeksforgeeks.org/docs/v2/api-reference,0
48,34,7,0,1,3,0,0,0,3,0,0,0.0,0.8333,0,0,0,0,0,1,4.33,3.9987,2,1,0,1,1,1,1,10,1,0.7,2,http://customer-support-helpdesk-agent.ml/verify,1
63,19,9,27,2,2,0,1,1,5,0,0,0.0,0.7937,0,0,0,0,0,0,4.1695,3.0503,1,1,0,0,0,0,0,0,0,0.0,0,http://suspicious-site.icu/redirect?url=http://victim-login.com,1
45,11,27,0,3,2,0,0,0,4,0,8,0.1778,0.6,1,0,0,2,0,0,4.5803,2.6635,3,0,1,1,1,0,1,8,1,0.9,2,http://19.98.14.75/secure/update-banking-info,1
52,21,0,22,2,0,0,1,3,2,0,4,0.0769,0.7115,0,1,0,1,0,0,4.6593,3.7849,0,0,0,0,0,0,0,1,0,0.34,0,https://app.stackoverflow.com?ref=nav&q=test&id=1309,0
52,18,7,18,2,0,0,1,1,3,0,0,0.0,0.8269,0,1,0,1,0,0,4.3132,3.2391,0,0,0,0,0,0,0,4,0,0.07,0,https://docs.icicibank.com/search?q=machine+learning,0
33,19,7,0,1,1,0,0,0,3,0,1,0.0303,0.7879,0,0,0,0,0,0,4.165,3.8269,2,0,0,1,1,1,1,8,1,0.92,0,http://paypa1-security.com/webscr,1
42,30,5,0,1,3,0,0,0,3,0,0,0.0,0.8095,0,0,0,0,0,1,4.1689,3.9811,3,1,0,1,1,1,1,9,1,0.72,0,http://banking-portal-secure-entry.ga/auth,1
39,25,7,0,1,2,0,0,0,3,0,0,0.0,0.8205,0,0,0,0,0,1,4.1949,3.8635,4,1,0,0,0,0,0,0,0,0.0,0,http://paypal-account-verify.icu/signin,1
31,16,7,0,2,0,0,0,0,3,0,0,0.0,0.8065,0,1,0,1,0,0,3.8403,3.625,2,0,0,0,0,0,0,0,0,0.0,0,https://support.bing.com/signin,0
47,14,25,0,2,0,0,0,0,5,0,0,0.0,0.8298,0,1,0,1,0,0,4.1956,3.0391,0,0,0,0,0,0,0,0,0,0.0,0,https://dev.medium.com/user/dashboard/analytics,0
55,40,7,0,4,1,0,0,0,3,0,0,0.0,0.8364,0,1,0,3,1,0,4.2538,3.8776,3,1,1,0,0,0,0,0,0,0.0,0,https://appleid.apple.com.account-recovery.click/verify,1
52,18,27,0,2,1,0,0,0,7,0,0,0.0,0.7885,0,0,0,0,0,0,4.1256,3.6144,4,1,0,0,0,0,0,0,0,0.0,0,http://portal-service.top//account/verify//login.php,1
30,17,6,0,1,3,0,0,0,3,0,0,0.0,0.7333,0,0,1,0,0,1,4.2566,3.4548,0,0,0,0,0,0,0,0,0,0.0,0,http://xn--gogle-qqa.com/drive,1
43,29,7,0,1,3,0,0,0,3,0,0,0.0,0.814,0,0,0,0,0,1,4.2047,3.9354,3,1,0,0,0,0,0,0,0,0.0,0,http://claim-free-crypto-airdrop.xyz/wallet,1
34,12,15,0,3,0,0,0,0,4,0,9,0.2647,0.5,1,0,0,2,0,0,4.2417,2.8554,1,0,1,1,1,1,1,6,0,0.67,0,http://93.95.83.107/banking/online,1
50,36,7,0,1,3,0,0,0,3,0,0,0.0,0.84,0,0,0,0,0,1,4.3591,4.0441,2,1,0,0,0,0,0,0,0,0.0,0,http://customer-support-helpdesk-agent.work/verify,1
67,19,40,0,2,1,0,0,0,6,0,6,0.0896,0.7612,0,1,0,1,0,0,4.4631,3.5111,1,0,0,0,0,0,0,2,0,0.33,0,https://support.walmart.com/article/2026/08/technology-breakthrough,0
49,19,22,0,2,1,0,0,0,5,0,1,0.0204,0.7959,0,1,0,1,0,0,4.3445,3.5369,1,0,0,0,0,0,0,0,0,0.0,0,https://blog.wellsfargo.com/docs/v2/api-reference,0
38,24,7,0,1,2,0,0,0,3,0,0,0.0,0.8158,0,0,0,0,0,1,4.2866,4.0535,4,1,0,0,0,0,0,0,0,0.0,0,http://paypal-account-verify.gq/signin,1
49,31,11,0,1,3,0,0,0,3,0,0,0.0,0.8367,0,0,0,0,0,1,4.1833,3.889,3,1,0,0,0,0,0,0,0,0.0,0,http://unauthorized-login-detected.fun/secure-now,1
46,34,5,0,1,3,0,0,0,3,0,0,0.0,0.8261,0,0,0,0,0,1,4.284,3.9987,4,1,0,1,1,0,1,2,1,0.66,1,http://secure-wellsfargo-banking-alert.cf/auth,1
100,17,30,45,2,0,0,2,5,5,0,6,0.06,0.75,0,0,0,1,0,0,4.572,3.4992,2,0,0,0,0,0,0,0,0,0.0,0,http://support.chase.com/products/category/electronics?page=2&sort=price_asc?ref=nav&q=test&id=79636,0
49,19,22,0,2,1,0,0,0,5,0,1,0.0204,0.7959,0,1,0,1,0,0,4.2046,3.4316,0,0,0,0,0,0,0,2,0,0.25,0,https://docs.cloudflare.com/docs/v2/api-reference,0
67,13,23,23,2,1,0,1,3,4,0,5,0.0746,0.7164,0,0,0,1,0,0,4.7564,2.8151,0,0,0,0,0,0,0,0,0,0.0,0,http://www.yahoo.com/explore/popular-topics?ref=nav&q=test&id=43781,0
49,19,22,0,2,1,0,0,0,5,0,1,0.0204,0.7959,0,1,0,1,0,0,4.3445,3.5369,1,0,0,0,0,0,0,2,0,0.12,0,https://blog.wellsfargo.com/docs/v2/api-reference,0
47,15,25,0,4,0,0,0,0,5,0,12,0.2553,0.5319,1,0,0,2,0,0,4.2729,2.5493,2,0,1,1,1,1,1,9,0,0.91,1,http://122.207.202.143/signin/paypal/index.html,1
73,14,28,23,2,2,0,1,3,4,0,5,0.0685,0.726,0,0,0,1,0,0,4.5131,3.2359,2,0,0,0,0,0,0,0,0,0.0,0,http://docs.apple.com/help-center/contact-support?ref=nav&q=test&id=89090,0
49,20,7,14,3,1,0,1,1,3,0,0,0.0,0.7755,0,0,0,2,0,0,4.6497,3.5842,4,1,1,1,1,1,1,6,0,0.67,1,http://login.paypal.com.xyz/webscr?cmd=_login-run,1
27,13,6,0,1,0,0,0,0,3,0,0,0.0,0.8148,0,1,0,0,0,0,3.838,3.3927,1,0,0,1,1,0,0,1,0,0.3,0,https://pinterest.com/login,0
35,13,15,0,3,0,0,0,0,4,0,10,0.2857,0.4857,1,0,0,2,0,0,4.1719,2.6612,1,0,1,1,1,1,1,9,1,0.69,0,http://51.199.226.39/banking/online,1
51,29,15,0,1,3,0,0,0,3,0,0,0.0,0.8431,0,0,0,0,0,1,4.3048,3.9783,2,1,0,0,0,0,0,0,0,0.0,0,http://instagram-copyright-appeal.gq/verify-account,1
60,12,17,22,2,0,0,1,3,4,0,4,0.0667,0.7167,0,1,0,1,0,0,4.6046,3.0221,0,0,0,0,0,0,0,0,0,0.1,0,https://www.ebay.com/profile/settings?ref=nav&q=test&id=6111,0
62,13,17,23,2,2,0,1,3,3,0,5,0.0806,0.6935,0,1,0,1,0,0,4.5833,3.2389,1,0,0,0,0,0,0,0,0,0.0,0,https://dev.arxiv.org/terms-of-service?ref=nav&q=test&id=29948,0
44,30,7,0,1,2,0,0,0,3,0,0,0.0,0.8409,0,0,0,0,0,1,4.1053,3.8402,0,1,0,0,0,0,0,0,0,0.0,0,http://immediate-action-required.buzz/notice,1
45,15,22,0,2,1,0,0,0,5,0,1,0.0222,0.7778,0,1,0,1,0,0,4.3201,3.2402,0,0,0,0,0,0,0,0,0,0.21,0,https://mail.kaggle.com/docs/v2/api-reference,0
44,28,9,0,1,2,0,0,0,3,0,0,0.0,0.8409,0,0,0,0,0,1,4.1813,3.7534,2,1,0,1,1,1,1,6,0,0.65,1,http://binance-kyc-verification.cam/security,1
51,36,8,0,1,3,0,0,0,3,0,0,0.0,0.8431,0,0,0,0,0,1,4.2972,4.0833,1,1,0,1,1,0,1,11,0,0.65,0,http://metamask-wallet-recovery-phrase.buzz/connect,1
53,19,27,0,2,1,0,0,0,7,0,0,0.0,0.7925,0,0,0,0,0,0,4.2578,3.7871,4,1,0,1,1,1,1,8,0,0.81,0,http://portal-service.work//account/verify//login.php,1
14,6,0,0,1,0,0,0,0,2,0,0,0.0,0.7143,0,1,0,0,0,0,3.5216,2.585,0,0,0,0,0,0,0,2,0,0.07,0,https://gov.in,0
40,26,7,0,1,2,0,0,0,3,0,0,0.0,0.825,0,0,0,0,0,1,4.3587,4.056,4,1,0,0,0,0,0,0,0,0.0,0,http://paypal-account-verify.buzz/signin,1
49,18,0,23,2,0,0,1,3,2,0,5,0.102,0.6735,0,0,0,1,0,0,4.6451,3.5033,0,0,0,0,0,0,0,2,0,0.2,0,http://dev.cloudflare.com?ref=nav&q=test&id=48682,0
68,13,23,23,2,1,0,1,3,4,0,5,0.0735,0.7206,0,1,0,1,0,0,4.6515,3.027,0,0,0,0,0,0,0,3,0,0.24,0,https://api.yahoo.com/explore/popular-topics?ref=nav&q=test&id=64493,0
45,12,1,23,2,0,0,1,3,3,0,5,0.1111,0.6222,0,1,0,1,0,0,4.6415,3.085,0,0,0,0,0,0,0,4,0,0.14,0,https://mail.zoom.us/?ref=nav&q=test&id=88679,0
68,13,23,23,2,1,0,1,3,4,0,5,0.0735,0.7206,0,1,0,1,0,0,4.7551,3.0851,0,0,0,0,0,0,0,3,0,0.1,0,https://blog.imdb.com/explore/popular-topics?ref=nav&q=test&id=66971,0
53,38,7,0,4,1,0,0,0,3,0,0,0.0,0.8302,0,1,0,3,1,0,4.2213,3.8173,3,1,1,0,0,0,0,0,0,0.0,0,https://appleid.apple.com.account-recovery.cam/verify,1
32,18,6,0,2,0,0,0,0,3,0,0,0.0,0.8125,0,1,0,1,0,0,4.1167,3.5724,1,0,0,1,1,0,0,0,0,0.15,0,https://www.aliexpress.com/login,0
51,15,28,0,2,2,0,0,0,4,0,0,0.0,0.8235,0,1,0,1,0,0,4.0786,3.2402,2,0,0,0,0,0,0,1,0,0.23,0,https://blog.paypal.com/help-center/contact-support,0
49,20,7,14,3,1,0,1,1,3,0,0,0.0,0.7755,0,0,0,2,0,0,4.5019,3.4087,4,1,1,1,1,1,1,9,0,0.67,2,http://login.paypal.com.top/webscr?cmd=_login-run,1
47,12,28,0,2,2,0,0,0,4,0,0,0.0,0.8085,0,0,0,1,0,0,4.0965,3.085,1,0,0,0,0,0,0,3,0,0.16,0,http://blog.nih.gov/help-center/contact-support,0
43,29,7,0,1,2,0,0,0,3,0,0,0.0,0.8372,0,0,0,0,0,1,3.9414,3.6335,0,1,0,0,0,0,0,0,0,0.0,0,http://immediate-action-required.cam/notice,1
46,16,23,0,2,1,0,0,0,4,0,0,0.0,0.8261,0,0,0,1,0,0,4.1372,3.5778,0,0,0,0,0,0,0,1,0,0.3,0,http://blog.spotify.com/explore/popular-topics,0
30,17,6,0,1,3,0,0,0,3,0,0,0.0,0.7333,0,0,1,0,0,1,4.0314,3.4548,1,0,0,0,0,0,0,0,0,0.0,0,http://xn--paypl-qqa.com/login,1
68,14,22,23,1,1,0,1,3,5,0,6,0.0882,0.7059,0,1,0,0,0,0,4.5728,3.5216,0,0,0,0,0,0,0,0,0,0.0,0,https://aliexpress.com/docs/v2/api-reference?ref=nav&q=test&id=37113,0
22,14,0,0,2,0,0,0,0,2,0,0,0.0,0.7727,0,1,0,1,0,0,3.7888,3.0391,0,0,0,0,0,0,0,0,0,0.0,0,https://www.docker.com,0
34,20,7,0,1,3,0,0,0,3,0,1,0.0294,0.7353,0,0,1,0,0,1,4.1163,3.6464,1,0,0,0,0,0,0,0,0,0.0,0,http://xn--mcrosoft-p1a.com/update,1
48,14,7,18,2,0,0,1,1,3,0,0,0.0,0.8125,0,1,0,1,0,0,4.2589,3.0931,0,0,0,0,0,0,0,3,0,0.32,0,https://mail.slack.com/search?q=machine+learning,0
32,7,17,0,1,2,0,0,0,3,0,0,0.0,0.7812,0,1,0,0,0,0,3.9445,2.2359,1,0,0,0,0,0,0,1,0,0.07,0,https://cnn.com/terms-of-service,0
33,19,7,0,1,1,0,0,0,3,0,1,0.0303,0.7879,0,0,0,0,0,0,4.165,3.8269,2,0,0,0,0,0,0,0,0,0.0,0,http://paypa1-security.com/webscr,1
52,30,15,0,1,3,0,0,0,3,0,0,0.0,0.8462,0,0,0,0,0,1,4.3207,3.9899,2,1,0,1,1,1,1,5,0,0.7,1,http://instagram-copyright-appeal.sbs/verify-account,1
48,30,11,0,1,3,0,0,0,3,0,0,0.0,0.8333,0,0,0,0,0,1,4.2173,3.9232,3,1,0,0,0,0,0,0,0,0.0,0,http://unauthorized-login-detected.ml/secure-now,1
68,7,30,23,2,0,0,1,3,5,0,5,0.0735,0.7206,0,0,0,0,0,0,4.5794,2.2359,0,0,0,0,0,0,0,0,0,0.0,0,http://bbc.com/download/latest/installer.exe?ref=nav&q=test&id=35995,0
43,13,23,0,2,1,0,0,0,4,0,0,0.0,0.814,0,0,0,1,0,0,4.1734,3.2389,0,0,0,0,0,0,0,4,0,0.14,0,http://mail.bing.com/explore/popular-topics,0
30,17,6,0,1,3,0,0,0,3,0,0,0.0,0.7333,0,0,1,0,0,1,4.2566,3.4548,0,0,0,1,1,1,1,4,1,0.69,1,http://xn--gogle-qqa.com/drive,1
62,14,40,0,2,1,0,0,0,6,0,6,0.0968,0.7419,0,1,0,1,0,0,4.4807,2.8963,1,0,0,0,0,0,0,4,0,0.18,0,https://app.amazon.com/article/2026/08/technology-breakthrough,0
50,35,8,0,1,3,0,0,0,3,0,0,0.0,0.84,0,0,0,0,0,1,4.226,4.0687,1,1,0,1,1,1,1,2,1,0.89,2,http://metamask-wallet-recovery-phrase.fun/connect,1
38,24,7,0,1,2,0,0,0,3,0,0,0.0,0.8158,0,0,0,0,0,1,4.2866,4.0535,4,1,0,1,1,1,1,4,0,0.83,1,http://paypal-account-verify.gq/signin,1
55,22,1,23,2,0,0,1,3,3,0,5,0.0909,0.6909,0,1,0,1,0,0,4.7517,3.8231,0,0,0,0,0,0,0,0,0,0.0,0,https://blog.stackoverflow.com/?ref=nav&q=test&id=65727,0
54,39,7,0,4,1,0,0,0,3,0,0,0.0,0.8333,0,1,0,3,1,0,4.32,3.9646,3,1,1,1,1,0,0,5,0,0.71,2,https://appleid.apple.com.account-recovery.work/verify,1
64,15,17,23,2,0,0,1,3,4,0,5,0.0781,0.7188,0,1,0,1,0,0,4.6403,3.3232,0,0,0,0,0,0,0,0,0,0.0,0,https://api.dropbox.com/profile/settings?ref=nav&q=test&id=48272,0
102,18,30,45,2,0,0,2,5,5,0,6,0.0588,0.7549,0,1,0,1,0,0,4.6442,3.6144,0,0,0,0,0,0,0,0,0,0.0,0,https://blog.instagram.com/products/category/electronics?page=2&sort=price_asc?ref=nav&q=test&id=18264,0
65,13,6,37,2,0,0,2,4,3,0,7,0.1077,0.6769,0,1,0,1,0,0,4.8858,3.2389,0,0,0,0,0,0,0,0,0,0.0,0,https://api.slack.com/watch?v=dQw4w9WgXcQ?ref=nav&q=test&id=90630,0
30,17,6,0,1,3,0,0,0,3,0,0,0.0,0.7333,0,0,1,0,0,1,4.2566,3.4548,0,0,0,0,0,0,0,0,0,0.0,0,http://xn--gogle-qqa.com/drive,1
53,22,23,0,2,1,0,0,0,4,0,0,0.0,0.8491,0,1,0,1,0,0,3.9171,3.6635,1,0,0,0,0,0,0,3,0,0.23,0,https://support.aliexpress.com/explore/popular-topics,0
48,19,7,14,3,1,0,1,1,3,0,0,0.0,0.7708,0,0,0,2,0,0,4.5268,3.3264,4,1,1,1,1,1,1,12,1,0.75,2,http://login.paypal.com.ga/webscr?cmd=_login-run,1
51,29,15,0,1,3,0,0,0,3,0,0,0.0,0.8431,0,0,0,0,0,1,4.2823,3.9783,2,1,0,1,1,1,1,5,1,0.67,1,http://instagram-copyright-appeal.tk/verify-account,1
48,14,7,18,2,0,0,1,1,3,0,0,0.0,0.8125,0,1,0,1,0,0,4.1811,3.2359,1,0,0,0,0,0,0,0,0,0.0,0,https://mail.chase.com/search?q=machine+learning,0
61,15,38,0,2,1,0,0,0,6,0,0,0.0,0.8361,0,1,0,1,0,0,4.0961,3.2402,0,0,0,0,0,0,0,2,0,0.08,0,https://blog.gitlab.com/repos/organization/repo-name/releases,0
47,33,7,0,1,2,0,0,0,3,0,0,0.0,0.8511,0,0,0,0,0,1,3.9715,3.7149,0,1,0,0,0,0,0,0,0,0.0,0,http://immediate-action-required.monster/notice,1
48,30,11,0,1,3,0,0,0,3,0,0,0.0,0.8333,0,0,0,0,0,1,4.1777,3.8817,3,1,0,1,1,1,1,12,1,0.7,1,http://unauthorized-login-detected.tk/secure-now,1
50,35,8,0,1,3,0,0,0,3,0,0,0.0,0.84,0,0,0,0,0,1,4.226,4.0687,1,1,0,1,1,1,1,6,1,0.77,0,http://metamask-wallet-recovery-phrase.fun/connect,1
52,18,27,0,2,1,0,0,0,7,0,0,0.0,0.7885,0,0,0,0,0,0,4.1636,3.7255,4,1,0,1,1,0,1,4,1,0.78,2,http://portal-service.icu//account/verify//login.php,1
53,19,27,0,2,1,0,0,0,7,0,0,0.0,0.7925,0,0,0,0,0,0,4.3048,3.9321,4,1,0,1,1,1,1,3,1,0.67,1,http://portal-service.buzz//account/verify//login.php,1
97,13,30,45,2,0,0,2,5,5,0,6,0.0619,0.7423,0,1,0,1,0,0,4.6758,3.027,0,0,0,0,0,0,0,0,0,0.25,0,https://mail.imdb.com/products/category/electronics?page=2&sort=price_asc?ref=nav&q=test&id=56574,0
39,26,6,0,1,2,0,0,0,3,0,0,0.0,0.8205,0,0,0,0,0,1,4.1798,3.7962,4,1,0,1,1,1,1,5,1,0.81,1,http://account-security-update.cf/login,1
67,23,9,27,2,2,0,1,1,5,0,0,0.0,0.806,0,0,0,0,0,0,4.1984,3.4642,1,1,0,0,0,0,0,0,0,0.0,0,http://suspicious-site.monster/redirect?url=http://victim-login.com,1
46,8,30,0,2,0,0,0,0,5,0,0,0.0,0.8261,0,1,0,0,0,0,4.1271,3.0,0,0,0,0,0,0,0,0,0,0.26,0,https://bing.com/download/latest/installer.exe,0
69,13,18,30,3,0,0,1,1,4,0,18,0.2609,0.5942,1,0,0,2,0,0,4.8616,2.6612,3,0,0,0,0,0,0,0,0,0.0,0,http://140.115.25.64/auth/verification?token=53xxdeg3wa7593bhmvhtneg8,1
46,13,26,0,2,1,0,0,0,6,0,0,0.0,0.7609,0,0,0,0,0,0,4.0338,3.0851,3,1,1,1,1,1,1,4,1,0.88,1,http://auth-check.tk/https://paypal.com/signin,1
42,30,5,0,1,3,0,0,0,3,0,0,0.0,0.8095,0,0,0,0,0,1,4.2462,4.0729,3,1,0,0,0,0,0,0,0,0.0,0,http://banking-portal-secure-entry.cf/auth,1
52,37,8,0,1,3,0,0,0,3,0,0,0.0,0.8462,0,0,0,0,0,1,4.1668,3.9492,1,1,0,1,1,1,1,2,0,0.79,2,http://metamask-wallet-recovery-phrase.click/connect,1
60,12,17,23,2,0,0,1,3,4,0,5,0.0833,0.7,0,0,0,1,0,0,4.6566,3.085,0,0,0,0,0,0,0,1,0,0.18,0,http://mail.zoom.us/profile/settings?ref=nav&q=test&id=85239,0
48,14,27,0,3,2,0,0,0,4,0,11,0.2292,0.5625,1,0,0,2,0,0,4.5221,2.4677,3,0,1,1,1,1,1,12,1,0.8,0,http://188.119.49.124/secure/update-banking-info,1
46,34,5,0,1,3,0,0,0,3,0,0,0.0,0.8261,0,0,0,0,0,1,4.3004,4.0209,4,1,0,1,1,1,1,5,1,0.83,0,http://secure-wellsfargo-banking-alert.ml/auth,1
42,28,7,0,1,2,0,0,0,3,0,0,0.0,0.8333,0,0,0,0,0,1,3.976,3.709,0,1,0,0,0,0,0,0,0,0.0,0,http://immediate-action-required.tk/notice,1
50,32,11,0,1,3,0,0,0,3,0,0,0.0,0.84,0,0,0,0,0,1,4.2109,3.9917,3,1,0,1,1,0,1,3,1,0.95,2,http://unauthorized-login-detected.work/secure-now,1
50,21,22,0,2,1,0,0,0,5,0,1,0.02,0.8,0,0,0,1,0,0,4.2791,3.8802,0,0,0,0,0,0,0,0,0,0.0,0,http://api.stackoverflow.com/docs/v2/api-reference,0
30,16,6,0,2,0,0,0,0,3,0,0,0.0,0.8,0,1,0,1,0,0,4.0062,3.5,1,0,0,1,1,0,0,4,0,0.26,0,https://api.flipkart.com/login,0
53,33,13,0,1,3,0,0,0,4,0,0,0.0,0.8302,0,0,0,0,0,1,4.2895,4.0667,3,1,0,0,0,0,0,0,0,0.0,0,http://hdfc-netbanking-customer-care.icu/secure/login,1
50,32,11,0,1,3,0,0,0,3,0,0,0.0,0.84,0,0,0,0,0,1,4.2109,3.9917,3,1,0,0,0,0,0,0,0,0.0,0,http://unauthorized-login-detected.work/secure-now,1
33,19,7,0,1,1,0,0,0,3,0,1,0.0303,0.7879,0,0,0,0,0,0,4.165,3.8269,2,0,0,1,1,0,1,3,0,0.94,0,http://paypa1-security.com/webscr,1
42,28,7,0,1,3,0,0,0,3,0,0,0.0,0.8095,0,0,0,0,0,1,4.1892,3.9233,3,1,0,0,0,0,0,0,0,0.0,0,http://claim-free-crypto-airdrop.gq/wallet,1
36,15,14,0,3,0,0,0,0,4,0,12,0.3333,0.4444,1,0,0,2,0,0,4.1206,2.6389,2,0,1,0,0,0,0,0,0,0.0,0,http://168.220.100.217/netflix/login,1
44,10,7,18,1,0,0,1,1,3,0,0,0.0,0.8182,0,1,0,0,0,0,4.2767,2.6464,0,0,0,0,0,0,0,2,0,0.12,0,https://zomato.com/search?q=machine+learning,0
59,11,17,23,2,0,0,1,3,4,0,5,0.0847,0.6949,0,0,0,1,0,0,4.5644,2.914,0,0,0,0,0,0,0,0,0,0.0,0,http://app.zoom.us/profile/settings?ref=nav&q=test&id=63236,0
71,15,25,23,2,0,0,1,3,5,0,5,0.0704,0.7324,0,0,0,1,0,0,4.6621,3.2402,1,0,0,0,0,0,0,0,0,0.0,0,http://support.bbc.com/user/dashboard/analytics?ref=nav&q=test&id=61091,0
50,37,6,0,2,2,0,0,0,3,0,0,0.0,0.84,0,0,0,1,0,1,4.3284,3.9662,4,1,1,1,1,1,1,11,0,0.92,2,http://wellsfargo.banking-access-service.cam/login,1
43,10,25,0,1,0,0,0,0,5,0,0,0.0,0.8372,0,1,0,0,0,0,4.1383,2.9219,0,0,0,0,0,0,0,0,0,0.0,0,https://docker.com/user/dashboard/analytics,0
43,31,5,0,1,3,0,0,0,3,0,0,0.0,0.814,0,0,0,0,0,1,4.2313,4.0582,3,1,0,0,0,0,0,0,0,0.0,0,http://banking-portal-secure-entry.cam/auth,1
53,38,7,0,4,1,0,0,0,3,0,0,0.0,0.8302,0,1,0,3,1,0,4.2987,3.9977,3,1,1,1,1,1,0,12,1,0.8,2,https://appleid.apple.com.account-recovery.sbs/verify,1
72,18,22,23,2,1,0,1,3,5,0,6,0.0833,0.7083,0,1,0,1,0,0,4.7006,3.5033,0,0,0,0,0,0,0,1,0,0.16,0,https://mail.wikipedia.org/docs/v2/api-reference?ref=nav&q=test&id=74215,0
71,31,5,27,1,3,0,1,1,3,0,9,0.1268,0.7324,0,0,0,0,0,1,4.8253,4.0424,1,1,0,0,0,0,0,0,0,0.0,0,http://google-drive-shared-document.cf/view?id=yy9mmwcw980k977el02icmxp,1
31,17,6,0,2,0,0,0,0,3,0,0,0.0,0.8065,0,1,0,1,0,0,3.9134,3.3372,2,0,0,0,0,0,0,0,0,0.0,0,https://app.microsoft.com/login,0
47,35,5,0,1,3,0,0,0,3,0,0,0.0,0.8298,0,0,0,0,0,1,4.4265,4.1859,4,1,0,0,0,0,0,0,0,0.0,0,http://secure-wellsfargo-banking-alert.xyz/auth,1
51,37,7,0,1,3,0,0,0,3,0,0,0.0,0.8431,0,0,0,0,0,1,4.312,3.905,3,1,0,1,1,1,1,4,1,0.75,2,http://coinbase-account-suspended-notice.xyz/verify,1
31,17,6,0,2,0,0,0,0,3,0,1,0.0323,0.7742,0,1,0,1,0,0,3.8087,2.9842,1,0,0,1,1,0,0,2,0,0.19,0,https://www.w3schools.com/login,0
52,37,7,0,4,1,0,0,0,3,0,0,0.0,0.8269,0,1,0,3,1,0,4.2437,3.8509,3,1,1,1,1,1,0,12,0,0.87,1,https://appleid.apple.com.account-recovery.ml/verify,1
54,16,30,0,3,0,0,0,0,5,0,0,0.0,0.8333,0,1,0,1,0,0,4.1511,3.3278,0,0,0,0,0,0,0,0,0,0.21,0,https://docs.youtube.com/download/latest/installer.exe,0
54,19,28,0,2,2,0,0,0,4,0,0,0.0,0.8333,0,0,0,1,0,0,3.9582,3.5111,1,0,0,0,0,0,0,4,0,0.18,0,http://support.walmart.com/help-center/contact-support,0
39,14,18,0,4,0,0,0,0,4,0,11,0.2821,0.4872,1,0,0,2,0,0,3.9746,2.5027,2,0,1,1,1,0,1,3,0,0.73,0,http://27.176.200.210/paypal/signin.php,1
51,15,28,0,2,2,0,0,0,4,0,0,0.0,0.8235,0,1,0,1,0,0,3.9954,3.1899,1,0,0,0,0,0,0,0,0,0.0,0,https://docs.reddit.com/help-center/contact-support,0
50,21,7,14,3,1,0,1,1,3,0,0,0.0,0.78,0,0,0,2,0,0,4.6182,3.6897,4,1,1,0,0,0,0,0,0,0.0,0,http://login.paypal.com.buzz/webscr?cmd=_login-run,1
71,12,30,21,1,0,0,1,2,5,0,1,0.0141,0.8169,0,0,0,0,0,0,4.3485,3.0221,0,0,0,0,0,0,0,0,0,0.07,0,http://facebook.com/products/category/electronics?page=2&sort=price_asc,0
45,13,25,0,4,0,0,0,0,5,0,10,0.2222,0.5556,1,0,0,2,0,0,4.4112,3.027,2,0,1,0,0,0,0,0,0,0.0,0,http://156.87.183.42/signin/paypal/index.html,1
51,22,7,14,3,1,0,1,1,3,0,0,0.0,0.7843,0,0,0,2,0,0,4.5324,3.4474,4,1,1,1,1,0,1,2,1,0.83,2,http://login.paypal.com.click/webscr?cmd=_login-run,1
33,12,14,0,3,0,0,0,0,4,0,9,0.2727,0.4848,1,0,0,2,0,0,4.1502,2.6887,2,0,1,0,0,0,0,0,0,0.0,0,http://18.100.252.4/netflix/login,1
62,18,9,27,2,2,0,1,1,5,0,0,0.0,0.7903,0,0,0,0,0,0,4.2657,3.3502,1,1,0,1,1,1,1,5,1,0.73,0,http://suspicious-site.ga/redirect?url=http://victim-login.com,1
21,13,1,0,2,0,0,0,0,3,0,0,0.0,0.7143,0,0,0,1,0,0,3.4992,3.027,1,0,0,0,0,0,0,0,0,0.0,0,http://api.apple.com/,0
38,13,18,0,4,0,0,0,0,4,0,10,0.2632,0.5,1,0,0,2,0,0,4.1003,2.8731,2,0,1,1,1,1,1,11,1,0.86,1,http://164.19.68.252/paypal/signin.php,1
86,14,40,23,2,1,0,1,3,6,0,11,0.1279,0.686,0,1,0,1,0,0,4.9152,2.9852,0,0,0,0,0,0,0,0,0,0.0,0,https://www.medium.com/article/2026/08/technology-breakthrough?ref=nav&q=test&id=61982,0
48,13,28,0,1,2,0,0,0,4,0,0,0.0,0.8333,0,0,0,0,0,0,4.0425,2.9689,1,0,0,0,0,0,0,1,0,0.2,0,http://icicibank.com/help-center/contact-support,0
60,17,36,0,1,3,0,0,0,5,0,8,0.1333,0.7,0,0,0,0,0,0,4.4444,2.8666,0,0,0,0,0,0,0,2,0,0.25,0,http://geeksforgeeks.org/questions/12345678/how-to-fix-error,0
30,17,6,0,1,3,0,0,0,3,0,0,0.0,0.7333,0,0,1,0,0,1,4.2566,3.4548,0,0,0,0,0,0,0,0,0,0.0,0,http://xn--gogle-qqa.com/drive,1
16,9,0,0,1,0,0,0,0,2,0,0,0.0,0.75,0,0,0,0,0,0,3.625,2.9477,0,0,0,0,0,0,0,1,0,0.18,0,http://adobe.com,0
45,15,22,0,2,1,0,0,0,5,0,1,0.0222,0.7778,0,1,0,1,0,0,4.2334,3.6402,1,0,0,0,0,0,0,0,0,0.0,0,https://dev.netflix.com/docs/v2/api-reference,0
40,27,6,0,1,2,0,0,0,3,0,0,0.0,0.825,0,0,0,0,0,1,4.1751,3.7821,4,1,0,0,0,0,0,0,0,0.0,0,http://account-security-update.cam/login,1
60,17,36,0,2,3,0,0,0,5,0,8,0.1333,0.6833,0,0,0,1,0,0,4.5362,3.3816,1,0,0,0,0,0,0,0,0,0.0,0,http://support.yahoo.com/questions/12345678/how-to-fix-error,0
22,8,7,0,1,0,0,0,0,3,0,0,0.0,0.7727,0,0,0,0,0,0,3.9706,3.0,1,0,0,0,0,0,0,0,0,0.0,0,http://ebay.com/signin,0
52,30,15,0,1,3,0,0,0,3,0,0,0.0,0.8462,0,0,0,0,0,1,4.2362,3.8947,2,1,0,1,1,1,1,4,1,0.88,2,http://instagram-copyright-appeal.cam/verify-account,1
46,18,6,13,2,0,0,1,1,3,0,2,0.0435,0.7826,0,1,0,1,0,0,4.4664,3.3921,2,0,0,0,0,0,0,0,0,0.0,0,https://support.paypal.com/watch?v=dQw4w9WgXcQ,0
60,22,6,23,2,0,0,1,3,3,0,5,0.0833,0.7167,0,1,0,1,0,0,4.6855,3.6292,1,0,0,0,0,0,0,0,0,0.0,0,https://docs.bankofamerica.com/login?ref=nav&q=test&id=99868,0
87,15,40,23,2,1,0,1,3,6,0,11,0.1264,0.6897,0,1,0,1,0,0,4.8826,3.2402,0,0,0,0,0,0,0,3,0,0.28,0,https://blog.gitlab.com/article/2026/08/technology-breakthrough?ref=nav&q=test&id=63915,0
62,18,36,0,2,3,0,0,0,5,0,8,0.129,0.6935,0,1,0,1,0,0,4.6462,3.4613,0,0,0,0,0,0,0,4,0,0.17,0,https://dev.salesforce.com/questions/12345678/how-to-fix-error,0
40,26,7,0,1,2,0,0,0,3,0,1,0.025,0.8,0,0,0,0,0,1,4.2842,4.1329,3,0,0,1,1,1,1,4,1,0.7,2,http://netfl1x-billing-update.com/signin,1
32,18,6,0,2,0,0,0,0,3,0,0,0.0,0.8125,0,1,0,1,0,0,4.0306,3.5033,1,0,0,1,1,0,0,3,0,0.3,0,https://api.aliexpress.com/login,0
61,17,36,0,2,3,0,0,0,5,0,8,0.1311,0.6885,0,1,0,1,0,0,4.527,3.3372,1,0,0,0,0,0,0,3,0,0.3,0,https://api.microsoft.com/questions/12345678/how-to-fix-error,0
48,34,7,0,1,3,0,0,0,3,0,0,0.0,0.8333,0,0,0,0,0,1,4.33,4.0575,2,1,0,0,0,0,0,0,0,0.0,0,http://customer-support-helpdesk-agent.cf/verify,1
23,14,1,0,2,0,0,0,0,3,0,0,0.0,0.7391,0,1,0,1,0,0,3.7951,3.0931,0,0,0,0,0,0,0,0,0,0.0,0,https://dev.docker.com/,0
49,20,7,14,3,1,0,1,1,3,0,0,0.0,0.7755,0,0,0,2,0,0,4.5019,3.4087,4,1,1,1,1,1,1,5,1,0.8,0,http://login.paypal.com.top/webscr?cmd=_login-run,1
34,20,7,0,1,3,0,0,0,3,0,1,0.0294,0.7353,0,0,1,0,0,1,4.1163,3.6464,1,0,0,1,1,1,1,2,1,0.7,2,http://xn--mcrosoft-p1a.com/update,1
32,17,7,0,1,0,0,0,0,3,0,0,0.0,0.8438,0,1,0,0,0,0,4.2181,3.6901,1,0,0,1,1,0,0,3,0,0.3,0,https://stackoverflow.com/signin,0
55,38,10,0,1,3,0,0,0,4,0,0,0.0,0.8364,0,0,0,0,0,1,4.1106,3.9156,2,1,0,1,1,1,1,6,1,0.77,1,http://amazon-unusual-activity-signin.monster/ap/signin,1
48,14,7,18,2,0,0,1,1,3,0,0,0.0,0.8125,0,1,0,1,0,0,4.3895,3.0931,0,0,0,0,0,0,0,0,0,0.0,0,https://dev.docker.com/search?q=machine+learning,0
64,12,6,37,2,0,0,2,4,3,0,7,0.1094,0.6719,0,1,0,1,0,0,4.8221,3.0221,0,0,0,0,0,0,0,0,0,0.0,0,https://www.bing.com/watch?v=dQw4w9WgXcQ?ref=nav&q=test&id=41450,0
41,10,0,23,2,0,0,1,3,2,0,5,0.122,0.6098,0,0,0,1,0,0,4.473,2.9219,0,0,0,0,0,0,0,0,0,0.0,0,http://dev.gov.in?ref=nav&q=test&id=82748,0
44,12,25,0,4,0,0,0,0,5,0,9,0.2045,0.5682,1,0,0,2,0,0,4.2916,2.6258,2,0,1,1,1,1,1,2,1,0.82,0,http://151.65.13.98/signin/paypal/index.html,1
44,30,7,0,1,3,0,0,0,3,0,0,0.0,0.8182,0,0,0,0,0,1,4.1209,3.8696,3,1,0,0,0,0,0,0,0,0.0,0,http://claim-free-crypto-airdrop.work/wallet,1
61,17,36,0,2,3,0,0,0,5,0,8,0.1311,0.6885,0,1,0,1,0,0,4.517,3.4548,0,0,0,0,0,0,0,0,0,0.23,0,https://app.pinterest.com/questions/12345678/how-to-fix-error,0
50,17,25,0,2,0,0,0,0,5,0,0,0.0,0.84,0,1,0,1,0,0,4.1991,3.7345,0,0,0,0,0,0,0,2,0,0.12,0,https://dev.instagram.com/user/dashboard/analytics,0
49,18,23,0,2,1,0,0,0,4,0,0,0.0,0.8367,0,1,0,1,0,0,4.2121,3.3083,0,0,0,0,0,0,0,0,0,0.0,0,https://blog.icicibank.com/explore/popular-topics,0
69,13,18,30,3,0,0,1,1,4,0,14,0.2029,0.6522,1,0,0,2,0,0,4.8767,2.6612,3,0,0,0,0,0,0,0,0,0.0,0,http://105.91.252.17/auth/verification?token=qcel7hhg8psq0khkjzfug9wz,1
50,14,28,0,2,2,0,0,0,4,0,0,0.0,0.82,0,1,0,1,0,0,4.1664,3.3788,1,0,0,0,0,0,0,0,0,0.0,0,https://dev.kaggle.com/help-center/contact-support,0
46,15,23,0,2,1,0,0,0,4,0,0,0.0,0.8261,0,1,0,1,0,0,4.0937,3.6402,1,0,0,0,0,0,0,0,0,0.3,0,https://api.netflix.com/explore/popular-topics,0
42,28,7,0,1,3,0,0,0,3,0,0,0.0,0.8095,0,0,0,0,0,1,4.1892,3.9233,3,1,0,1,1,1,1,7,0,0.78,0,http://claim-free-crypto-airdrop.gq/wallet,1
38,8,22,0,1,1,0,0,0,5,0,1,0.0263,0.7632,0,1,0,0,0,0,4.2383,3.0,0,0,0,0,0,0,0,4,0,0.05,0,https://bing.com/docs/v2/api-reference,0
24,15,1,0,2,0,0,0,0,3,0,0,0.0,0.75,0,1,0,1,0,0,3.9702,3.3736,0,0,0,0,0,0,0,3,0,0.19,0,https://mail.docker.com/,0
54,33,14,0,2,2,0,0,0,4,0,0,0.0,0.8333,0,0,0,1,0,1,4.3309,4.0408,5,1,0,1,1,0,1,4,0,0.89,0,http://secure.netflix-payment-update.sbs/account/login,1
50,36,7,0,1,3,0,0,0,3,0,0,0.0,0.84,0,0,0,0,0,1,4.3591,4.0441,2,1,0,0,0,0,0,0,0,0.0,0,http://customer-support-helpdesk-agent.work/verify,1
57,12,38,0,1,1,0,0,0,6,0,0,0.0,0.8421,0,0,0,0,0,0,4.0765,3.585,0,0,0,0,0,0,0,0,0,0.0,0,http://flipkart.com/repos/organization/repo-name/releases,0
44,32,5,0,1,3,0,0,0,3,0,0,0.0,0.8182,0,0,0,0,0,1,4.2462,4.0542,3,1,0,1,1,1,1,9,1,0.81,1,http://banking-portal-secure-entry.work/auth,1
45,13,1,23,2,0,0,1,3,3,0,5,0.1111,0.6222,0,0,0,1,0,0,4.6248,3.2389,0,0,0,0,0,0,0,0,0,0.08,0,http://api.adobe.com/?ref=nav&q=test&id=89631,0
39,26,6,0,1,2,0,0,0,3,0,0,0.0,0.8205,0,0,0,0,0,1,4.1798,3.7962,4,1,0,0,0,0,0,0,0,0.0,0,http://account-security-update.cf/login,1
52,14,30,0,3,0,0,0,0,5,0,0,0.0,0.8269,0,1,0,1,0,0,4.064,2.8963,1,0,0,0,0,0,0,1,0,0.33,0,https://www.amazon.com/download/latest/installer.exe,0
48,34,7,0,1,3,0,0,0,3,0,0,0.0,0.8333,0,0,0,0,0,1,4.33,3.9987,2,1,0,1,1,1,1,4,0,0.76,2,http://customer-support-helpdesk-agent.ga/verify,1
40,26,7,0,1,2,0,0,0,3,0,0,0.0,0.825,0,0,0,0,0,1,4.3587,4.056,4,1,0,1,1,0,1,11,0,0.82,1,http://paypal-account-verify.buzz/signin,1
33,19,7,0,1,1,0,0,0,3,0,1,0.0303,0.7879,0,0,0,0,0,0,4.165,3.8269,2,0,0,0,0,0,0,0,0,0.0,0,http://paypa1-security.com/webscr,1
105,21,30,45,2,0,0,2,5,5,0,6,0.0571,0.7619,0,1,0,1,0,0,4.5759,3.2135,0,0,0,0,0,0,0,0,0,0.0,0,https://app.geeksforgeeks.org/products/category/electronics?page=2&sort=price_asc?ref=nav&q=test&id=36408,0
49,15,7,18,2,0,0,1,1,3,0,0,0.0,0.8163,0,1,0,1,0,0,4.354,3.1899,0,0,0,0,0,0,0,0,0,0.0,0,https://blog.kaggle.com/search?q=machine+learning,0
68,12,25,23,2,2,0,1,3,4,0,5,0.0735,0.7059,0,0,0,1,0,0,4.7199,3.2516,0,0,0,0,0,0,0,0,0,0.0,0,http://app.bing.com/about-us/leadership-team?ref=nav&q=test&id=25201,0
48,30,11,0,1,3,0,0,0,3,0,0,0.0,0.8333,0,0,0,0,0,1,4.1777,3.8817,3,1,0,0,0,0,0,0,0,0.0,0,http://unauthorized-login-detected.tk/secure-now,1
69,13,18,30,3,0,0,1,1,4,0,19,0.2754,0.5797,1,0,0,2,0,0,4.7138,2.4116,3,0,0,0,0,0,0,0,0,0.0,0,http://89.155.58.215/auth/verification?token=dk278vo5q9zsvcsorfi8973s,1
66,14,6,37,2,0,0,2,4,3,0,7,0.1061,0.6818,0,1,0,1,0,0,4.8982,3.3788,0,0,0,0,0,0,0,0,0,0.3,0,https://docs.arxiv.org/watch?v=dQw4w9WgXcQ?ref=nav&q=test&id=50328,0
48,30,11,0,1,3,0,0,0,3,0,0,0.0,0.8333,0,0,0,0,0,1,4.1756,3.8566,3,1,0,1,1,1,1,11,1,0.88,0,http://unauthorized-login-detected.ga/secure-now,1
49,31,11,0,1,3,0,0,0,4,0,3,0.0612,0.7551,0,0,0,0,0,1,4.449,4.1069,4,1,0,1,1,1,1,9,1,0.66,1,http://microsoft-365-password-reset.gq/auth/login,1
76,18,7,42,2,0,0,2,4,3,0,5,0.0658,0.7368,0,1,0,1,0,0,4.6986,3.4194,0,0,0,0,0,0,0,0,0,0.0,0,https://www.huggingface.co/search?q=machine+learning?ref=nav&q=test&id=64233,0
62,16,38,0,2,1,0,0,0,6,0,0,0.0,0.8387,0,1,0,1,0,0,4.1455,3.25,0,0,0,0,0,0,0,0,0,0.0,0,https://blog.dropbox.com/repos/organization/repo-name/releases,0
47,14,26,0,2,1,0,0,0,6,0,0,0.0,0.766,0,0,0,0,0,0,4.0414,3.182,3,1,1,1,1,1,1,12,1,0.66,2,http://auth-check.cam/https://paypal.com/signin,1
50,36,7,0,1,3,0,0,0,3,0,0,0.0,0.84,0,0,0,0,0,1,4.184,3.729,3,1,0,1,1,1,1,12,1,0.72,2,http://coinbase-account-suspended-notice.cf/verify,1
48,11,6,23,1,0,0,1,3,3,0,5,0.1042,0.6667,0,0,0,0,0,0,4.6969,3.2776,1,0,0,1,1,0,0,3,0,0.1,0,http://spotify.com/login?ref=nav&q=test&id=98304,0
42,12,22,0,2,1,0,0,0,5,0,1,0.0238,0.7619,0,1,0,1,0,0,4.2884,3.2516,0,0,0,0,0,0,0,1,0,0.17,0,https://mail.nih.gov/docs/v2/api-reference,0
53,18,28,0,2,2,0,0,0,4,0,0,0.0,0.8302,0,0,0,1,0,0,3.9448,3.3921,1,0,0,0,0,0,0,0,0,0.0,0,http://app.salesforce.com/help-center/contact-support,0
44,12,25,0,2,0,0,0,0,5,0,0,0.0,0.8182,0,0,0,1,0,0,4.127,3.2516,0,0,0,0,0,0,0,4,0,0.25,0,http://api.ebay.com/user/dashboard/analytics,0
87,15,40,23,2,1,0,1,3,6,0,11,0.1264,0.6897,0,1,0,1,0,0,4.8796,3.0566,1,0,0,0,0,0,0,2,0,0.12,0,https://support.zoom.us/article/2026/08/technology-breakthrough?ref=nav&q=test&id=93243,0
60,16,36,0,2,3,0,0,0,5,0,8,0.1333,0.6833,0,1,0,1,0,0,4.4896,3.3278,0,0,0,0,0,0,0,0,0,0.0,0,https://docs.twitter.com/questions/12345678/how-to-fix-error,0
53,24,22,0,1,3,0,0,0,4,0,0,0.0,0.8302,0,0,0,0,0,1,4.1631,3.8035,4,1,0,0,0,0,0,0,0,0.0,0,http://chase-security-alert.fun/auth/confirm-identity,1
57,19,30,0,3,0,0,0,0,5,0,0,0.0,0.8421,0,1,0,1,0,0,4.2065,3.5111,0,0,0,0,0,0,0,2,0,0.3,0,https://blog.huggingface.co/download/latest/installer.exe,0
65,17,40,0,2,1,0,0,0,6,0,6,0.0923,0.7538,0,1,0,1,0,0,4.4717,3.3372,1,0,0,0,0,0,0,0,0,0.0,0,https://api.microsoft.com/article/2026/08/technology-breakthrough,0
53,32,14,0,2,2,0,0,0,4,0,0,0.0,0.8302,0,0,0,1,0,1,4.3291,4.1136,5,1,0,1,1,1,1,6,1,0.81,0,http://secure.netflix-payment-update.gq/account/login,1
30,17,6,0,1,3,0,0,0,3,0,0,0.0,0.7333,0,0,1,0,0,1,4.0314,3.4548,1,0,0,1,1,1,1,9,0,0.84,1,http://xn--paypl-qqa.com/login,1
47,13,27,0,3,2,0,0,0,4,0,10,0.2128,0.5745,1,0,0,2,0,0,4.6658,2.9689,3,0,1,1,1,1,1,9,0,0.87,0,http://64.32.175.118/secure/update-banking-info,1
54,19,28,0,2,2,0,0,0,4,0,0,0.0,0.8333,0,0,0,1,0,0,4.1431,3.8269,1,0,0,0,0,0,0,4,0,0.25,0,http://dev.theguardian.com/help-center/contact-support,0
63,18,38,0,2,1,0,0,0,6,0,0,0.0,0.8413,0,0,0,1,0,0,4.1556,3.3083,0,0,0,0,0,0,0,1,0,0.1,0,http://blog.icicibank.com/repos/organization/repo-name/releases,0
34,20,7,0,1,3,0,0,0,3,0,1,0.0294,0.7353,0,0,1,0,0,1,4.1163,3.6464,1,0,0,1,1,1,1,11,1,0.91,1,http://xn--mcrosoft-p1a.com/update,1
85,17,36,23,2,3,0,1,3,5,0,13,0.1529,0.6471,0,1,0,1,0,0,4.7779,3.3816,1,0,0,0,0,0,0,1,0,0.05,0,https://support.twitch.tv/questions/12345678/how-to-fix-error?ref=nav&q=test&id=67159,0
31,14,10,0,4,0,0,0,0,3,0,11,0.3548,0.3871,1,0,0,2,0,0,3.9378,2.7534,1,0,0,0,0,0,0,0,0,0.0,0,http://197.211.53.190/login.php,1
48,14,27,0,3,2,0,0,0,4,0,11,0.2292,0.5625,1,0,0,2,0,0,4.4885,2.3527,3,0,1,1,1,1,1,2,1,0.88,1,http://129.215.161.15/secure/update-banking-info,1
44,14,22,0,2,1,0,0,0,5,0,1,0.0227,0.7727,0,1,0,1,0,0,4.1896,3.0391,1,0,0,0,0,0,0,0,0,0.0,0,https://dev.google.com/docs/v2/api-reference,0
50,36,7,0,1,3,0,0,0,3,0,0,0.0,0.84,0,0,0,0,0,1,4.2962,3.8292,3,1,0,1,1,0,1,8,0,0.81,1,http://coinbase-account-suspended-notice.ml/verify,1
45,30,8,0,1,3,0,0,0,3,0,0,0.0,0.8222,0,0,0,0,0,1,4.2275,3.9232,2,1,0,0,0,0,0,0,0,0.0,0,http://verify-your-identity-now.click/confirm,1
33,18,7,0,2,0,0,0,0,3,0,0,0.0,0.8182,0,1,0,1,0,0,3.9226,3.4194,1,0,0,0,0,0,0,0,0,0.0,0,https://www.huggingface.co/signin,0
52,14,6,23,2,0,0,1,3,3,0,5,0.0962,0.6731,0,1,0,1,0,0,4.6569,2.9852,2,0,0,1,1,0,0,3,0,0.05,0,https://api.paypal.com/login?ref=nav&q=test&id=16491,0
64,11,22,22,2,1,0,1,3,5,0,5,0.0781,0.6875,0,1,0,1,0,0,4.5776,2.914,0,0,0,0,0,0,0,0,0,0.0,0,https://dev.bbc.com/docs/v2/api-reference?ref=nav&q=test&id=9589,0
63,16,40,0,2,1,0,0,0,6,0,6,0.0952,0.746,0,0,0,1,0,0,4.495,3.375,0,0,0,0,0,0,0,1,0,0.19,0,http://docs.nytimes.com/article/2026/08/technology-breakthrough,0
56,18,6,23,2,0,0,1,3,3,0,5,0.0893,0.6964,0,1,0,1,0,0,4.6825,3.3921,3,0,0,1,1,0,0,2,0,0.27,0,https://support.paypal.com/login?ref=nav&q=test&id=56909,0
44,12,25,0,4,0,0,0,0,5,0,9,0.2045,0.5682,1,0,0,2,0,0,4.3542,2.8554,2,0,1,0,0,0,0,0,0,0.0,0,http://46.134.58.25/signin/paypal/index.html,1
26,18,0,0,2,0,0,0,0,2,0,0,0.0,0.8077,0,1,0,1,0,0,3.9501,3.7255,1,0,0,0,0,0,0,1,0,0.17,0,https://support.kaggle.com,0
72,32,5,27,1,3,0,1,1,3,0,9,0.125,0.7361,0,0,0,0,0,1,4.9129,4.0153,1,1,0,0,0,0,0,0,0,0.0,0,http://google-drive-shared-document.top/view?id=stdsxby1jia469t00fa75ry8,1
48,34,7,0,1,3,0,0,0,3,0,0,0.0,0.8333,0,0,0,0,0,1,4.33,3.9987,2,1,0,0,0,0,0,0,0,0.0,0,http://customer-support-helpdesk-agent.ga/verify,1
43,16,6,13,2,0,0,1,1,3,0,2,0.0465,0.7674,0,0,0,1,0,0,4.5829,3.875,0,0,0,0,0,0,0,0,0,0.3,0,http://dev.flipkart.com/watch?v=dQw4w9WgXcQ,0
65,22,36,0,2,3,0,0,0,5,0,8,0.1231,0.7077,0,0,0,1,0,0,4.5224,3.1747,0,0,0,0,0,0,0,4,0,0.31,0,http://docs.geeksforgeeks.org/questions/12345678/how-to-fix-error,0
48,32,9,0,1,2,0,0,0,3,0,0,0.0,0.8542,0,0,0,0,0,1,4.1948,3.8903,2,1,0,0,0,0,0,0,0,0.0,0,http://binance-kyc-verification.monster/security,1
32,18,7,0,2,0,0,0,0,3,0,1,0.0312,0.7812,0,0,0,1,0,0,3.9528,3.281,1,0,0,1,1,0,0,4,0,0.14,0,http://blog.w3schools.com/signin,0
51,17,27,0,2,1,0,0,0,7,0,0,0.0,0.7843,0,0,0,0,0,0,4.2179,3.7345,4,1,0,0,0,0,0,0,0,0.0,0,http://portal-service.ml//account/verify//login.php,1
47,34,6,0,1,3,0,0,0,3,0,0,0.0,0.8298,0,0,0,0,0,1,4.123,3.8337,2,1,0,1,1,1,1,6,1,0.82,2,http://icici-rewards-points-redemption.cf/claim,1
45,31,7,0,1,2,0,0,0,3,0,0,0.0,0.8444,0,0,0,0,0,1,4.0367,3.7811,0,1,0,0,0,0,0,0,0,0.0,0,http://immediate-action-required.click/notice,1
25,17,0,0,2,0,0,0,0,2,0,0,0.0,0.8,0,1,0,1,0,0,3.7835,3.4548,0,0,0,0,0,0,0,0,0,0.0,0,https://api.instagram.com,0
43,29,7,0,1,2,0,0,0,3,0,0,0.0,0.8372,0,0,0,0,0,1,4.2863,4.0733,4,1,0,0,0,0,0,0,0,0.0,0,http://paypal-account-verify.monster/signin,1
45,25,13,0,1,3,0,0,0,4,0,0,0.0,0.8,0,0,0,0,0,1,4.17,3.7035,2,1,0,0,0,0,0,0,0,0.0,0,http://sbi-online-banking-kyc.cf/retail/login,1
52,18,7,18,2,0,0,1,1,3,0,1,0.0192,0.8077,0,1,0,1,0,0,4.3497,3.086,0,0,0,0,0,0,0,4,0,0.25,0,https://docs.w3schools.com/search?q=machine+learning,0
45,20,17,0,2,2,0,0,0,3,0,0,0.0,0.8222,0,1,0,1,0,0,4.2248,3.8219,1,0,0,0,0,0,0,0,0,0.0,0,https://docs.theguardian.com/terms-of-service,0
54,41,6,0,4,1,0,0,0,3,0,0,0.0,0.8333,0,0,0,3,1,0,4.2094,3.9828,3,1,1,0,0,0,0,0,0,0.0,0,http://appleid.apple.com.verify-identity.monster/login,1
34,20,7,0,1,3,0,0,0,3,0,1,0.0294,0.7353,0,0,1,0,0,1,4.1163,3.6464,1,0,0,1,1,1,1,12,1,0.9,0,http://xn--mcrosoft-p1a.com/update,1
72,14,7,42,2,0,0,2,4,3,0,5,0.0694,0.7222,0,1,0,1,0,0,4.6901,3.3788,0,0,0,0,0,0,0,0,0,0.23,0,https://dev.kaggle.com/search?q=machine+learning?ref=nav&q=test&id=20577,0
83,14,38,22,2,1,0,1,3,6,0,4,0.0482,0.759,0,1,0,1,0,0,4.5948,3.182,0,0,0,0,0,0,0,2,0,0.19,0,https://www.kaggle.com/repos/organization/repo-name/releases?ref=nav&q=test&id=9585,0
47,13,27,0,3,2,0,0,0,4,0,10,0.2128,0.5745,1,0,0,2,0,0,4.5967,2.7193,3,0,1,1,1,1,1,10,1,0.93,1,http://47.81.229.178/secure/update-banking-info,1
49,34,8,0,1,3,0,0,0,3,0,0,0.0,0.8367,0,0,0,0,0,1,4.2241,3.9957,1,1,0,1,1,1,1,6,1,0.87,0,http://metamask-wallet-recovery-phrase.gq/connect,1
51,13,30,0,3,0,0,0,0,5,0,0,0.0,0.8235,0,1,0,1,0,0,3.9571,2.5654,0,0,0,0,0,0,0,0,0,0.0,0,https://www.twitch.tv/download/latest/installer.exe,0
70,18,6,37,2,0,0,2,4,3,0,7,0.1,0.7,0,1,0,1,0,0,4.9267,3.6144,1,0,0,0,0,0,0,0,0,0.0,0,https://support.github.com/watch?v=dQw4w9WgXcQ?ref=nav&q=test&id=48013,0
51,17,7,18,2,0,0,1,1,3,0,0,0.0,0.8235,0,1,0,1,0,0,4.2804,3.3372,0,0,0,0,0,0,0,0,0,0.0,0,https://mail.linkedin.com/search?q=machine+learning,0
32,15,10,0,4,0,0,0,0,3,0,12,0.375,0.375,1,0,0,2,0,0,3.8667,2.6062,1,0,0,0,0,0,0,0,0,0.0,0,http://217.118.250.125/login.php,1
43,15,6,13,2,0,0,1,1,3,0,2,0.0465,0.7674,0,1,0,1,0,0,4.3793,3.3232,0,0,0,0,0,0,0,0,0,0.0,0,https://api.twitter.com/watch?v=dQw4w9WgXcQ,0
24,17,0,0,2,0,0,0,0,2,0,0,0.0,0.7917,0,0,0,1,0,0,3.6573,3.3372,1,0,0,0,0,0,0,0,0,0.0,0,http://app.microsoft.com,0
54,15,7,23,2,0,0,1,3,3,0,5,0.0926,0.6852,0,1,0,1,0,0,4.5653,3.2402,2,0,0,0,0,0,0,0,0,0.0,0,https://support.cnn.com/signin?ref=nav&q=test&id=57989,0
58,14,36,0,2,3,0,0,0,5,0,8,0.1379,0.6724,0,1,0,1,0,0,4.7979,3.3788,0,0,0,0,0,0,0,0,0,0.0,0,https://dev.kaggle.com/questions/12345678/how-to-fix-error,0
61,17,36,0,2,3,0,0,0,5,0,8,0.1311,0.6885,0,1,0,1,0,0,4.6217,3.4548,0,0,0,0,0,0,0,0,0,0.25,0,https://app.instagram.com/questions/12345678/how-to-fix-error,0
79,19,28,23,2,2,0,1,3,4,0,5,0.0633,0.7468,0,1,0,1,0,0,4.6867,3.5369,1,0,0,0,0,0,0,1,0,0.2,0,https://blog.cloudflare.com/help-center/contact-support?ref=nav&q=test&id=62059,0
50,35,8,0,1,3,0,0,0,3,0,0,0.0,0.84,0,0,0,0,0,1,4.2162,4.0116,1,1,0,0,0,0,0,0,0,0.0,0,http://metamask-wallet-recovery-phrase.icu/connect,1
65,13,6,37,2,0,0,2,4,3,0,7,0.1077,0.6769,0,1,0,1,0,0,4.6604,3.027,0,0,0,0,0,0,0,3,0,0.19,0,https://api.twitch.tv/watch?v=dQw4w9WgXcQ?ref=nav&q=test&id=94065,0
51,18,25,0,2,0,0,0,0,5,0,0,0.0,0.8431,0,1,0,1,0,0,4.1684,3.7255,1,0,0,0,0,0,0,2,0,0.24,0,https://support.gitlab.com/user/dashboard/analytics,0
71,31,5,27,1,3,0,1,1,3,0,9,0.1268,0.7324,0,0,0,0,0,1,4.9489,4.0424,1,1,0,0,0,0,0,0,0,0.0,0,http://google-drive-shared-document.cf/view?id=8pxk7kh20d5z1ypzl2ivgu95,1
49,35,7,0,1,3,0,0,0,3,0,0,0.0,0.8367,0,0,0,0,0,1,4.2903,3.9929,5,1,0,0,0,0,0,0,0,0.0,0,http://paypal-account-security-update.work/verify,1
54,33,14,0,2,2,0,0,0,4,0,0,0.0,0.8333,0,0,0,1,0,1,4.3309,4.0408,5,1,0,1,1,1,1,11,1,0.9,1,http://secure.netflix-payment-update.sbs/account/login,1
75,17,7,42,2,0,0,2,4,3,0,5,0.0667,0.7333,0,1,0,1,0,0,4.6741,3.3372,1,0,0,0,0,0,0,0,0,0.0,0,https://app.microsoft.com/search?q=machine+learning?ref=nav&q=test&id=57184,0
42,28,7,0,1,3,0,0,0,3,0,0,0.0,0.8095,0,0,0,0,0,1,4.112,3.8249,3,1,0,0,0,0,0,0,0,0.0,0,http://claim-free-crypto-airdrop.ga/wallet,1
58,14,36,0,3,3,0,0,0,5,0,8,0.1379,0.6552,0,1,0,2,0,0,4.6322,3.1281,0,0,1,0,0,0,0,2,0,0.28,0,https://mail.sbi.co.in/questions/12345678/how-to-fix-error,0
49,18,23,0,2,1,0,0,0,4,0,0,0.0,0.8367,0,1,0,1,0,0,3.9176,3.3921,2,0,0,0,0,0,0,1,0,0.26,0,https://support.paypal.com/explore/popular-topics,0
76,36,5,27,1,3,0,1,1,3,0,3,0.0395,0.8289,0,0,0,0,0,1,4.8344,3.9512,1,1,0,1,1,1,1,5,1,0.93,2,http://google-drive-shared-document.monster/view?id=phas05n9jxqbvkfjinfzkhqe,1
30,17,6,0,1,3,0,0,0,3,0,0,0.0,0.7333,0,0,1,0,0,1,4.0314,3.4548,1,0,0,1,1,1,1,6,0,0.89,2,http://xn--paypl-qqa.com/login,1
63,19,9,27,2,2,0,1,1,5,0,0,0.0,0.7937,0,0,0,0,0,0,4.3473,3.4714,1,1,0,0,0,0,0,0,0,0.0,0,http://suspicious-site.xyz/redirect?url=http://victim-login.com,1
84,13,40,23,2,1,0,1,3,6,0,11,0.131,0.6786,0,0,0,1,0,0,4.8667,2.9312,0,0,0,0,0,0,0,1,0,0.12,0,http://docs.imdb.com/article/2026/08/technology-breakthrough?ref=nav&q=test&id=76297,0
69,13,18,30,3,0,0,1,1,4,0,17,0.2464,0.6087,1,0,0,2,0,0,4.7983,2.6612,3,0,0,1,1,1,1,2,1,0.75,2,http://216.73.79.131/auth/verification?token=guhu43ariip2hm5lwg2pi8s9,1
48,34,7,0,1,3,0,0,0,3,0,0,0.0,0.8333,0,0,0,0,0,1,4.2904,3.962,2,1,0,0,0,0,0,0,0,0.0,0,http://customer-support-helpdesk-agent.tk/verify,1
57,42,7,0,4,1,0,0,0,3,0,0,0.0,0.8421,0,1,0,3,1,0,4.2429,3.9371,3,1,1,0,0,0,0,0,0,0.0,0,https://appleid.apple.com.account-recovery.monster/verify,1
22,13,1,0,2,0,0,0,0,3,0,0,0.0,0.7273,0,1,0,1,0,0,3.4429,2.7774,1,0,0,0,0,0,0,0,0,0.0,0,https://app.apple.com/,0
39,14,17,0,2,2,0,0,0,3,0,0,0.0,0.7949,0,1,0,1,0,0,4.0704,2.7534,2,0,0,0,0,0,0,0,0,0.0,0,https://app.paypal.com/terms-of-service,0
40,26,7,0,1,2,0,0,0,3,0,1,0.025,0.8,0,0,0,0,0,1,4.2842,4.1329,3,0,0,1,1,0,1,8,1,0.87,1,http://netfl1x-billing-update.com/signin,1
48,11,6,23,2,0,0,1,3,3,0,5,0.1042,0.6458,0,0,0,1,0,0,4.6887,3.0958,1,0,0,1,1,0,0,3,0,0.3,0,http://api.zoom.us/login?ref=nav&q=test&id=24802,0
45,25,13,0,1,3,0,0,0,4,0,0,0.0,0.8,0,0,0,0,0,1,4.1532,3.7035,2,1,0,0,0,0,0,0,0,0.0,0,http://sbi-online-banking-kyc.gq/retail/login,1
36,15,14,0,3,0,0,0,0,4,0,12,0.3333,0.4444,1,0,0,2,0,0,3.9722,2.2826,2,0,1,1,1,0,1,7,1,0.87,1,http://144.144.104.165/netflix/login,1
55,34,14,0,2,2,0,0,0,4,0,0,0.0,0.8364,0,0,0,1,0,1,4.3833,4.1944,5,1,0,0,0,0,0,0,0,0.0,0,http://secure.netflix-payment-update.work/account/login,1
71,14,25,23,2,0,0,1,3,5,0,5,0.0704,0.7324,0,1,0,1,0,0,4.6463,3.3788,1,0,0,0,0,0,0,0,0,0.0,0,https://dev.paypal.com/user/dashboard/analytics?ref=nav&q=test&id=93619,0
32,15,10,0,4,0,0,0,0,3,0,12,0.375,0.375,1,0,0,2,0,0,4.0153,2.9232,1,0,0,0,0,0,0,0,0,0.0,0,http://151.174.130.236/login.php,1
49,36,6,0,4,1,0,0,0,3,0,0,0.0,0.8163,0,0,0,3,1,0,4.1792,3.9267,3,1,1,0,0,0,0,0,0,0.0,0,http://appleid.apple.com.verify-identity.tk/login,1
30,17,6,0,1,3,0,0,0,3,0,0,0.0,0.7333,0,0,1,0,0,1,4.0314,3.4548,1,0,0,1,1,1,1,6,0,0.82,2,http://xn--paypl-qqa.com/login,1
52,18,27,0,2,1,0,0,0,7,0,0,0.0,0.7885,0,0,0,0,0,0,4.2884,3.9477,4,1,0,1,1,1,1,2,1,0.87,2,http://portal-service.xyz//account/verify//login.php,1
49,21,6,13,2,0,0,1,1,3,0,2,0.0408,0.7959,0,1,0,1,0,0,4.5815,3.6538,1,0,0,0,0,0,0,0,0,0.0,0,https://support.icicibank.com/watch?v=dQw4w9WgXcQ,0
69,11,7,42,2,0,0,2,4,3,0,5,0.0725,0.7101,0,1,0,1,0,0,4.6477,2.914,0,0,0,0,0,0,0,0,0,0.31,0,https://dev.cnn.com/search?q=machine+learning?ref=nav&q=test&id=40529,0
30,13,10,0,4,0,0,0,0,3,0,10,0.3333,0.4,1,0,0,2,0,0,3.8981,2.6612,1,0,0,0,0,0,0,0,0,0.0,0,http://29.95.175.156/login.php,1
21,13,0,0,3,0,0,0,0,2,0,0,0.0,0.7143,0,1,0,2,0,0,3.5585,3.027,0,0,1,0,0,0,0,3,0,0.1,0,https://app.sbi.co.in,0
54,16,6,23,2,0,0,1,3,3,0,5,0.0926,0.6852,0,1,0,1,0,0,4.6922,3.1556,1,0,0,1,1,0,0,4,0,0.17,0,https://mail.walmart.com/login?ref=nav&q=test&id=91620,0
43,15,6,13,2,0,0,1,1,3,0,2,0.0465,0.7674,0,1,0,1,0,0,4.4144,3.3232,0,0,0,0,0,0,0,0,0,0.28,0,https://api.walmart.com/watch?v=dQw4w9WgXcQ,0
69,22,17,22,2,0,0,1,3,4,0,4,0.058,0.7536,0,0,0,1,0,0,4.6153,3.7888,0,0,0,0,0,0,0,0,0,0.0,0,http://mail.stackoverflow.com/profile/settings?ref=nav&q=test&id=6511,0
86,15,40,23,2,1,0,1,3,6,0,11,0.1279,0.686,0,0,0,1,0,0,4.8267,3.3232,0,0,0,0,0,0,0,0,0,0.0,0,http://blog.docker.com/article/2026/08/technology-breakthrough?ref=nav&q=test&id=63285,0
51,33,11,0,1,3,0,0,0,4,0,3,0.0588,0.7647,0,0,0,0,0,1,4.418,3.9912,4,1,0,0,0,0,0,0,0,0.0,0,http://microsoft-365-password-reset.work/auth/login,1
46,13,26,0,2,1,0,0,0,6,0,0,0.0,0.7609,0,0,0,0,0,0,4.1186,3.3927,3,1,1,1,1,1,1,11,1,0.66,1,http://auth-check.gq/https://paypal.com/signin,1
66,18,40,0,2,1,0,0,0,6,0,6,0.0909,0.7576,0,1,0,1,0,0,4.4489,3.7255,1,0,0,0,0,0,0,2,0,0.09,0,https://support.gitlab.com/article/2026/08/technology-breakthrough,0
50,36,7,0,1,3,0,0,0,3,0,0,0.0,0.84,0,0,0,0,0,1,4.2962,3.8292,3,1,0,1,1,1,1,12,0,0.86,0,http://coinbase-account-suspended-notice.ml/verify,1
54,39,7,0,4,1,0,0,0,3,0,0,0.0,0.8333,0,1,0,3,1,0,4.3661,4.0159,3,1,1,0,0,0,0,0,0,0.0,0,https://appleid.apple.com.account-recovery.buzz/verify,1
52,18,27,0,2,1,0,0,0,7,0,0,0.0,0.7885,0,0,0,0,0,0,4.1256,3.6144,4,1,0,0,0,0,0,0,0,0.0,0,http://portal-service.top//account/verify//login.php,1
46,34,5,0,1,3,0,0,0,3,0,0,0.0,0.8261,0,0,0,0,0,1,4.2326,3.9398,4,1,0,1,1,1,1,9,0,0.88,0,http://secure-wellsfargo-banking-alert.ga/auth,1
54,15,7,23,2,0,0,1,3,3,0,5,0.0926,0.6852,0,1,0,1,0,0,4.708,3.2402,2,0,0,1,1,0,0,3,0,0.18,0,https://docs.paypal.com/signin?ref=nav&q=test&id=27983,0
61,9,6,37,1,0,0,2,4,3,0,7,0.1148,0.6721,0,1,0,0,0,0,4.7358,2.9477,1,0,0,0,0,0,0,0,0,0.28,0,https://chase.com/watch?v=dQw4w9WgXcQ?ref=nav&q=test&id=14116,0
68,12,25,23,2,2,0,1,3,4,0,5,0.0735,0.7059,0,0,0,1,0,0,4.6977,3.085,0,0,0,0,0,0,0,1,0,0.13,0,http://api.imdb.com/about-us/leadership-team?ref=nav&q=test&id=48960,0
30,13,10,0,4,0,0,0,0,3,0,10,0.3333,0.4,1,0,0,2,0,0,3.8981,2.6612,1,0,0,1,1,1,1,3,1,0.85,1,http://106.146.56.58/login.php,1
70,16,22,23,2,1,0,1,3,5,0,6,0.0857,0.7,0,1,0,1,0,0,4.611,3.2028,0,0,0,0,0,0,0,0,0,0.0,0,https://app.facebook.com/docs/v2/api-reference?ref=nav&q=test&id=48249,0
30,17,6,0,1,3,0,0,0,3,0,0,0.0,0.7333,0,0,1,0,0,1,4.0314,3.4548,1,0,0,0,0,0,0,0,0,0.0,0,http://xn--paypl-qqa.com/login,1
48,15,25,0,2,2,0,0,0,4,0,0,0.0,0.8125,0,1,0,1,0,0,4.1628,3.0062,0,0,0,0,0,0,0,0,0,0.0,0,https://docs.docker.com/about-us/leadership-team,0
50,33,10,0,1,3,0,0,0,4,0,0,0.0,0.82,0,0,0,0,0,1,4.026,3.7865,2,1,0,1,1,1,1,9,0,0.76,2,http://amazon-unusual-activity-signin.ml/ap/signin,1
49,31,11,0,1,3,0,0,0,4,0,3,0.0612,0.7551,0,0,0,0,0,1,4.4082,4.0424,4,1,0,0,0,0,0,0,0,0.0,0,http://microsoft-365-password-reset.ml/auth/login,1
35,14,14,0,3,0,0,0,0,4,0,11,0.3143,0.4571,1,0,0,2,0,0,4.1503,2.6995,2,0,1,0,0,0,0,0,0,0.0,0,http://179.128.196.68/netflix/login,1
37,12,17,0,2,0,0,0,0,4,0,0,0.0,0.8108,0,1,0,1,0,0,4.0876,3.085,0,0,0,0,0,0,0,0,0,0.0,0,https://app.ebay.com/profile/settings,0
73,13,28,23,2,2,0,1,3,4,0,5,0.0685,0.726,0,1,0,1,0,0,4.5935,3.3927,1,0,0,0,0,0,0,0,0,0.0,0,https://dev.quora.com/help-center/contact-support?ref=nav&q=test&id=61608,0
40,26,7,0,1,2,0,0,0,3,0,1,0.025,0.8,0,0,0,0,0,1,4.2842,4.1329,3,0,0,1,1,1,1,4,1,0.84,1,http://netfl1x-billing-update.com/signin,1
68,15,22,23,2,1,0,1,3,5,0,6,0.0882,0.6912,0,0,0,1,0,0,4.5905,3.0566,0,0,0,0,0,0,0,2,0,0.33,0,http://docs.medium.com/docs/v2/api-reference?ref=nav&q=test&id=45121,0
43,29,7,0,1,2,0,0,0,3,0,0,0.0,0.8372,0,0,0,0,0,1,3.9414,3.6335,0,1,0,0,0,0,0,0,0,0.0,0,http://immediate-action-required.cam/notice,1
52,32,13,0,1,3,0,0,0,4,0,0,0.0,0.8269,0,0,0,0,0,1,4.3018,4.0695,3,1,0,1,1,0,1,8,1,0.87,1,http://hdfc-netbanking-customer-care.tk/secure/login,1
84,14,38,23,1,1,0,1,3,6,0,5,0.0595,0.7619,0,1,0,0,0,0,4.5696,3.3249,0,0,0,0,0,0,0,2,0,0.1,0,https://huggingface.co/repos/organization/repo-name/releases?ref=nav&q=test&id=64885,0
29,12,10,0,4,0,0,0,0,3,0,9,0.3103,0.4138,1,0,0,2,0,0,3.9094,2.6887,1,0,0,0,0,0,0,0,0,0.0,0,http://39.86.137.98/login.php,1
26,11,7,0,2,0,0,0,0,3,0,0,0.0,0.7692,0,1,0,1,0,0,3.7672,3.0958,1,0,0,0,0,0,0,0,0,0.0,0,https://api.zoom.us/signin,0
63,19,9,27,2,2,0,1,1,5,0,0,0.0,0.7937,0,0,0,0,0,0,4.2463,3.3661,1,1,0,0,0,0,0,0,0,0.0,0,http://suspicious-site.cam/redirect?url=http://victim-login.com,1
37,13,17,0,2,2,0,0,0,3,0,0,0.0,0.7838,0,0,0,1,0,0,4.1549,3.027,1,0,0,0,0,0,0,0,0,0.0,0,http://mail.imdb.com/terms-of-service,0
75,16,30,21,2,0,0,1,2,5,0,1,0.0133,0.8133,0,0,0,1,0,0,4.4432,3.625,0,0,0,0,0,0,0,0,0,0.11,0,http://api.hdfcbank.com/products/category/electronics?page=2&sort=price_asc,0
49,36,6,0,2,2,0,0,0,3,0,0,0.0,0.8367,0,0,0,1,0,1,4.3386,3.9959,4,1,1,0,0,0,0,0,0,0.0,0,http://wellsfargo.banking-access-service.ml/login,1
73,16,25,23,2,0,0,1,3,5,0,5,0.0685,0.7397,0,1,0,1,0,0,4.6862,3.625,0,0,0,0,0,0,0,2,0,0.08,0,https://api.hdfcbank.com/user/dashboard/analytics?ref=nav&q=test&id=63876,0
47,13,27,0,3,2,0,0,0,4,0,10,0.2128,0.5745,1,0,0,2,0,0,4.5967,2.7193,3,0,1,1,1,1,1,11,0,0.76,0,http://69.102.72.176/secure/update-banking-info,1
36,14,15,0,3,0,0,0,0,4,0,11,0.3056,0.4722,1,0,0,2,0,0,4.2947,2.9852,1,0,1,0,0,0,0,0,0,0.0,0,http://46.105.171.230/banking/online,1
54,25,22,0,1,3,0,0,0,4,0,0,0.0,0.8333,0,0,0,0,0,1,4.2701,3.8137,4,1,0,1,1,1,1,7,0,0.73,0,http://chase-security-alert.buzz/auth/confirm-identity,1
43,11,0,23,2,0,0,1,3,2,0,5,0.1163,0.6279,0,1,0,1,0,0,4.5364,2.914,0,0,0,0,0,0,0,0,0,0.0,0,https://dev.cnn.com?ref=nav&q=test&id=43873,0
53,39,7,0,1,3,0,0,0,3,0,0,0.0,0.8491,0,0,0,0,0,1,4.2536,3.7847,3,1,0,0,0,0,0,0,0,0.0,0,http://coinbase-account-suspended-notice.click/verify,1
48,14,7,18,2,0,0,1,1,3,0,0,0.0,0.8125,0,1,0,1,0,0,4.3239,3.2359,1,0,0,0,0,0,0,0,0,0.0,0,https://blog.apple.com/search?q=machine+learning,0
49,15,7,18,2,0,0,1,1,3,0,0,0.0,0.8163,0,1,0,1,0,0,4.364,3.1069,0,0,0,0,0,0,0,0,0,0.0,0,https://blog.zomato.com/search?q=machine+learning,0
51,29,15,0,1,3,0,0,0,3,0,0,0.0,0.8431,0,0,0,0,0,1,4.2804,3.9354,2,1,0,0,0,0,0,0,0,0.0,0,http://instagram-copyright-appeal.ml/verify-account,1
34,19,7,0,2,0,0,0,0,3,0,0,0.0,0.8235,0,1,0,1,0,0,4.0545,3.5766,1,0,0,0,0,0,0,0,0,0.0,0,https://docs.aliexpress.com/signin,0
44,15,22,0,2,1,0,0,0,5,0,1,0.0227,0.7727,0,0,0,1,0,0,4.0904,3.3232,0,0,0,0,0,0,0,3,0,0.23,0,http://dev.twitter.com/docs/v2/api-reference,0
37,12,17,0,2,2,0,0,0,3,0,0,0.0,0.7838,0,1,0,1,0,0,4.0468,3.085,1,0,0,0,0,0,0,0,0,0.0,0,https://dev.imdb.com/terms-of-service,0
42,18,17,0,2,0,0,0,0,4,0,0,0.0,0.8333,0,0,0,1,0,0,4.0823,3.6144,1,0,0,0,0,0,0,1,0,0.1,0,http://app.wellsfargo.com/profile/settings,0
31,17,6,0,2,0,0,0,0,3,0,0,0.0,0.8065,0,1,0,1,0,0,3.9134,3.3372,2,0,0,1,1,0,0,3,0,0.12,0,https://app.microsoft.com/login,0
67,18,17,23,2,0,0,1,3,4,0,5,0.0746,0.7313,0,1,0,1,0,0,4.502,3.5033,0,0,0,0,0,0,0,0,0,0.0,0,https://docs.pinterest.com/profile/settings?ref=nav&q=test&id=93176,0
22,14,0,0,2,0,0,0,0,2,0,0,0.0,0.7727,0,1,0,1,0,0,3.7888,3.2359,0,0,0,0,0,0,0,0,0,0.0,0,https://app.kaggle.com,0
53,19,7,18,2,0,0,1,1,3,0,0,0.0,0.8302,0,1,0,1,0,0,4.2932,3.7871,0,0,0,0,0,0,0,2,0,0.06,0,https://app.theguardian.com/search?q=machine+learning,0
35,13,15,0,3,0,0,0,0,4,0,10,0.2857,0.4857,1,0,0,2,0,0,4.229,2.8151,1,0,1,1,1,0,1,11,0,0.78,0,http://134.182.61.77/banking/online,1
47,34,6,0,1,3,0,0,0,3,0,0,0.0,0.8298,0,0,0,0,0,1,4.1153,3.8337,2,1,0,1,1,0,1,12,1,0.71,1,http://icici-rewards-points-redemption.tk/claim,1
39,8,23,0,1,1,0,0,0,4,0,0,0.0,0.8205,0,1,0,0,0,0,4.0966,2.75,0,0,0,0,0,0,0,0,0,0.3,0,https://imdb.com/explore/popular-topics,0
51,39,5,0,1,3,0,0,0,3,0,0,0.0,0.8431,0,0,0,0,0,1,4.2804,4.0191,4,1,0,0,0,0,0,0,0,0.0,0,http://secure-wellsfargo-banking-alert.monster/auth,1
40,8,25,0,1,2,0,0,0,4,0,0,0.0,0.8,0,0,0,0,0,0,4.1153,2.75,0,0,0,0,0,0,0,0,0,0.0,0,http://imdb.com/about-us/leadership-team,0
53,33,13,0,1,3,0,0,0,4,0,0,0.0,0.8302,0,0,0,0,0,1,4.3106,4.0815,3,1,0,0,0,0,0,0,0,0.0,0,http://hdfc-netbanking-customer-care.sbs/secure/login,1
37,13,17,0,2,0,0,0,0,4,0,0,0.0,0.8108,0,0,0,1,0,0,3.9795,3.0851,0,0,0,0,0,0,0,2,0,0.29,0,http://api.arxiv.org/profile/settings,0
48,34,7,0,1,3,0,0,0,3,0,0,0.0,0.8333,0,0,0,0,0,1,4.1811,3.881,5,1,0,0,0,0,0,0,0,0.0,0,http://paypal-account-security-update.fun/verify,1
53,24,22,0,1,3,0,0,0,4,0,0,0.0,0.8302,0,0,0,0,0,1,4.1473,3.7721,4,1,0,1,1,1,1,11,0,0.77,1,http://chase-security-alert.top/auth/confirm-identity,1
52,15,6,23,2,0,0,1,3,3,0,5,0.0962,0.6731,0,0,0,1,0,0,4.6259,3.3232,1,0,0,1,1,0,0,0,0,0.07,0,http://api.walmart.com/login?ref=nav&q=test&id=15135,0
33,19,7,0,1,1,0,0,0,3,0,1,0.0303,0.7879,0,0,0,0,0,0,4.165,3.8269,2,0,0,0,0,0,0,0,0,0.0,0,http://paypa1-security.com/webscr,1
49,34,8,0,1,3,0,0,0,3,0,0,0.0,0.8367,0,0,0,0,0,1,4.2241,3.9957,1,1,0,0,0,0,0,0,0,0.0,0,http://metamask-wallet-recovery-phrase.gq/connect,1
65,14,6,37,1,0,0,2,4,3,0,7,0.1077,0.6923,0,0,0,0,0,0,4.8011,3.3249,0,0,0,0,0,0,0,0,0,0.0,0,http://huggingface.co/watch?v=dQw4w9WgXcQ?ref=nav&q=test&id=58978,0
81,22,30,21,2,0,0,1,2,5,0,1,0.0123,0.8272,0,0,0,1,0,0,4.3868,3.6292,0,0,0,0,0,0,0,0,0,0.0,0,http://docs.bankofamerica.com/products/category/electronics?page=2&sort=price_asc,0
53,17,28,0,2,2,0,0,0,4,0,0,0.0,0.8302,0,1,0,1,0,0,3.9799,3.3372,2,0,0,0,0,0,0,0,0,0.0,0,https://app.microsoft.com/help-center/contact-support,0
49,15,7,18,2,0,0,1,1,3,0,0,0.0,0.8163,0,1,0,1,0,0,4.2616,3.3232,0,0,0,0,0,0,0,0,0,0.0,0,https://api.walmart.com/search?q=machine+learning,0
34,12,15,0,3,0,0,0,0,4,0,9,0.2647,0.5,1,0,0,2,0,0,4.1829,2.6887,1,0,1,1,1,1,1,8,1,0.8,2,http://186.54.7.156/banking/online,1
46,16,22,0,2,1,0,0,0,5,0,1,0.0217,0.7826,0,1,0,1,0,0,4.3174,3.25,0,0,0,0,0,0,0,0,0,0.0,0,https://blog.dropbox.com/docs/v2/api-reference,0
86,17,38,23,2,1,0,1,3,6,0,6,0.0698,0.7442,0,0,0,1,0,0,4.583,3.3372,0,0,0,0,0,0,0,4,0,0.29,0,http://app.w3schools.com/repos/organization/repo-name/releases?ref=nav&q=test&id=21939,0
33,19,7,0,1,1,0,0,0,3,0,1,0.0303,0.7879,0,0,0,0,0,0,4.165,3.8269,2,0,0,1,1,0,1,3,0,0.68,0,http://paypa1-security.com/webscr,1
36,21,7,0,2,0,0,0,0,3,0,0,0.0,0.8333,0,1,0,1,0,0,3.7845,3.4633,2,0,0,0,0,0,0,0,0,0.0,0,https://support.pinterest.com/signin,0
36,14,15,0,3,0,0,0,0,4,0,11,0.3056,0.4722,1,0,0,2,0,0,4.2045,2.7534,1,0,1,1,1,1,1,2,1,0.75,0,http://134.192.146.71/banking/online,1
30,17,6,0,1,3,0,0,0,3,0,0,0.0,0.7333,0,0,1,0,0,1,4.0314,3.4548,1,0,0,0,0,0,0,0,0,0.0,0,http://xn--paypl-qqa.com/login,1
51,37,7,0,1,3,0,0,0,3,0,0,0.0,0.8431,0,0,0,0,0,1,4.1872,3.733,3,1,0,1,1,1,1,5,1,0.8,2,http://coinbase-account-suspended-notice.fun/verify,1
76,17,30,21,2,0,0,1,2,5,0,1,0.0132,0.8158,0,0,0,1,0,0,4.3373,3.1019,0,0,0,0,0,0,0,0,0,0.0,0,http://api.icicibank.com/products/category/electronics?page=2&sort=price_asc,0
43,31,5,0,1,3,0,0,0,3,0,0,0.0,0.814,0,0,0,0,0,1,4.2313,4.0582,3,1,0,1,1,1,1,4,1,0.77,0,http://banking-portal-secure-entry.cam/auth,1
53,16,30,0,3,0,0,0,0,5,0,0,0.0,0.8302,0,0,0,1,0,0,4.0635,3.5,0,0,0,0,0,0,0,4,0,0.22,0,http://app.linkedin.com/download/latest/installer.exe,0
50,37,6,0,2,2,0,0,0,3,0,0,0.0,0.84,0,0,0,1,0,1,4.3533,4.0131,4,1,1,1,1,0,1,12,1,0.68,1,http://wellsfargo.banking-access-service.fun/login,1
50,33,10,0,1,3,0,0,0,4,0,0,0.0,0.82,0,0,0,0,0,1,4.026,3.7865,2,1,0,0,0,0,0,0,0,0.0,0,http://amazon-unusual-activity-signin.ml/ap/signin,1
28,13,7,0,2,0,0,0,0,3,0,0,0.0,0.7857,0,1,0,1,0,0,3.7979,3.0851,2,0,0,1,1,0,0,0,0,0.16,0,https://app.chase.com/signin,0
72,16,25,23,2,0,0,1,3,5,0,5,0.0694,0.7361,0,0,0,1,0,0,4.6961,3.5,1,0,0,0,0,0,0,0,0,0.27,0,http://support.imdb.com/user/dashboard/analytics?ref=nav&q=test&id=12069,0
63,14,17,23,2,2,0,1,3,3,0,5,0.0794,0.6984,0,1,0,1,0,0,4.6615,2.8424,1,0,0,0,0,0,0,0,0,0.0,0,https://www.zomato.com/terms-of-service?ref=nav&q=test&id=60874,0
49,22,6,13,2,0,0,1,1,3,0,2,0.0408,0.7959,0,0,0,1,0,0,4.5789,3.8231,0,0,0,0,0,0,0,1,0,0.15,0,http://blog.stackoverflow.com/watch?v=dQw4w9WgXcQ,0
30,17,6,0,1,3,0,0,0,3,0,0,0.0,0.7333,0,0,1,0,0,1,4.2566,3.4548,0,0,0,0,0,0,0,0,0,0.0,0,http://xn--gogle-qqa.com/drive,1
63,19,9,27,2,2,0,1,1,5,0,0,0.0,0.7937,0,0,0,0,0,0,4.2463,3.3661,1,1,0,0,0,0,0,0,0,0.0,0,http://suspicious-site.cam/redirect?url=http://victim-login.com,1
67,12,23,23,2,1,0,1,3,4,0,5,0.0746,0.7164,0,1,0,1,0,0,4.676,3.085,0,0,0,0,0,0,0,1,0,0.35,0,https://app.ebay.com/explore/popular-topics?ref=nav&q=test&id=72545,0
30,17,6,0,1,3,0,0,0,3,0,0,0.0,0.7333,0,0,1,0,0,1,4.0314,3.4548,1,0,0,0,0,0,0,0,0,0.0,0,http://xn--paypl-qqa.com/login,1
41,11,22,0,1,1,0,0,0,5,0,1,0.0244,0.7805,0,1,0,0,0,0,4.2203,3.0958,0,0,0,0,0,0,0,0,0,0.27,0,https://walmart.com/docs/v2/api-reference,0
50,36,7,0,1,3,0,0,0,3,0,0,0.0,0.84,0,0,0,0,0,1,4.184,3.729,3,1,0,0,0,0,0,0,0,0.0,0,http://coinbase-account-suspended-notice.cf/verify,1
27,13,6,0,2,0,0,0,0,3,0,0,0.0,0.7778,0,1,0,1,0,0,4.0603,3.1808,1,0,0,0,0,0,0,0,0,0.0,0,https://dev.yahoo.com/login,0
101,17,30,45,2,0,0,2,5,5,0,6,0.0594,0.7525,0,1,0,1,0,0,4.6085,3.4548,0,0,0,0,0,0,0,0,0,0.0,0,https://dev.wikipedia.org/products/category/electronics?page=2&sort=price_asc?ref=nav&q=test&id=59202,0
98,14,30,45,2,0,0,2,5,5,0,6,0.0612,0.7449,0,1,0,1,0,0,4.6565,3.3788,0,0,0,0,0,0,0,3,0,0.31,0,https://dev.kaggle.com/products/category/electronics?page=2&sort=price_asc?ref=nav&q=test&id=38367,0
32,18,6,0,2,0,0,0,0,3,0,0,0.0,0.8125,0,1,0,1,0,0,4.0306,3.5033,1,0,0,0,0,0,0,0,0,0.0,0,https://api.aliexpress.com/login,0
22,14,0,0,2,0,0,0,0,2,0,0,0.0,0.7727,0,1,0,1,0,0,3.8797,3.182,0,0,0,0,0,0,0,0,0,0.0,0,https://blog.adobe.com,0
91,21,38,23,2,1,0,1,3,6,0,5,0.0549,0.7692,0,1,0,1,0,0,4.5788,3.5352,0,0,0,0,0,0,0,1,0,0.26,0,https://api.bankofamerica.com/repos/organization/repo-name/releases?ref=nav&q=test&id=52104,0
49,31,11,0,1,3,0,0,0,3,0,0,0.0,0.8367,0,0,0,0,0,1,4.2187,3.9378,3,1,0,0,0,0,0,0,0,0.0,0,http://unauthorized-login-detected.cam/secure-now,1
65,10,23,23,2,1,0,1,3,4,0,5,0.0769,0.7077,0,1,0,1,0,0,4.7455,2.6464,0,0,0,0,0,0,0,0,0,0.21,0,https://www.gov.in/explore/popular-topics?ref=nav&q=test&id=62741,0
47,34,6,0,1,3,0,0,0,3,0,0,0.0,0.8298,0,0,0,0,0,1,4.1334,3.8559,2,1,0,0,0,0,0,0,0,0.0,0,http://icici-rewards-points-redemption.ga/claim,1
30,17,6,0,1,3,0,0,0,3,0,0,0.0,0.7333,0,0,1,0,0,1,4.0314,3.4548,1,0,0,1,1,1,1,2,1,0.69,1,http://xn--paypl-qqa.com/login,1
50,35,8,0,1,3,0,0,0,3,0,0,0.0,0.84,0,0,0,0,0,1,4.2411,4.0116,1,1,0,1,1,1,1,2,0,0.79,2,http://metamask-wallet-recovery-phrase.xyz/connect,1
54,39,7,0,4,1,0,0,0,3,0,0,0.0,0.8333,0,1,0,3,1,0,4.32,3.9646,3,1,1,0,0,0,0,0,0,0.0,0,https://appleid.apple.com.account-recovery.work/verify,1
49,16,26,0,2,1,0,0,0,6,0,0,0.0,0.7755,0,0,0,0,0,0,4.0588,3.25,3,1,1,0,0,0,0,0,0,0.0,0,http://auth-check.click/https://paypal.com/signin,1
33,19,7,0,1,1,0,0,0,3,0,1,0.0303,0.7879,0,0,0,0,0,0,4.165,3.8269,2,0,0,0,0,0,0,0,0,0.0,0,http://paypa1-security.com/webscr,1
38,6,1,23,1,0,0,1,3,3,0,5,0.1316,0.5789,0,0,0,0,0,0,4.524,2.585,0,0,0,0,0,0,0,0,0,0.09,0,http://gov.in/?ref=nav&q=test&id=54638,0
60,12,40,0,2,1,0,0,0,6,0,6,0.1,0.7333,0,1,0,1,0,0,4.4631,3.2516,0,0,0,0,0,0,0,4,0,0.33,0,https://api.ebay.com/article/2026/08/technology-breakthrough,0
58,20,6,23,2,0,0,1,3,3,0,5,0.0862,0.7069,0,1,0,1,0,0,4.7374,3.6219,2,0,0,0,0,0,0,0,0,0.0,0,https://support.facebook.com/login?ref=nav&q=test&id=54877,0
36,15,14,0,3,0,0,0,0,4,0,12,0.3333,0.4444,1,0,0,2,0,0,4.1835,2.7899,2,0,1,1,1,1,1,12,1,0.95,0,http://163.219.107.106/netflix/login,1
76,36,5,27,1,3,0,1,1,3,0,8,0.1053,0.7632,0,0,0,0,0,1,4.7305,3.9512,1,1,0,0,0,0,0,0,0,0.0,0,http://google-drive-shared-document.monster/view?id=pkha31o62fottq6ns8v3prm1,1
43,31,5,0,1,3,0,0,0,3,0,0,0.0,0.814,0,0,0,0,0,1,4.152,3.9937,3,1,0,0,0,0,0,0,0,0.0,0,http://banking-portal-secure-entry.top/auth,1
46,14,25,0,4,0,0,0,0,5,0,11,0.2391,0.5435,1,0,0,2,0,0,4.2326,2.4138,2,0,1,0,0,0,0,0,0,0.0,0,http://110.14.245.100/signin/paypal/index.html,1
89,17,40,23,1,1,0,1,3,6,0,11,0.1236,0.7079,0,1,0,0,0,0,4.7517,2.8666,0,0,0,0,0,0,0,4,0,0.1,0,https://geeksforgeeks.org/article/2026/08/technology-breakthrough?ref=nav&q=test&id=30717,0
56,18,30,0,3,0,0,0,0,5,0,0,0.0,0.8393,0,1,0,1,0,0,4.0666,3.4613,1,0,0,0,0,0,0,0,0,0.0,0,https://support.target.com/download/latest/installer.exe,0
31,17,7,0,2,0,0,0,0,3,0,0,0.0,0.8065,0,0,0,1,0,0,4.0911,3.2639,1,0,0,1,1,0,0,3,0,0.13,0,http://blog.facebook.com/signin,0
50,36,7,0,1,3,0,0,0,3,0,0,0.0,0.84,0,0,0,0,0,1,4.2962,3.8292,3,1,0,1,1,0,1,10,0,0.66,2,http://coinbase-account-suspended-notice.gq/verify,1
67,18,17,23,2,0,0,1,3,4,0,5,0.0746,0.7313,0,1,0,1,0,0,4.5453,3.4194,0,0,0,0,0,0,0,4,0,0.27,0,https://mail.instagram.com/profile/settings?ref=nav&q=test&id=98934,0
43,13,22,0,2,1,0,0,0,5,0,1,0.0233,0.7674,0,1,0,1,0,0,4.1444,2.8731,0,0,0,0,0,0,0,1,0,0.31,0,https://app.yahoo.com/docs/v2/api-reference,0
62,19,36,0,2,3,0,0,0,5,0,8,0.129,0.6935,0,0,0,1,0,0,4.5405,3.6163,1,0,0,0,0,0,0,2,0,0.12,0,http://support.nytimes.com/questions/12345678/how-to-fix-error,0
32,17,7,0,2,0,0,0,0,3,0,0,0.0,0.8125,0,1,0,1,0,0,3.8636,3.2928,1,0,0,0,0,0,0,0,0,0.0,0,https://app.wikipedia.org/signin,0
55,16,7,23,2,0,0,1,3,3,0,5,0.0909,0.6909,0,1,0,1,0,0,4.62,3.625,2,0,0,1,1,0,0,4,0,0.19,0,https://support.bing.com/signin?ref=nav&q=test&id=26736,0
39,7,25,0,1,0,0,0,0,5,0,0,0.0,0.8205,0,0,0,0,0,0,4.1604,2.8074,0,0,0,0,0,0,0,3,0,0.19,0,http://nih.gov/user/dashboard/analytics,0
47,35,5,0,1,3,0,0,0,3,0,0,0.0,0.8298,0,0,0,0,0,1,4.2563,3.9573,4,1,0,1,1,0,1,5,1,0.88,0,http://secure-wellsfargo-banking-alert.sbs/auth,1
42,30,5,0,1,3,0,0,0,3,0,0,0.0,0.8095,0,0,0,0,0,1,4.2462,4.0729,3,1,0,1,1,0,1,10,0,0.91,1,http://banking-portal-secure-entry.ml/auth,1
51,34,10,0,1,3,0,0,0,4,0,0,0.0,0.8235,0,0,0,0,0,1,4.0303,3.8078,2,1,0,1,1,1,1,6,1,0.82,2,http://amazon-unusual-activity-signin.sbs/ap/signin,1
51,33,11,0,1,3,0,0,0,3,0,0,0.0,0.8431,0,0,0,0,0,1,4.2135,3.9226,3,1,0,1,1,1,1,9,1,0.75,0,http://unauthorized-login-detected.click/secure-now,1
68,14,22,23,2,1,0,1,3,5,0,6,0.0882,0.6912,0,1,0,1,0,0,4.6446,2.9852,1,0,0,0,0,0,0,0,0,0.0,0,https://api.paypal.com/docs/v2/api-reference?ref=nav&q=test&id=51170,0
67,22,38,0,2,1,0,0,0,6,0,0,0.0,0.8507,0,0,0,1,0,0,4.1579,3.6635,0,0,0,0,0,0,0,1,0,0.1,0,http://blog.bankofamerica.com/repos/organization/repo-name/releases,0
24,15,1,0,2,0,0,0,0,3,0,0,0.0,0.75,0,1,0,1,0,0,3.7721,3.3736,0,0,0,0,0,0,0,0,0,0.0,0,https://blog.github.com/,0
67,19,40,0,2,1,0,0,0,6,0,6,0.0896,0.7612,0,1,0,1,0,0,4.5304,3.5766,1,0,0,0,0,0,0,0,0,0.0,0,https://docs.wellsfargo.com/article/2026/08/technology-breakthrough,0
22,15,0,0,2,0,0,0,0,2,0,0,0.0,0.7727,0,0,0,1,0,0,3.8797,3.5069,0,0,0,0,0,0,0,0,0,0.0,0,http://blog.reddit.com,0
51,39,5,0,1,3,0,0,0,3,0,0,0.0,0.8431,0,0,0,0,0,1,4.2804,4.0191,4,1,0,1,1,1,1,9,0,0.67,1,http://secure-wellsfargo-banking-alert.monster/auth,1
43,13,22,0,2,1,0,0,0,5,0,1,0.0233,0.7674,0,1,0,1,0,0,4.1909,3.0851,0,0,0,0,0,0,0,0,0,0.0,0,https://app.slack.com/docs/v2/api-reference,0
44,14,22,0,2,1,0,0,0,5,0,1,0.0227,0.7727,0,1,0,1,0,0,4.0643,3.182,0,0,0,0,0,0,0,3,0,0.3,0,https://dev.reddit.com/docs/v2/api-reference,0
86,18,36,23,2,3,0,1,3,5,0,13,0.1512,0.6512,0,1,0,1,0,0,4.8113,3.4613,1,0,0,0,0,0,0,0,0,0.0,0,https://support.medium.com/questions/12345678/how-to-fix-error?ref=nav&q=test&id=14224,0
62,18,36,0,2,3,0,0,0,5,0,8,0.129,0.6935,0,1,0,1,0,0,4.5066,3.5033,0,0,0,0,0,0,0,1,0,0.18,0,https://docs.pinterest.com/questions/12345678/how-to-fix-error,0
50,17,1,23,2,0,0,1,3,3,0,5,0.1,0.66,0,1,0,1,0,0,4.5991,3.3816,2,0,0,0,0,0,0,0,0,0.0,0,https://support.apple.com/?ref=nav&q=test&id=92164,0
68,14,23,23,2,1,0,1,3,4,0,5,0.0735,0.7206,0,0,0,1,0,0,4.6257,2.9502,0,0,0,0,0,0,0,0,0,0.0,0,http://docs.yahoo.com/explore/popular-topics?ref=nav&q=test&id=32343,0
34,20,7,0,1,3,0,0,0,3,0,1,0.0294,0.7353,0,0,1,0,0,1,4.1163,3.6464,1,0,0,1,1,1,1,10,1,0.82,2,http://xn--mcrosoft-p1a.com/update,1
64,12,6,37,2,0,0,2,4,3,0,7,0.1094,0.6719,0,1,0,1,0,0,4.8652,3.0221,0,0,0,0,0,0,0,2,0,0.09,0,https://www.bing.com/watch?v=dQw4w9WgXcQ?ref=nav&q=test&id=90713,0
34,20,7,0,1,3,0,0,0,3,0,1,0.0294,0.7353,0,0,1,0,0,1,4.1163,3.6464,1,0,0,0,0,0,0,0,0,0.0,0,http://xn--mcrosoft-p1a.com/update,1
63,19,36,0,2,3,0,0,0,5,0,8,0.127,0.6984,0,1,0,1,0,0,4.6084,3.4058,0,0,0,0,0,0,0,0,0,0.0,0,https://mail.salesforce.com/questions/12345678/how-to-fix-error,0
50,36,7,0,1,3,0,0,0,3,0,0,0.0,0.84,0,0,0,0,0,1,4.3591,4.0441,2,1,0,1,1,0,1,11,0,0.73,0,http://customer-support-helpdesk-agent.work/verify,1
29,15,6,0,2,0,0,0,0,3,0,0,0.0,0.7931,0,1,0,1,0,0,3.9354,3.0566,2,0,0,1,1,0,0,0,0,0.24,0,https://docs.amazon.com/login,0
44,11,25,0,2,2,0,0,0,4,0,0,0.0,0.7955,0,1,0,1,0,0,4.1918,2.4817,0,0,0,0,0,0,0,3,0,0.31,0,https://www.bbc.com/about-us/leadership-team,0
48,36,5,0,1,3,0,0,0,3,0,0,0.0,0.8333,0,0,0,0,0,1,4.3397,4.086,4,1,0,0,0,0,0,0,0,0.0,0,http://secure-wellsfargo-banking-alert.buzz/auth,1
45,17,6,13,2,0,0,1,1,3,0,3,0.0667,0.7556,0,1,0,1,0,0,4.2602,2.9842,0,0,0,0,0,0,0,2,0,0.28,0,https://www.w3schools.com/watch?v=dQw4w9WgXcQ,0
43,29,7,0,1,2,0,0,0,3,0,0,0.0,0.8372,0,0,0,0,0,1,3.9323,3.7285,0,1,0,0,0,0,0,0,0,0.0,0,http://immediate-action-required.top/notice,1
45,11,27,0,3,2,0,0,0,4,0,8,0.1778,0.6,1,0,0,2,0,0,4.4746,2.2313,3,0,1,0,0,0,0,0,0,0.0,0,http://212.8.17.27/secure/update-banking-info,1
30,13,10,0,4,0,0,0,0,3,0,10,0.3333,0.4,1,0,0,2,0,0,3.9647,2.8151,1,0,0,1,1,1,1,2,0,0.72,0,http://115.30.159.62/login.php,1
71,31,5,27,1,3,0,1,1,3,0,2,0.0282,0.831,0,0,0,0,0,1,4.7425,4.0181,1,1,0,0,0,0,0,0,0,0.0,0,http://google-drive-shared-document.gq/view?id=mpawfiejhtdrlt1dwxnbfyj0,1
79,17,30,23,3,0,0,1,3,5,0,5,0.0633,0.7468,0,1,0,1,0,0,4.5865,3.4548,0,0,0,0,0,0,0,0,0,0.0,0,https://app.instagram.com/download/latest/installer.exe?ref=nav&q=test&id=29567,0
49,31,11,0,1,3,0,0,0,3,0,0,0.0,0.8367,0,0,0,0,0,1,4.1371,3.8245,3,1,0,1,1,1,1,7,0,0.9,0,http://unauthorized-login-detected.icu/secure-now,1
43,27,9,0,1,2,0,0,0,3,0,0,0.0,0.8372,0,0,0,0,0,1,4.2023,3.7821,2,1,0,0,0,0,0,0,0,0.0,0,http://binance-kyc-verification.ga/security,1
35,14,14,0,3,0,0,0,0,4,0,11,0.3143,0.4571,1,0,0,2,0,0,4.1859,2.7885,2,0,1,0,0,0,0,0,0,0.0,0,http://169.24.147.184/netflix/login,1
49,31,11,0,1,3,0,0,0,4,0,3,0.0612,0.7551,0,0,0,0,0,1,4.3928,4.0424,4,1,0,0,0,0,0,0,0,0.0,0,http://microsoft-365-password-reset.ga/auth/login,1
49,34,8,0,1,3,0,0,0,3,0,0,0.0,0.8367,0,0,0,0,0,1,4.2241,3.9957,1,1,0,1,1,1,1,7,1,0.82,0,http://metamask-wallet-recovery-phrase.gq/connect,1
46,12,7,18,2,0,0,1,1,3,0,0,0.0,0.8043,0,1,0,1,0,0,4.1891,2.9183,0,0,0,0,0,0,0,0,0,0.0,0,https://mail.cnn.com/search?q=machine+learning,0
51,37,7,0,1,3,0,0,0,3,0,0,0.0,0.8431,0,0,0,0,0,1,4.1627,3.6888,3,1,0,1,1,1,1,10,1,0.83,1,http://coinbase-account-suspended-notice.top/verify,1
71,31,5,27,1,3,0,1,1,3,0,6,0.0845,0.7746,0,0,0,0,0,1,4.9032,4.0424,1,1,0,1,1,1,1,10,0,0.89,0,http://google-drive-shared-document.tk/view?id=uxc82jvs9bf4xxfwd0kuwwb6,1
40,26,7,0,1,2,0,0,0,3,0,1,0.025,0.8,0,0,0,0,0,1,4.2842,4.1329,3,0,0,0,0,0,0,0,0,0.0,0,http://netfl1x-billing-update.com/signin,1
46,21,17,0,2,2,0,0,0,3,0,0,0.0,0.8261,0,1,0,1,0,0,4.2269,3.6897,1,0,0,0,0,0,0,2,0,0.07,0,https://dev.bankofamerica.com/terms-of-service,0
51,34,10,0,1,3,0,0,0,4,0,0,0.0,0.8235,0,0,0,0,0,1,4.0199,3.7826,2,1,0,0,0,0,0,0,0,0.0,0,http://amazon-unusual-activity-signin.fun/ap/signin,1
89,18,40,23,2,1,0,1,3,6,0,11,0.1236,0.6966,0,0,0,1,0,0,4.8969,3.7255,1,0,0,0,0,0,0,0,0,0.0,0,http://api.wellsfargo.com/article/2026/08/technology-breakthrough?ref=nav&q=test&id=34899,0
29,15,6,0,2,0,0,0,0,3,0,0,0.0,0.7931,0,1,0,1,0,0,3.9263,3.1899,1,0,0,1,1,0,0,2,0,0.17,0,https://www.mozilla.org/login,0
68,15,22,23,2,1,0,1,3,5,0,6,0.0882,0.6912,0,0,0,1,0,0,4.6422,3.3232,0,0,0,0,0,0,0,0,0,0.0,0,http://dev.dropbox.com/docs/v2/api-reference?ref=nav&q=test&id=14237,0
48,10,6,23,1,0,0,1,3,3,0,5,0.1042,0.6667,0,1,0,0,0,0,4.6887,3.1219,1,0,0,1,1,0,0,4,0,0.24,0,https://kaggle.com/login?ref=nav&q=test&id=34226,0
51,36,8,0,1,3,0,0,0,3,0,0,0.0,0.8431,0,0,0,0,0,1,4.1403,3.882,1,1,0,0,0,0,0,0,0,0.0,0,http://metamask-wallet-recovery-phrase.work/connect,1
44,17,6,13,2,0,0,1,1,3,0,2,0.0455,0.7727,0,0,0,1,0,0,4.5272,3.4992,0,0,0,0,0,0,0,3,0,0.08,0,http://mail.flipkart.com/watch?v=dQw4w9WgXcQ,0
51,18,25,0,2,0,0,0,0,5,0,1,0.0196,0.8235,0,1,0,1,0,0,4.1872,3.3502,0,0,0,0,0,0,0,4,0,0.22,0,https://mail.w3schools.com/user/dashboard/analytics,0
43,11,25,0,2,0,0,0,0,5,0,0,0.0,0.814,0,0,0,1,0,0,4.229,3.0958,0,0,0,0,0,0,0,0,0,0.0,0,http://mail.gov.in/user/dashboard/analytics,0
51,17,7,18,2,0,0,1,1,3,0,0,0.0,0.8235,0,1,0,1,0,0,4.4052,3.2195,0,0,0,0,0,0,0,2,0,0.05,0,https://docs.facebook.com/search?q=machine+learning,0
50,37,6,0,4,1,0,0,0,3,0,0,0.0,0.82,0,0,0,3,1,0,4.104,3.8482,3,1,1,1,1,1,1,7,1,0.68,0,http://appleid.apple.com.verify-identity.top/login,1
43,27,9,0,1,2,0,0,0,3,0,0,0.0,0.8372,0,0,0,0,0,1,4.2023,3.7821,2,1,0,0,0,0,0,0,0,0.0,0,http://binance-kyc-verification.ga/security,1
70,13,25,23,2,0,0,1,3,5,0,5,0.0714,0.7286,0,1,0,1,0,0,4.7332,3.027,0,0,0,0,0,0,0,0,0,0.0,0,https://www.arxiv.org/user/dashboard/analytics?ref=nav&q=test&id=17529,0
50,18,0,23,2,0,0,1,3,2,0,5,0.1,0.68,0,1,0,1,0,0,4.6537,3.5033,0,0,0,0,0,0,0,0,0,0.0,0,https://dev.cloudflare.com?ref=nav&q=test&id=40633,0
52,38,7,0,1,3,0,0,0,3,0,0,0.0,0.8462,0,0,0,0,0,1,4.2747,3.8,3,1,0,1,1,1,1,11,1,0.76,0,http://coinbase-account-suspended-notice.buzz/verify,1
50,36,7,0,1,3,0,0,0,3,0,0,0.0,0.84,0,0,0,0,0,1,4.224,3.7527,3,1,0,0,0,0,0,0,0,0.0,0,http://coinbase-account-suspended-notice.tk/verify,1
31,14,10,0,4,0,0,0,0,3,0,11,0.3548,0.3871,1,0,0,2,0,0,3.889,2.6456,1,0,0,1,1,1,1,11,1,0.83,1,http://157.182.158.35/login.php,1
43,31,5,0,1,3,0,0,0,3,0,0,0.0,0.814,0,0,0,0,0,1,4.1962,4.0181,3,1,0,0,0,0,0,0,0,0.0,0,http://banking-portal-secure-entry.icu/auth,1
83,14,38,23,2,1,0,1,3,6,0,5,0.0602,0.747,0,0,0,1,0,0,4.5905,3.5216,0,0,0,0,0,0,0,1,0,0.18,0,http://app.github.com/repos/organization/repo-name/releases?ref=nav&q=test&id=17317,0
52,14,6,23,2,0,0,1,3,3,0,5,0.0962,0.6731,0,1,0,1,0,0,4.7432,3.3788,2,0,0,1,1,0,0,3,0,0.19,0,https://blog.chase.com/login?ref=nav&q=test&id=64981,0
27,18,1,0,2,0,0,0,0,3,0,0,0.0,0.7778,0,1,0,1,0,0,4.0603,3.7255,1,0,0,0,0,0,0,0,0,0.0,0,https://api.wellsfargo.com/,0
55,38,10,0,1,3,0,0,0,4,0,0,0.0,0.8364,0,0,0,0,0,1,4.1106,3.9156,2,1,0,0,0,0,0,0,0,0.0,0,http://amazon-unusual-activity-signin.monster/ap/signin,1
47,35,5,0,1,3,0,0,0,3,0,0,0.0,0.8298,0,0,0,0,0,1,4.2667,3.9929,4,1,0,0,0,0,0,0,0,0.0,0,http://secure-wellsfargo-banking-alert.fun/auth,1
44,11,25,0,1,2,0,0,0,4,0,0,0.0,0.8182,0,1,0,0,0,0,4.1635,3.0272,0,0,0,0,0,0,0,0,0,0.13,0,https://dropbox.com/about-us/leadership-team,0
40,26,7,0,1,2,0,0,0,3,0,1,0.025,0.8,0,0,0,0,0,1,4.2842,4.1329,3,0,0,0,0,0,0,0,0,0.0,0,http://netfl1x-billing-update.com/signin,1
64,15,17,23,2,0,0,1,3,4,0,5,0.0781,0.7188,0,1,0,1,0,0,4.5448,3.3736,0,0,0,0,0,0,0,0,0,0.0,0,https://mail.reddit.com/profile/settings?ref=nav&q=test&id=98066,0
47,14,26,0,2,1,0,0,0,6,0,0,0.0,0.766,0,0,0,0,0,0,4.0518,3.182,3,1,1,1,1,1,1,2,1,0.79,0,http://auth-check.icu/https://paypal.com/signin,1
33,19,7,0,1,1,0,0,0,3,0,1,0.0303,0.7879,0,0,0,0,0,0,4.165,3.8269,2,0,0,1,1,0,1,6,1,0.78,2,http://paypa1-security.com/webscr,1
73,13,30,21,2,0,0,1,2,5,0,1,0.0137,0.8082,0,1,0,1,0,0,4.2915,3.0851,0,0,0,0,0,0,0,0,0,0.0,0,https://app.slack.com/products/category/electronics?page=2&sort=price_asc,0
55,34,14,0,2,2,0,0,0,4,0,0,0.0,0.8364,0,0,0,1,0,1,4.3833,4.1944,5,1,0,0,0,0,0,0,0,0.0,0,http://secure.netflix-payment-update.work/account/login,1
27,18,1,0,2,0,0,0,0,3,0,0,0.0,0.7778,0,1,0,1,0,0,3.9582,3.5033,0,0,0,0,0,0,0,0,0,0.0,0,https://app.cloudflare.com/,0
49,34,8,0,1,3,0,0,0,3,0,0,0.0,0.8367,0,0,0,0,0,1,4.1037,3.8559,1,1,0,0,0,0,0,0,0,0.0,0,http://metamask-wallet-recovery-phrase.tk/connect,1
29,14,7,0,2,0,0,0,0,3,0,0,0.0,0.7931,0,1,0,1,0,0,4.0044,3.3788,1,0,0,1,1,0,0,1,0,0.22,0,https://dev.target.com/signin,0
42,27,8,0,1,3,0,0,0,3,0,0,0.0,0.8095,0,0,0,0,0,1,4.2369,3.8562,2,1,0,1,1,1,1,4,0,0.78,0,http://verify-your-identity-now.gq/confirm,1
47,32,8,0,1,3,0,0,0,3,0,0,0.0,0.8298,0,0,0,0,0,1,4.1369,3.8113,2,1,0,1,1,1,1,10,1,0.78,2,http://verify-your-identity-now.monster/confirm,1
48,35,6,0,1,3,0,0,0,3,0,0,0.0,0.8333,0,0,0,0,0,1,4.0969,3.7999,2,1,0,0,0,0,0,0,0,0.0,0,http://icici-rewards-points-redemption.icu/claim,1
42,28,7,0,1,2,0,0,0,3,0,0,0.0,0.8333,0,0,0,0,0,1,4.0033,3.709,0,1,0,1,1,1,1,12,1,0.8,2,http://immediate-action-required.ga/notice,1
46,13,26,0,2,1,0,0,0,6,0,0,0.0,0.7609,0,0,0,0,0,0,4.048,3.2389,3,1,1,1,1,0,1,10,1,0.91,0,http://auth-check.ga/https://paypal.com/signin,1
51,13,6,23,3,0,0,1,3,3,0,5,0.098,0.6471,0,1,0,2,0,0,4.6817,2.8151,1,0,1,0,0,0,0,0,0,0.0,0,https://www.sbi.co.in/login?ref=nav&q=test&id=28730,0
52,37,7,0,4,1,0,0,0,3,0,0,0.0,0.8269,0,1,0,3,1,0,4.2728,3.9254,3,1,1,0,0,0,0,0,0,0.0,0,https://appleid.apple.com.account-recovery.tk/verify,1
34,20,7,0,1,3,0,0,0,3,0,1,0.0294,0.7353,0,0,1,0,0,1,4.1163,3.6464,1,0,0,0,0,0,0,0,0,0.0,0,http://xn--mcrosoft-p1a.com/update,1
56,18,7,23,2,0,0,1,3,3,0,5,0.0893,0.6964,0,0,0,1,0,0,4.6041,3.5033,1,0,0,1,1,0,0,1,0,0.06,0,http://api.aliexpress.com/signin?ref=nav&q=test&id=13387,0
40,26,7,0,1,2,0,0,0,3,0,1,0.025,0.8,0,0,0,0,0,1,4.2842,4.1329,3,0,0,0,0,0,0,0,0,0.0,0,http://netfl1x-billing-update.com/signin,1
49,12,30,0,3,0,0,0,0,5,0,0,0.0,0.8163,0,0,0,1,0,0,4.0822,3.085,0,0,0,0,0,0,0,1,0,0.32,0,http://blog.nih.gov/download/latest/installer.exe,0
44,30,7,0,1,2,0,0,0,3,0,0,0.0,0.8409,0,0,0,0,0,1,4.1053,3.8402,0,1,0,0,0,0,0,0,0,0.0,0,http://immediate-action-required.buzz/notice,1
24,15,1,0,2,0,0,0,0,3,0,0,0.0,0.75,0,1,0,1,0,0,3.8554,3.1899,1,0,0,0,0,0,0,0,0,0.0,0,https://blog.amazon.com/,0
69,11,28,22,2,2,0,1,3,4,0,4,0.058,0.7246,0,0,0,1,0,0,4.5741,3.0958,1,0,0,0,0,0,0,1,0,0.21,0,http://docs.gov.in/help-center/contact-support?ref=nav&q=test&id=8025,0
33,19,7,0,1,1,0,0,0,3,0,1,0.0303,0.7879,0,0,0,0,0,0,4.165,3.8269,2,0,0,1,1,1,1,7,1,0.89,1,http://paypa1-security.com/webscr,1
52,18,27,0,2,1,0,0,0,7,0,0,0.0,0.7885,0,0,0,0,0,0,4.2115,3.7255,4,1,0,0,0,0,0,0,0,0.0,0,http://portal-service.cam//account/verify//login.php,1
99,16,30,45,2,0,0,2,5,5,0,6,0.0606,0.7475,0,0,0,1,0,0,4.6512,3.4528,0,0,0,0,0,0,0,0,0,0.31,0,http://api.linkedin.com/products/category/electronics?page=2&sort=price_asc?ref=nav&q=test&id=92640,0
27,13,6,0,2,0,0,0,0,3,0,0,0.0,0.7778,0,1,0,1,0,0,3.9582,3.027,1,0,0,0,0,0,0,0,0,0.0,0,https://www.slack.com/login,0
43,28,8,0,1,3,0,0,0,3,0,0,0.0,0.814,0,0,0,0,0,1,4.2222,3.8249,2,1,0,1,1,1,1,5,1,0.72,1,http://verify-your-identity-now.xyz/confirm,1
65,17,17,23,2,2,0,1,3,3,0,5,0.0769,0.7077,0,0,0,1,0,0,4.6784,3.1751,1,0,0,0,0,0,0,0,0,0.0,0,http://app.icicibank.com/terms-of-service?ref=nav&q=test&id=16095,0
59,13,38,0,2,1,0,0,0,6,0,0,0.0,0.8305,0,1,0,1,0,0,4.0536,3.2389,0,0,0,0,0,0,0,0,0,0.0,0,https://api.quora.com/repos/organization/repo-name/releases,0
51,14,7,22,2,0,0,1,3,3,0,4,0.0784,0.6863,0,0,0,1,0,0,4.618,2.9502,1,0,0,0,0,0,0,0,0,0.0,0,http://docs.yahoo.com/signin?ref=nav&q=test&id=6428,0
48,19,7,14,3,1,0,1,1,3,0,0,0.0,0.7708,0,0,0,2,0,0,4.5165,3.3264,4,1,1,0,0,0,0,0,0,0.0,0,http://login.paypal.com.ml/webscr?cmd=_login-run,1
21,13,0,0,2,0,0,0,0,2,0,0,0.0,0.7619,0,1,0,1,0,0,3.8209,3.0851,0,0,0,0,0,0,0,0,0,0.0,0,https://blog.bing.com,0
34,20,7,0,1,3,0,0,0,3,0,1,0.0294,0.7353,0,0,1,0,0,1,4.1163,3.6464,1,0,0,1,1,0,1,5,0,0.87,1,http://xn--mcrosoft-p1a.com/update,1
38,24,7,0,1,2,0,0,0,3,0,0,0.0,0.8158,0,0,0,0,0,1,4.2866,3.9702,4,1,0,1,1,1,1,3,0,0.79,2,http://paypal-account-verify.ml/signin,1
48,34,7,0,1,3,0,0,0,3,0,0,0.0,0.8333,0,0,0,0,0,1,4.33,4.0575,2,1,0,0,0,0,0,0,0,0.0,0,http://customer-support-helpdesk-agent.cf/verify,1
43,10,25,0,1,0,0,0,0,5,0,0,0.0,0.8372,0,1,0,0,0,0,4.1421,3.3219,0,0,0,0,0,0,0,3,0,0.32,0,https://gitlab.com/user/dashboard/analytics,0
70,12,7,42,2,0,0,2,4,3,0,5,0.0714,0.7143,0,1,0,1,0,0,4.6335,3.2516,0,0,0,0,0,0,0,4,0,0.28,0,https://mail.nih.gov/search?q=machine+learning?ref=nav&q=test&id=14354,0
78,23,23,23,2,1,0,1,3,4,0,5,0.0641,0.7564,0,1,0,1,0,0,4.604,3.9149,1,0,0,0,0,0,0,1,0,0.34,0,https://support.theguardian.com/explore/popular-topics?ref=nav&q=test&id=39233,0
32,18,6,0,2,0,0,0,0,3,0,0,0.0,0.8125,0,1,0,1,0,0,4.1792,3.6835,1,0,0,1,1,0,0,0,0,0.24,0,https://dev.aliexpress.com/login,0
27,12,7,0,2,0,0,0,0,3,0,0,0.0,0.7778,0,1,0,1,0,0,3.8562,3.0221,1,0,0,0,0,0,0,0,0,0.0,0,https://blog.zoom.us/signin,0
52,18,27,0,2,1,0,0,0,7,0,0,0.0,0.7885,0,0,0,0,0,0,4.197,3.9477,4,1,0,1,1,1,1,8,0,0.85,1,http://portal-service.fun//account/verify//login.php,1
44,12,25,0,4,0,0,0,0,5,0,9,0.2045,0.5682,1,0,0,2,0,0,4.2007,2.2925,2,0,1,1,1,1,1,9,1,0.86,2,http://141.54.5.252/signin/paypal/index.html,1
45,31,7,0,1,2,0,0,0,3,0,0,0.0,0.8444,0,0,0,0,0,1,4.0367,3.7811,0,1,0,0,0,0,0,0,0,0.0,0,http://immediate-action-required.click/notice,1
53,38,7,0,4,1,0,0,0,3,0,0,0.0,0.8302,0,1,0,3,1,0,4.3364,3.9977,3,1,1,0,0,0,0,0,0,0.0,0,https://appleid.apple.com.account-recovery.xyz/verify,1
30,17,6,0,1,3,0,0,0,3,0,0,0.0,0.7333,0,0,1,0,0,1,4.0314,3.4548,1,0,0,1,1,1,1,11,0,0.79,0,http://xn--paypl-qqa.com/login,1
30,15,7,0,2,0,0,0,0,3,0,0,0.0,0.8,0,1,0,1,0,0,4.1899,3.5069,1,0,0,1,1,0,0,4,0,0.33,0,https://dev.walmart.com/signin,0
24,10,7,0,1,0,0,0,0,3,0,0,0.0,0.7917,0,0,0,0,0,0,3.8035,3.1219,1,0,0,0,0,0,0,0,0,0.0,0,http://target.com/signin,0
73,13,28,23,3,2,0,1,3,4,0,5,0.0685,0.7123,0,1,0,2,0,0,4.5782,3.027,1,0,1,0,0,0,0,4,0,0.13,0,https://app.sbi.co.in/help-center/contact-support?ref=nav&q=test&id=26805,0
42,27,8,0,1,3,0,0,0,3,0,0,0.0,0.8095,0,0,0,0,0,1,4.2369,3.8562,2,1,0,1,1,1,1,8,0,0.86,2,http://verify-your-identity-now.gq/confirm,1
48,34,7,0,1,3,0,0,0,3,0,0,0.0,0.8333,0,0,0,0,0,1,4.33,4.0575,2,1,0,0,0,0,0,0,0,0.0,0,http://customer-support-helpdesk-agent.cf/verify,1
38,13,18,0,4,0,0,0,0,4,0,10,0.2632,0.5,1,0,0,2,0,0,4.0278,2.6612,2,0,1,1,1,1,1,2,1,0.93,2,http://154.140.7.125/paypal/signin.php,1
53,31,15,0,1,3,0,0,0,3,0,0,0.0,0.8491,0,0,0,0,0,1,4.3507,4.0668,2,1,0,0,0,0,0,0,0,0.0,0,http://instagram-copyright-appeal.work/verify-account,1
71,14,7,42,2,0,0,2,4,3,0,5,0.0704,0.7183,0,0,0,1,0,0,4.6123,3.182,0,0,0,0,0,0,0,0,0,0.0,0,http://www.target.com/search?q=machine+learning?ref=nav&q=test&id=76877,0
44,28,9,0,1,2,0,0,0,3,0,0,0.0,0.8409,0,0,0,0,0,1,4.153,3.8249,2,1,0,1,1,1,1,8,0,0.78,2,http://binance-kyc-verification.top/security,1
40,26,7,0,1,2,0,0,0,3,0,1,0.025,0.8,0,0,0,0,0,1,4.2842,4.1329,3,0,0,1,1,1,1,12,1,0.7,1,http://netfl1x-billing-update.com/signin,1
30,17,6,0,1,3,0,0,0,3,0,0,0.0,0.7333,0,0,1,0,0,1,4.0314,3.4548,1,0,0,1,1,1,1,12,1,0.66,2,http://xn--paypl-qqa.com/login,1
53,33,13,0,1,3,0,0,0,4,0,0,0.0,0.8302,0,0,0,0,0,1,4.3106,4.0815,3,1,0,1,1,1,1,10,0,0.88,0,http://hdfc-netbanking-customer-care.sbs/secure/login,1
71,14,25,23,2,0,0,1,3,5,0,5,0.0704,0.7324,0,1,0,1,0,0,4.7129,2.8424,0,0,0,0,0,0,0,2,0,0.29,0,https://www.zomato.com/user/dashboard/analytics?ref=nav&q=test&id=70120,0
77,9,36,23,1,3,0,1,3,5,0,13,0.1688,0.6234,0,1,0,0,0,0,4.9504,2.9477,0,0,0,0,0,0,0,0,0,0.0,0,https://slack.com/questions/12345678/how-to-fix-error?ref=nav&q=test&id=88079,0
17,9,0,0,1,0,0,0,0,2,0,0,0.0,0.7647,0,1,0,0,0,0,3.7345,2.9477,0,0,0,0,0,0,0,0,0,0.0,0,https://quora.com,0
55,34,14,0,2,2,0,0,0,4,0,0,0.0,0.8364,0,0,0,1,0,1,4.3833,4.1944,5,1,0,0,0,0,0,0,0,0.0,0,http://secure.netflix-payment-update.work/account/login,1
43,31,5,0,1,3,0,0,0,3,0,0,0.0,0.814,0,0,0,0,0,1,4.1962,4.0181,3,1,0,1,1,0,1,2,1,0.81,1,http://banking-portal-secure-entry.icu/auth,1
77,19,7,42,2,0,0,2,4,3,0,5,0.0649,0.7403,0,1,0,1,0,0,4.6819,3.4714,0,0,0,0,0,0,0,0,0,0.0,0,https://mail.cloudflare.com/search?q=machine+learning?ref=nav&q=test&id=81271,0
43,31,5,0,1,3,0,0,0,3,0,0,0.0,0.814,0,0,0,0,0,1,4.2313,4.0582,3,1,0,0,0,0,0,0,0,0.0,0,http://banking-portal-secure-entry.cam/auth,1
69,13,18,30,3,0,0,1,1,4,0,14,0.2029,0.6522,1,0,0,2,0,0,4.6188,2.5654,3,0,0,0,0,0,0,0,0,0.0,0,http://15.95.117.126/auth/verification?token=f51usmeuq1tghkv5saegcurk,1
26,13,6,0,2,0,0,0,0,3,0,0,0.0,0.7692,0,0,0,1,0,0,3.5326,2.5654,1,0,0,0,0,0,0,0,0,0.0,0,http://www.twitch.tv/login,0
68,8,30,21,1,0,0,1,2,5,0,1,0.0147,0.8088,0,1,0,0,0,0,4.3064,3.0,0,0,0,0,0,0,0,0,0,0.0,0,https://ebay.com/products/category/electronics?page=2&sort=price_asc,0
45,25,13,0,1,3,0,0,0,4,0,0,0.0,0.8,0,0,0,0,0,1,4.1532,3.7035,2,1,0,0,0,0,0,0,0,0.0,0,http://sbi-online-banking-kyc.gq/retail/login,1
54,39,7,0,4,1,0,0,0,3,0,0,0.0,0.8333,0,1,0,3,1,0,4.3661,4.0159,3,1,1,0,0,0,0,0,0,0.0,0,https://appleid.apple.com.account-recovery.buzz/verify,1
29,12,10,0,4,0,0,0,0,3,0,9,0.3103,0.4138,1,0,0,2,0,0,3.7714,2.3554,1,0,0,1,1,1,1,9,1,0.68,0,http://121.18.6.251/login.php,1
52,37,7,0,4,1,0,0,0,3,0,0,0.0,0.8269,0,1,0,3,1,0,4.2273,3.8819,3,1,1,1,1,1,0,6,1,0.66,0,https://appleid.apple.com.account-recovery.cf/verify,1
52,15,30,0,3,0,0,0,0,5,0,0,0.0,0.8269,0,0,0,1,0,0,4.0565,3.1899,0,0,0,0,0,0,0,4,0,0.31,0,http://www.mozilla.org/download/latest/installer.exe,0
49,37,5,0,1,3,0,0,0,3,0,0,0.0,0.8367,0,0,0,0,0,1,4.2878,3.9927,4,1,0,0,0,0,0,0,0,0.0,0,http://secure-wellsfargo-banking-alert.click/auth,1
40,15,17,0,2,2,0,0,0,3,0,0,0.0,0.8,0,1,0,1,0,0,3.9276,3.1899,1,0,0,0,0,0,0,0,0,0.0,0,https://docs.reddit.com/terms-of-service,0
34,20,7,0,1,3,0,0,0,3,0,1,0.0294,0.7353,0,0,1,0,0,1,4.1163,3.6464,1,0,0,1,1,1,1,5,1,0.69,0,http://xn--mcrosoft-p1a.com/update,1
45,11,27,0,3,2,0,0,0,4,0,8,0.1778,0.6,1,0,0,2,0,0,4.5359,2.4817,3,0,1,0,0,0,0,0,0,0.0,0,http://135.48.15.8/secure/update-banking-info,1
53,33,13,0,1,3,0,0,0,4,0,0,0.0,0.8302,0,0,0,0,0,1,4.3037,4.1421,3,1,0,0,0,0,0,0,0,0.0,0,http://hdfc-netbanking-customer-care.top/secure/login,1
30,16,7,0,2,0,0,0,0,3,0,0,0.0,0.8,0,0,0,1,0,0,4.0314,3.3278,1,0,0,1,1,0,0,4,0,0.2,0,http://api.facebook.com/signin,0
28,14,7,0,2,0,0,0,0,3,0,0,0.0,0.7857,0,0,0,1,0,0,3.8424,3.182,2,0,0,0,0,0,0,0,0,0.0,0,http://api.google.com/signin,0
64,16,40,0,2,1,0,0,0,6,0,6,0.0938,0.75,0,1,0,1,0,0,4.4548,3.1556,0,0,0,0,0,0,0,0,0,0.0,0,https://mail.walmart.com/article/2026/08/technology-breakthrough,0
28,14,7,0,2,0,0,0,0,3,0,0,0.0,0.7857,0,0,0,1,0,0,3.8424,3.3788,1,0,0,1,1,0,0,1,0,0.26,0,http://app.gitlab.com/signin,0
75,15,30,21,2,0,0,1,2,5,0,1,0.0133,0.8133,0,1,0,1,0,0,4.3865,3.3232,0,0,0,0,0,0,0,2,0,0.1,0,https://dev.dropbox.com/products/category/electronics?page=2&sort=price_asc,0
46,13,26,0,2,1,0,0,0,6,0,0,0.0,0.7609,0,0,0,0,0,0,4.0751,3.3927,3,1,1,1,1,1,1,11,1,0.73,0,http://auth-check.ml/https://paypal.com/signin,1
43,18,17,0,2,0,0,0,0,4,0,0,0.0,0.8372,0,1,0,1,0,0,3.9873,3.5033,0,0,0,0,0,0,0,4,0,0.18,0,https://api.salesforce.com/profile/settings,0
46,21,17,0,2,0,0,0,0,4,0,0,0.0,0.8478,0,1,0,1,0,0,4.2512,3.5585,0,0,0,0,0,0,0,3,0,0.27,0,https://www.bankofamerica.com/profile/settings,0
34,20,7,0,1,3,0,0,0,3,0,1,0.0294,0.7353,0,0,1,0,0,1,4.1163,3.6464,1,0,0,0,0,0,0,0,0,0.0,0,http://xn--mcrosoft-p1a.com/update,1
50,32,11,0,1,3,0,0,0,3,0,0,0.0,0.84,0,0,0,0,0,1,4.2109,3.9056,3,1,0,1,1,1,1,11,1,0.68,2,http://unauthorized-login-detected.buzz/secure-now,1
74,14,30,21,2,0,0,1,2,5,0,1,0.0135,0.8108,0,1,0,1,0,0,4.3228,3.0391,0,0,0,0,0,0,0,2,0,0.14,0,https://mail.yahoo.com/products/category/electronics?page=2&sort=price_asc,0
44,30,7,0,1,2,0,0,0,3,0,0,0.0,0.8409,0,0,0,0,0,1,4.0709,3.8151,0,1,0,0,0,0,0,0,0,0.0,0,http://immediate-action-required.work/notice,1
52,23,22,0,1,3,0,0,0,4,0,0,0.0,0.8269,0,0,0,0,0,1,4.2499,3.7951,4,1,0,0,0,0,0,0,0,0.0,0,http://chase-security-alert.gq/auth/confirm-identity,1
51,37,7,0,1,3,0,0,0,3,0,0,0.0,0.8431,0,0,0,0,0,1,4.1872,3.733,3,1,0,0,0,0,0,0,0,0.0,0,http://coinbase-account-suspended-notice.fun/verify,1
52,18,27,0,2,1,0,0,0,7,0,0,0.0,0.7885,0,0,0,0,0,0,4.2884,3.9477,4,1,0,0,0,0,0,0,0,0.0,0,http://portal-service.xyz//account/verify//login.php,1
49,34,8,0,1,3,0,0,0,3,0,0,0.0,0.8367,0,0,0,0,0,1,4.2241,3.9957,1,1,0,1,1,1,1,10,1,0.72,2,http://metamask-wallet-recovery-phrase.gq/connect,1
70,21,17,23,2,2,0,1,3,3,0,5,0.0714,0.7286,0,1,0,1,0,0,4.597,3.5352,1,0,0,0,0,0,0,0,0,0.2,0,https://api.bankofamerica.com/terms-of-service?ref=nav&q=test&id=60069,0
42,10,25,0,1,0,0,0,0,5,0,0,0.0,0.8333,0,0,0,0,0,0,4.2321,3.1219,0,0,0,0,0,0,0,0,0,0.0,0,http://kaggle.com/user/dashboard/analytics,0
44,16,6,13,2,0,0,1,1,3,0,2,0.0455,0.7727,0,1,0,1,0,0,4.3797,3.375,0,0,0,0,0,0,0,1,0,0.18,0,https://docs.walmart.com/watch?v=dQw4w9WgXcQ,0
67,7,30,21,1,0,0,1,2,5,0,1,0.0149,0.806,0,1,0,0,0,0,4.3105,2.5216,0,0,0,0,0,0,0,0,0,0.0,0,https://zoom.us/products/category/electronics?page=2&sort=price_asc,0
53,38,7,0,4,1,0,0,0,3,0,0,0.0,0.8302,0,1,0,3,1,0,4.2752,3.945,3,1,1,1,1,1,0,9,0,0.95,2,https://appleid.apple.com.account-recovery.fun/verify,1
67,11,25,22,2,0,0,1,3,5,0,4,0.0597,0.7313,0,1,0,1,0,0,4.6228,2.914,0,0,0,0,0,0,0,0,0,0.0,0,https://dev.cnn.com/user/dashboard/analytics?ref=nav&q=test&id=3705,0
83,11,40,23,1,1,0,1,3,6,0,11,0.1325,0.6867,0,1,0,0,0,0,4.878,3.0958,0,0,0,0,0,0,0,0,0,0.15,0,https://mozilla.org/article/2026/08/technology-breakthrough?ref=nav&q=test&id=13413,0
51,15,28,0,2,2,0,0,0,4,0,0,0.0,0.8235,0,1,0,1,0,0,4.0106,3.3736,1,0,0,0,0,0,0,0,0,0.0,0,https://blog.target.com/help-center/contact-support,0
50,35,8,0,1,3,0,0,0,3,0,0,0.0,0.84,0,0,0,0,0,1,4.2411,4.0116,1,1,0,1,1,1,1,11,1,0.75,2,http://metamask-wallet-recovery-phrase.xyz/connect,1
33,19,7,0,1,1,0,0,0,3,0,1,0.0303,0.7879,0,0,0,0,0,0,4.165,3.8269,2,0,0,0,0,0,0,0,0,0.0,0,http://paypa1-security.com/webscr,1
45,15,23,0,2,1,0,0,0,4,0,0,0.0,0.8222,0,0,0,1,0,0,4.2116,3.5069,0,0,0,0,0,0,0,0,0,0.13,0,http://dev.nytimes.com/explore/popular-topics,0
57,14,36,0,2,3,0,0,0,5,0,8,0.1404,0.6667,0,0,0,1,0,0,4.684,3.0391,1,0,0,0,0,0,0,4,0,0.19,0,http://www.paypal.com/questions/12345678/how-to-fix-error,0
46,26,13,0,1,3,0,0,0,4,0,0,0.0,0.8043,0,0,0,0,0,1,4.1107,3.5843,2,1,0,0,0,0,0,0,0,0.0,0,http://sbi-online-banking-kyc.sbs/retail/login,1
52,37,7,0,4,1,0,0,0,3,0,0,0.0,0.8269,0,1,0,3,1,0,4.2273,3.8819,3,1,1,1,1,1,0,9,1,0.76,1,https://appleid.apple.com.account-recovery.cf/verify,1
38,13,18,0,4,0,0,0,0,4,0,10,0.2632,0.5,1,0,0,2,0,0,3.995,2.5654,2,0,1,1,1,1,1,12,1,0.72,0,http://164.99.81.121/paypal/signin.php,1
51,18,25,0,2,0,0,0,0,5,0,0,0.0,0.8431,0,1,0,1,0,0,4.1383,3.4613,2,0,0,0,0,0,0,4,0,0.22,0,https://support.amazon.com/user/dashboard/analytics,0
44,29,8,0,1,3,0,0,0,3,0,0,0.0,0.8182,0,0,0,0,0,1,4.1635,3.7623,2,1,0,1,1,0,1,10,1,0.67,0,http://verify-your-identity-now.work/confirm,1
20,12,0,0,2,0,0,0,0,2,0,0,0.0,0.75,0,1,0,1,0,0,3.7219,3.085,0,0,0,0,0,0,0,0,0,0.0,0,https://blog.nih.gov,0
30,17,6,0,1,3,0,0,0,3,0,0,0.0,0.7333,0,0,1,0,0,1,4.2566,3.4548,0,0,0,0,0,0,0,0,0,0.0,0,http://xn--gogle-qqa.com/drive,1
53,38,7,0,4,1,0,0,0,3,0,0,0.0,0.8302,0,1,0,3,1,0,4.3364,3.9977,3,1,1,0,0,0,0,0,0,0.0,0,https://appleid.apple.com.account-recovery.xyz/verify,1
71,15,25,23,2,0,0,1,3,5,0,5,0.0704,0.7324,0,0,0,1,0,0,4.6899,3.6402,1,0,0,0,0,0,0,4,0,0.21,0,http://api.netflix.com/user/dashboard/analytics?ref=nav&q=test&id=19492,0
32,18,6,0,2,0,0,0,0,3,0,1,0.0312,0.7812,0,1,0,1,0,0,3.9292,3.3502,1,0,0,0,0,0,0,0,0,0.0,0,https://mail.w3schools.com/login,0
49,36,6,0,4,1,0,0,0,3,0,0,0.0,0.8163,0,0,0,3,1,0,4.1713,3.8921,3,1,1,1,1,1,1,10,1,0.9,1,http://appleid.apple.com.verify-identity.cf/login,1
49,31,11,0,1,3,0,0,0,4,0,3,0.0612,0.7551,0,0,0,0,0,1,4.449,4.1069,4,1,0,1,1,1,1,5,1,0.82,1,http://microsoft-365-password-reset.gq/auth/login,1
46,10,28,0,1,2,0,0,0,4,0,0,0.0,0.8261,0,1,0,0,0,0,4.0395,3.1219,1,0,0,0,0,0,0,0,0,0.0,0,https://kaggle.com/help-center/contact-support,0
82,15,36,23,2,3,0,1,3,5,0,13,0.1585,0.6341,0,0,0,1,0,0,4.9258,3.0566,1,0,0,0,0,0,0,0,0,0.0,0,http://mail.google.com/questions/12345678/how-to-fix-error?ref=nav&q=test&id=16060,0
34,13,14,0,3,0,0,0,0,4,0,10,0.2941,0.4706,1,0,0,2,0,0,4.1385,2.6612,2,0,1,1,1,1,1,11,1,0.66,0,http://168.7.187.129/netflix/login,1
47,34,6,0,1,3,0,0,0,3,0,0,0.0,0.8298,0,0,0,0,0,1,4.1334,3.8559,2,1,0,0,0,0,0,0,0,0.0,0,http://icici-rewards-points-redemption.ga/claim,1
48,15,25,0,2,0,0,0,0,5,0,0,0.0,0.8333,0,1,0,1,0,0,4.1893,3.3736,0,0,0,0,0,0,0,0,0,0.0,0,https://mail.docker.com/user/dashboard/analytics,0
76,15,30,23,3,0,0,1,3,5,0,5,0.0658,0.7368,0,0,0,1,0,0,4.5781,3.1396,0,0,0,0,0,0,0,0,0,0.0,0,http://www.dropbox.com/download/latest/installer.exe?ref=nav&q=test&id=98885,0
72,25,40,0,2,1,0,0,0,6,0,6,0.0833,0.7778,0,0,0,1,0,0,4.3704,3.3231,1,0,0,0,0,0,0,0,0,0.0,0,http://support.geeksforgeeks.org/article/2026/08/technology-breakthrough,0
24,15,1,0,2,0,0,0,0,3,0,0,0.0,0.75,0,1,0,1,0,0,3.6573,3.5069,1,0,0,0,0,0,0,0,0,0.0,0,https://support.nih.gov/,0
51,18,25,0,2,2,0,0,0,4,0,0,0.0,0.8235,0,1,0,1,0,0,4.1364,3.5033,0,0,0,0,0,0,0,1,0,0.27,0,https://api.salesforce.com/about-us/leadership-team,0
47,19,6,13,2,0,0,1,1,3,0,2,0.0426,0.7872,0,1,0,1,0,0,4.5464,3.4316,0,0,0,0,0,0,0,0,0,0.0,0,https://docs.cloudflare.com/watch?v=dQw4w9WgXcQ,0
25,17,0,0,2,0,0,0,0,2,0,0,0.0,0.8,0,1,0,1,0,0,3.9737,3.7345,0,0,0,0,0,0,0,0,0,0.0,0,https://docs.flipkart.com,0
52,35,10,0,1,3,0,0,0,4,0,0,0.0,0.8269,0,0,0,0,0,1,4.1833,4.0004,2,1,0,1,1,0,1,5,0,0.71,0,http://amazon-unusual-activity-signin.work/ap/signin,1
70,14,25,22,2,0,0,1,3,5,0,4,0.0571,0.7429,0,1,0,1,0,0,4.6883,3.2359,1,0,0,0,0,0,0,1,0,0.15,0,https://blog.apple.com/user/dashboard/analytics?ref=nav&q=test&id=5728,0
75,15,30,21,2,0,0,1,2,5,0,1,0.0133,0.8133,0,1,0,1,0,0,4.2603,3.3232,0,0,0,0,0,0,0,0,0,0.0,0,https://api.twitter.com/products/category/electronics?page=2&sort=price_asc,0
43,10,25,0,1,2,0,0,0,4,0,0,0.0,0.814,0,1,0,0,0,0,4.1558,2.7219,1,0,0,0,0,0,0,0,0,0.0,0,https://amazon.com/about-us/leadership-team,0
38,24,7,0,1,2,0,0,0,3,0,0,0.0,0.8158,0,0,0,0,0,1,4.2866,4.0535,4,1,0,1,1,1,1,4,1,0.9,0,http://paypal-account-verify.gq/signin,1
55,40,7,0,4,1,0,0,0,3,0,0,0.0,0.8364,0,1,0,3,1,0,4.2538,3.8776,3,1,1,0,0,0,0,0,0,0.0,0,https://appleid.apple.com.account-recovery.click/verify,1
54,15,7,23,2,0,0,1,3,3,0,5,0.0926,0.6852,0,1,0,1,0,0,4.6831,3.5069,1,0,0,1,1,0,0,0,0,0.06,0,https://docs.github.com/signin?ref=nav&q=test&id=50972,0
51,33,11,0,1,3,0,0,0,4,0,3,0.0588,0.7647,0,0,0,0,0,1,4.418,3.9912,4,1,0,0,0,0,0,0,0,0.0,0,http://microsoft-365-password-reset.work/auth/login,1
47,35,5,0,1,3,0,0,0,3,0,0,0.0,0.8298,0,0,0,0,0,1,4.1977,4.0004,3,1,0,0,0,0,0,0,0,0.0,0,http://banking-portal-secure-entry.monster/auth,1
43,11,1,23,2,0,0,1,3,3,0,5,0.1163,0.6047,0,0,0,1,0,0,4.5653,2.914,0,0,0,0,0,0,0,0,0,0.0,0,http://dev.cnn.com/?ref=nav&q=test&id=62041,0
50,14,28,0,2,2,0,0,0,4,0,0,0.0,0.82,0,1,0,1,0,0,4.1435,3.182,1,0,0,0,0,0,0,0,0,0.0,0,https://www.kaggle.com/help-center/contact-support,0
39,15,17,0,2,0,0,0,0,4,0,0,0.0,0.8205,0,0,0,1,0,0,4.1311,3.3736,0,0,0,0,0,0,0,3,0,0.14,0,http://docs.kaggle.com/profile/settings,0
41,27,7,0,1,2,0,0,0,3,0,0,0.0,0.8293,0,0,0,0,0,1,4.2411,3.9121,4,1,0,0,0,0,0,0,0,0.0,0,http://paypal-account-verify.click/signin,1
52,22,22,0,2,1,0,0,0,5,0,1,0.0192,0.8077,0,1,0,1,0,0,4.071,3.1747,0,0,0,0,0,0,0,3,0,0.13,0,https://docs.geeksforgeeks.org/docs/v2/api-reference,0
38,13,17,0,2,2,0,0,0,3,0,0,0.0,0.7895,0,1,0,1,0,0,4.1486,3.027,1,0,0,0,0,0,0,1,0,0.16,0,https://www.arxiv.org/terms-of-service,0
54,34,13,0,1,3,0,0,0,4,0,0,0.0,0.8333,0,0,0,0,0,1,4.3638,4.1529,3,1,0,0,0,0,0,0,0,0.0,0,http://hdfc-netbanking-customer-care.work/secure/login,1
46,21,17,0,2,2,0,0,0,3,0,0,0.0,0.8261,0,1,0,1,0,0,4.1536,3.7849,1,0,0,0,0,0,0,4,0,0.06,0,https://app.stackoverflow.com/terms-of-service,0
20,12,0,0,2,0,0,0,0,2,0,0,0.0,0.75,0,1,0,1,0,0,3.5464,2.8554,0,0,0,0,0,0,0,1,0,0.14,0,https://docs.zoom.us,0
61,17,36,0,3,3,0,0,0,5,0,8,0.1311,0.6721,0,1,0,2,0,0,4.4782,3.3372,1,0,1,0,0,0,0,1,0,0.23,0,https://support.sbi.co.in/questions/12345678/how-to-fix-error,0
74,14,28,23,2,2,0,1,3,4,0,5,0.0676,0.7297,0,1,0,1,0,0,4.557,2.8963,1,0,0,0,0,0,0,0,0,0.0,0,https://app.zomato.com/help-center/contact-support?ref=nav&q=test&id=83199,0
60,12,40,0,2,1,0,0,0,6,0,6,0.1,0.7333,0,1,0,1,0,0,4.5237,3.2516,0,0,0,0,0,0,0,0,0,0.0,0,https://dev.ebay.com/article/2026/08/technology-breakthrough,0
35,14,14,0,3,0,0,0,0,4,0,11,0.3143,0.4571,1,0,0,2,0,0,4.1719,2.7534,2,0,1,0,0,0,0,0,0,0.0,0,http://65.184.228.164/netflix/login,1
49,36,6,0,2,2,0,0,0,3,0,0,0.0,0.8367,0,0,0,1,0,1,4.3386,3.9959,4,1,1,1,1,1,1,3,1,0.7,2,http://wellsfargo.banking-access-service.gq/login,1
43,29,7,0,1,2,0,0,0,3,0,0,0.0,0.8372,0,0,0,0,0,1,4.2863,4.0733,4,1,0,1,1,0,1,10,1,0.8,1,http://paypal-account-verify.monster/signin,1
52,37,7,0,4,1,0,0,0,3,0,0,0.0,0.8269,0,1,0,3,1,0,4.3352,3.9795,3,1,1,1,1,1,0,12,1,0.68,2,https://appleid.apple.com.account-recovery.gq/verify,1
30,17,6,0,1,3,0,0,0,3,0,0,0.0,0.7333,0,0,1,0,0,1,4.2566,3.4548,0,0,0,0,0,0,0,0,0,0.0,0,http://xn--gogle-qqa.com/drive,1
48,34,7,0,1,3,0,0,0,3,0,0,0.0,0.8333,0,0,0,0,0,1,4.3717,4.0575,2,1,0,1,1,1,1,6,1,0.76,1,http://customer-support-helpdesk-agent.gq/verify,1
43,18,17,0,2,0,0,0,0,4,0,0,0.0,0.8372,0,1,0,1,0,0,3.9759,3.3921,0,0,0,0,0,0,0,0,0,0.34,0,https://app.salesforce.com/profile/settings,0
82,11,40,23,1,1,0,1,3,6,0,11,0.1341,0.6829,0,0,0,0,0,0,4.8601,3.2776,0,0,0,0,0,0,0,3,0,0.08,0,http://nytimes.com/article/2026/08/technology-breakthrough?ref=nav&q=test&id=17316,0
47,14,25,0,2,0,0,0,0,5,0,0,0.0,0.8298,0,1,0,1,0,0,4.236,3.3249,0,0,0,0,0,0,0,0,0,0.26,0,https://www.gitlab.com/user/dashboard/analytics,0
33,19,7,0,1,1,0,0,0,3,0,1,0.0303,0.7879,0,0,0,0,0,0,4.165,3.8269,2,0,0,0,0,0,0,0,0,0.0,0,http://paypa1-security.com/webscr,1
42,28,7,0,1,3,0,0,0,3,0,0,0.0,0.8095,0,0,0,0,0,1,4.1033,3.8518,3,1,0,1,1,1,1,12,1,0.89,1,http://claim-free-crypto-airdrop.tk/wallet,1
57,10,40,0,1,1,0,0,0,6,0,6,0.1053,0.7368,0,0,0,0,0,0,4.3983,3.1219,0,0,0,0,0,0,0,1,0,0.25,0,http://reddit.com/article/2026/08/technology-breakthrough,0
79,17,30,23,3,0,0,1,3,5,0,5,0.0633,0.7468,0,1,0,1,0,0,4.5511,3.2639,0,0,0,0,0,0,0,1,0,0.28,0,https://api.wikipedia.org/download/latest/installer.exe?ref=nav&q=test&id=10243,0
59,14,38,0,2,1,0,0,0,6,0,0,0.0,0.8305,0,0,0,1,0,0,4.1384,3.182,0,0,0,0,0,0,0,0,0,0.0,0,http://www.kaggle.com/repos/organization/repo-name/releases,0
70,14,18,30,3,0,0,1,1,4,0,17,0.2429,0.6143,1,0,0,2,0,0,4.8472,2.5567,3,0,0,0,0,0,0,0,0,0.0,0,http://73.127.251.253/auth/verification?token=jffs7sb0m508miwiwlp5agpr,1
67,10,25,23,1,2,0,1,3,4,0,5,0.0746,0.7164,0,1,0,0,0,0,4.6625,2.8464,0,0,0,0,0,0,0,0,0,0.0,0,https://medium.com/about-us/leadership-team?ref=nav&q=test&id=38250,0
52,23,22,0,1,3,0,0,0,4,0,0,0.0,0.8269,0,0,0,0,0,1,4.1663,3.6753,4,1,0,0,0,0,0,0,0,0.0,0,http://chase-security-alert.tk/auth/confirm-identity,1
30,17,6,0,1,3,0,0,0,3,0,0,0.0,0.7333,0,0,1,0,0,1,4.2566,3.4548,0,0,0,1,1,0,1,5,1,0.85,0,http://xn--gogle-qqa.com/drive,1
42,30,5,0,1,3,0,0,0,3,0,0,0.0,0.8095,0,0,0,0,0,1,4.2462,4.0729,3,1,0,0,0,0,0,0,0,0.0,0,http://banking-portal-secure-entry.ml/auth,1
30,17,6,0,1,3,0,0,0,3,0,0,0.0,0.7333,0,0,1,0,0,1,4.0314,3.4548,1,0,0,1,1,1,1,11,1,0.67,0,http://xn--paypl-qqa.com/login,1
38,14,17,0,2,2,0,0,0,3,0,0,0.0,0.7895,0,0,0,1,0,0,4.1685,3.2359,2,0,0,0,0,0,0,0,0,0.0,0,http://dev.amazon.com/terms-of-service,0
82,22,30,21,2,0,0,1,2,5,0,1,0.0122,0.8293,0,1,0,1,0,0,4.3291,3.4251,0,0,0,0,0,0,0,1,0,0.25,0,https://mail.geeksforgeeks.org/products/category/electronics?page=2&sort=price_asc,0
72,15,7,42,2,0,0,2,4,3,0,5,0.0694,0.7222,0,0,0,1,0,0,4.6091,3.5069,0,0,0,0,0,0,0,0,0,0.0,0,http://app.nytimes.com/search?q=machine+learning?ref=nav&q=test&id=62333,0
48,30,11,0,1,3,0,0,0,3,0,0,0.0,0.8333,0,0,0,0,0,1,4.2173,3.9232,3,1,0,1,1,1,1,8,0,0.74,1,http://unauthorized-login-detected.ml/secure-now,1
30,17,6,0,1,3,0,0,0,3,0,0,0.0,0.7333,0,0,1,0,0,1,4.2566,3.4548,0,0,0,0,0,0,0,0,0,0.0,0,http://xn--gogle-qqa.com/drive,1
28,14,6,0,2,0,0,0,0,3,0,0,0.0,0.7857,0,1,0,1,0,0,3.7709,3.3788,2,0,0,1,1,0,0,0,0,0.08,0,https://support.gov.in/login,0
51,38,6,0,2,2,0,0,0,3,0,0,0.0,0.8431,0,0,0,1,0,1,4.4316,4.1029,4,1,1,0,0,0,0,0,0,0.0,0,http://wellsfargo.banking-access-service.buzz/login,1
69,13,18,30,3,0,0,1,1,4,0,22,0.3188,0.5362,1,0,0,2,0,0,4.7527,2.6612,3,0,0,1,1,1,1,8,0,0.93,1,http://197.239.90.20/auth/verification?token=a8o4r5907g4d56th27safne2,1
38,14,17,0,2,0,0,0,0,4,0,0,0.0,0.8158,0,0,0,1,0,0,3.9778,2.8424,1,0,0,0,0,0,0,0,0,0.0,0,http://www.google.com/profile/settings,0
28,15,6,0,2,0,0,0,0,3,0,0,0.0,0.7857,0,0,0,1,0,0,3.9408,3.5069,1,0,0,0,0,0,0,0,0,0.0,0,http://blog.reddit.com/login,0
49,20,7,14,3,1,0,1,1,3,0,0,0.0,0.7755,0,0,0,2,0,0,4.5835,3.5842,4,1,1,0,0,0,0,0,0,0.0,0,http://login.paypal.com.fun/webscr?cmd=_login-run,1
70,13,25,23,3,0,0,1,3,5,0,5,0.0714,0.7143,0,1,0,2,0,0,4.5956,3.1808,0,0,1,0,0,0,0,0,0,0.0,0,https://dev.sbi.co.in/user/dashboard/analytics?ref=nav&q=test&id=39464,0
47,33,7,0,1,3,0,0,0,3,0,0,0.0,0.8298,0,0,0,0,0,1,4.1634,3.862,5,1,0,0,0,0,0,0,0,0.0,0,http://paypal-account-security-update.cf/verify,1
47,33,7,0,1,3,0,0,0,3,0,0,0.0,0.8298,0,0,0,0,0,1,4.1921,3.862,5,1,0,1,1,1,1,7,1,0.74,1,http://paypal-account-security-update.tk/verify,1
50,37,6,0,4,1,0,0,0,3,0,0,0.0,0.82,0,0,0,3,1,0,4.2542,3.9999,3,1,1,0,0,0,0,0,0,0.0,0,http://appleid.apple.com.verify-identity.xyz/login,1
67,23,9,27,2,2,0,1,1,5,0,0,0.0,0.806,0,0,0,0,0,0,4.1984,3.4642,1,1,0,1,1,1,1,4,1,0.8,0,http://suspicious-site.monster/redirect?url=http://victim-login.com,1
45,13,25,0,4,0,0,0,0,5,0,10,0.2222,0.5556,1,0,0,2,0,0,4.2443,2.4493,2,0,1,1,1,1,1,3,1,0.68,2,http://109.49.108.10/signin/paypal/index.html,1
51,37,7,0,1,3,0,0,0,3,0,0,0.0,0.8431,0,0,0,0,0,1,4.1627,3.6585,3,1,0,1,1,1,1,11,1,0.86,1,http://coinbase-account-suspended-notice.icu/verify,1
49,31,11,0,1,3,0,0,0,3,0,0,0.0,0.8367,0,0,0,0,0,1,4.2187,3.9378,3,1,0,0,0,0,0,0,0,0.0,0,http://unauthorized-login-detected.cam/secure-now,1
41,16,17,0,2,2,0,0,0,3,0,0,0.0,0.8049,0,1,0,1,0,0,4.2899,3.625,1,0,0,0,0,0,0,0,0,0.0,0,https://api.hdfcbank.com/terms-of-service,0
50,32,11,0,1,3,0,0,0,4,0,3,0.06,0.76,0,0,0,0,0,1,4.4064,4.0542,4,1,0,1,1,1,1,10,1,0.88,1,http://microsoft-365-password-reset.icu/auth/login,1
38,13,18,0,4,0,0,0,0,4,0,10,0.2632,0.5,1,0,0,2,0,0,4.0804,2.8151,2,0,1,1,1,0,1,8,1,0.8,2,http://180.254.14.31/paypal/signin.php,1
47,13,7,18,3,0,0,1,1,3,0,0,0.0,0.7872,0,1,0,2,0,0,4.3197,2.8151,0,0,1,0,0,0,0,0,0,0.0,0,https://www.sbi.co.in/search?q=machine+learning,0
49,34,8,0,1,3,0,0,0,3,0,0,0.0,0.8367,0,0,0,0,0,1,4.1117,3.8337,1,1,0,0,0,0,0,0,0,0.0,0,http://metamask-wallet-recovery-phrase.ml/connect,1
45,13,25,0,4,0,0,0,0,5,0,10,0.2222,0.5556,1,0,0,2,0,0,4.2779,2.5654,2,0,1,1,1,1,1,3,0,0.93,0,http://127.87.24.184/signin/paypal/index.html,1
47,33,7,0,1,3,0,0,0,3,0,0,0.0,0.8298,0,0,0,0,0,1,4.1921,3.862,5,1,0,0,0,0,0,0,0,0.0,0,http://paypal-account-security-update.tk/verify,1
40,26,7,0,1,2,0,0,0,3,0,1,0.025,0.8,0,0,0,0,0,1,4.2842,4.1329,3,0,0,0,0,0,0,0,0,0.0,0,http://netfl1x-billing-update.com/signin,1
40,26,7,0,1,2,0,0,0,3,0,0,0.0,0.825,0,0,0,0,0,1,4.3587,4.056,4,1,0,0,0,0,0,0,0,0.0,0,http://paypal-account-verify.buzz/signin,1
46,14,25,0,4,0,0,0,0,5,0,11,0.2391,0.5435,1,0,0,2,0,0,4.2761,2.5567,2,0,1,0,0,0,0,0,0,0.0,0,http://51.122.164.129/signin/paypal/index.html,1
46,12,7,18,2,0,0,1,1,3,0,0,0.0,0.8043,0,1,0,1,0,0,4.284,3.2516,0,0,0,0,0,0,0,0,0,0.0,0,https://api.bing.com/search?q=machine+learning,0
66,17,17,23,2,2,0,1,3,3,0,5,0.0758,0.7121,0,1,0,1,0,0,4.6066,3.4992,1,0,0,0,0,0,0,0,0,0.0,0,https://mail.flipkart.com/terms-of-service?ref=nav&q=test&id=24428,0
59,11,40,0,2,1,0,0,0,6,0,6,0.1017,0.7288,0,1,0,1,0,0,4.4971,3.0958,0,0,0,0,0,0,0,0,0,0.0,0,https://docs.gov.in/article/2026/08/technology-breakthrough,0
50,14,28,0,2,2,0,0,0,4,0,0,0.0,0.82,0,1,0,1,0,0,3.9362,3.2359,2,0,0,0,0,0,0,0,0,0.0,0,https://docs.apple.com/help-center/contact-support,0
30,17,6,0,1,3,0,0,0,3,0,0,0.0,0.7333,0,0,1,0,0,1,4.2566,3.4548,0,0,0,1,1,1,1,9,1,0.75,1,http://xn--gogle-qqa.com/drive,1
49,31,11,0,1,3,0,0,0,3,0,0,0.0,0.8367,0,0,0,0,0,1,4.1291,3.8732,3,1,0,0,0,0,0,0,0,0.0,0,http://unauthorized-login-detected.top/secure-now,1
53,15,30,0,3,0,0,0,0,5,0,0,0.0,0.8302,0,1,0,1,0,0,4.162,3.1899,0,0,0,0,0,0,0,3,0,0.35,0,https://www.youtube.com/download/latest/installer.exe,0
75,15,28,23,2,2,0,1,3,4,0,5,0.0667,0.7333,0,1,0,1,0,0,4.6917,3.3232,1,0,0,0,0,0,0,0,0,0.0,0,https://blog.medium.com/help-center/contact-support?ref=nav&q=test&id=28837,0
45,13,25,0,4,0,0,0,0,5,0,10,0.2222,0.5556,1,0,0,2,0,0,4.3055,2.6612,2,0,1,0,0,0,0,0,0,0.0,0,http://134.67.113.27/signin/paypal/index.html,1
30,13,10,0,4,0,0,0,0,3,0,10,0.3333,0.4,1,0,0,2,0,0,3.6981,2.1997,1,0,0,1,1,0,1,2,0,0.92,2,http://196.17.197.19/login.php,1
49,15,27,0,3,2,0,0,0,4,0,12,0.2449,0.551,1,0,0,2,0,0,4.6397,2.8729,3,0,1,1,1,1,1,8,0,0.73,0,http://208.198.163.196/secure/update-banking-info,1
81,10,40,23,1,1,0,1,3,6,0,11,0.1358,0.679,0,0,0,0,0,0,4.804,3.3219,0,0,0,0,0,0,0,0,0,0.0,0,http://gitlab.com/article/2026/08/technology-breakthrough?ref=nav&q=test&id=46203,0
68,8,28,23,1,2,0,1,3,4,0,5,0.0735,0.7206,0,1,0,0,0,0,4.6553,2.75,1,0,0,0,0,0,0,2,0,0.34,0,https://imdb.com/help-center/contact-support?ref=nav&q=test&id=67253,0
36,11,18,0,4,0,0,0,0,4,0,8,0.2222,0.5278,1,0,0,2,0,0,3.9376,2.4131,2,0,1,1,1,1,1,10,1,0.7,0,http://123.81.8.41/paypal/signin.php,1
71,17,23,22,2,1,0,1,3,4,0,4,0.0563,0.7465,0,1,0,1,0,0,4.5485,3.3372,1,0,0,0,0,0,0,0,0,0.0,0,https://app.microsoft.com/explore/popular-topics?ref=nav&q=test&id=1951,0
48,15,25,0,2,0,0,0,0,5,0,0,0.0,0.8333,0,1,0,1,0,0,4.1612,3.3736,0,0,0,0,0,0,0,0,0,0.0,0,https://blog.target.com/user/dashboard/analytics,0
48,30,11,0,1,3,0,0,0,3,0,0,0.0,0.8333,0,0,0,0,0,1,4.1777,3.8817,3,1,0,0,0,0,0,0,0,0.0,0,http://unauthorized-login-detected.tk/secure-now,1
66,14,6,37,1,0,0,2,4,3,0,7,0.1061,0.697,0,1,0,0,0,0,4.8833,3.5216,0,0,0,0,0,0,0,0,0,0.19,0,https://aliexpress.com/watch?v=dQw4w9WgXcQ?ref=nav&q=test&id=21102,0
57,18,7,23,2,0,0,1,3,3,0,5,0.0877,0.7018,0,1,0,1,0,0,4.5254,3.4613,1,0,0,1,1,0,0,1,0,0.14,0,https://app.huggingface.co/signin?ref=nav&q=test&id=43131,0
72,14,28,22,2,2,0,1,3,4,0,4,0.0556,0.7361,0,0,0,1,0,0,4.5008,3.3788,1,0,0,0,0,0,0,0,0,0.0,0,http://api.reddit.com/help-center/contact-support?ref=nav&q=test&id=2402,0
45,14,23,0,2,1,0,0,0,4,0,0,0.0,0.8222,0,1,0,1,0,0,4.0665,3.0391,0,0,0,0,0,0,0,2,0,0.31,0,https://docs.adobe.com/explore/popular-topics,0
48,18,22,0,2,1,0,0,0,5,0,2,0.0417,0.7708,0,1,0,1,0,0,4.3512,3.281,0,0,0,0,0,0,0,0,0,0.0,0,https://blog.w3schools.com/docs/v2/api-reference,0
34,20,7,0,1,3,0,0,0,3,0,1,0.0294,0.7353,0,0,1,0,0,1,4.1163,3.6464,1,0,0,1,1,0,1,11,1,0.81,2,http://xn--mcrosoft-p1a.com/update,1
28,15,6,0,2,0,0,0,0,3,0,0,0.0,0.7857,0,0,0,1,0,0,3.7265,3.0566,2,0,0,1,1,0,0,1,0,0.31,0,http://mail.google.com/login,0
57,37,13,0,1,3,0,0,0,4,0,0,0.0,0.8421,0,0,0,0,0,1,4.2716,4.0468,3,1,0,1,1,1,1,7,1,0.87,0,http://hdfc-netbanking-customer-care.monster/secure/login,1
47,34,6,0,1,3,0,0,0,3,0,0,0.0,0.8298,0,0,0,0,0,1,4.1153,3.8337,2,1,0,1,1,0,1,5,1,0.93,1,http://icici-rewards-points-redemption.tk/claim,1
51,15,28,0,2,2,0,0,0,4,0,0,0.0,0.8235,0,1,0,1,0,0,4.0522,3.0566,1,0,0,0,0,0,0,3,0,0.21,0,https://docs.medium.com/help-center/contact-support,0
49,31,11,0,1,3,0,0,0,4,0,3,0.0612,0.7551,0,0,0,0,0,1,4.3928,4.0424,4,1,0,0,0,0,0,0,0,0.0,0,http://microsoft-365-password-reset.ga/auth/login,1
50,36,7,0,1,3,0,0,0,3,0,0,0.0,0.84,0,0,0,0,0,1,4.2962,3.8292,3,1,0,1,1,1,1,9,1,0.79,0,http://coinbase-account-suspended-notice.gq/verify,1
53,33,13,0,1,3,0,0,0,4,0,0,0.0,0.8302,0,0,0,0,0,1,4.4615,4.2862,3,1,0,1,1,1,1,10,0,0.76,2,http://hdfc-netbanking-customer-care.xyz/secure/login,1
50,35,8,0,1,3,0,0,0,3,0,0,0.0,0.84,0,0,0,0,0,1,4.1611,3.8973,1,1,0,0,0,0,0,0,0,0.0,0,http://metamask-wallet-recovery-phrase.sbs/connect,1
49,34,8,0,1,3,0,0,0,3,0,0,0.0,0.8367,0,0,0,0,0,1,4.1505,3.8895,1,1,0,1,1,0,1,8,1,0.84,0,http://metamask-wallet-recovery-phrase.ga/connect,1
50,36,7,0,1,3,0,0,0,3,0,0,0.0,0.84,0,0,0,0,0,1,4.2411,3.7527,3,1,0,1,1,1,1,6,0,0.8,2,http://coinbase-account-suspended-notice.ga/verify,1
72,18,23,23,2,1,0,1,3,4,0,6,0.0833,0.7222,0,0,0,1,0,0,4.7151,3.086,0,0,0,0,0,0,0,4,0,0.31,0,http://docs.w3schools.com/explore/popular-topics?ref=nav&q=test&id=86417,0
47,33,7,0,1,2,0,0,0,3,0,0,0.0,0.8511,0,0,0,0,0,1,3.9715,3.7149,0,1,0,1,1,1,1,3,1,0.88,2,http://immediate-action-required.monster/notice,1
53,15,30,0,3,0,0,0,0,5,0,0,0.0,0.8302,0,1,0,1,0,0,4.11,3.1069,0,0,0,0,0,0,0,0,0,0.0,0,https://blog.zomato.com/download/latest/installer.exe,0
33,19,7,0,1,1,0,0,0,3,0,1,0.0303,0.7879,0,0,0,0,0,0,4.165,3.8269,2,0,0,1,1,1,1,4,0,0.91,1,http://paypa1-security.com/webscr,1
51,34,10,0,1,3,0,0,0,4,0,0,0.0,0.8235,0,0,0,0,0,1,4.0303,3.8078,2,1,0,0,0,0,0,0,0,0.0,0,http://amazon-unusual-activity-signin.sbs/ap/signin,1
52,30,15,0,1,3,0,0,0,3,0,0,0.0,0.8462,0,0,0,0,0,1,4.2362,3.8947,2,1,0,0,0,0,0,0,0,0.0,0,http://instagram-copyright-appeal.cam/verify-account,1
50,33,10,0,1,3,0,0,0,4,0,0,0.0,0.82,0,0,0,0,0,1,4.066,3.8471,2,1,0,1,1,1,1,3,1,0.66,2,http://amazon-unusual-activity-signin.cf/ap/signin,1
52,23,22,0,1,3,0,0,0,4,0,0,0.0,0.8269,0,0,0,0,0,1,4.2499,3.7951,4,1,0,1,1,1,1,8,1,0.71,0,http://chase-security-alert.gq/auth/confirm-identity,1
43,12,23,0,2,1,0,0,0,4,0,0,0.0,0.814,0,1,0,1,0,0,4.0918,3.0221,0,0,0,0,0,0,0,4,0,0.35,0,https://blog.zoom.us/explore/popular-topics,0
48,19,7,14,3,1,0,1,1,3,0,0,0.0,0.7708,0,0,0,2,0,0,4.5739,3.4714,4,1,1,0,0,0,0,0,0,0.0,0,http://login.paypal.com.cf/webscr?cmd=_login-run,1
74,34,5,27,1,3,0,1,1,3,0,4,0.0541,0.8108,0,0,0,0,0,1,4.7095,4.0575,1,1,0,1,1,0,1,5,0,0.72,1,http://google-drive-shared-document.click/view?id=tlw0ze6q6jpcafhoqigzde8e,1
44,31,6,0,1,2,0,0,0,3,0,0,0.0,0.8409,0,0,0,0,0,1,4.1858,3.8489,4,1,0,1,1,1,1,4,1,0.65,2,http://account-security-update.monster/login,1
46,14,25,0,4,0,0,0,0,5,0,11,0.2391,0.5435,1,0,0,2,0,0,4.3466,2.7885,2,0,1,0,0,0,0,0,0,0.0,0,http://46.215.128.213/signin/paypal/index.html,1
48,17,23,0,2,1,0,0,0,4,0,0,0.0,0.8333,0,1,0,1,0,0,4.1969,3.4548,0,0,0,0,0,0,0,2,0,0.23,0,https://www.instagram.com/explore/popular-topics,0
69,13,18,30,3,0,0,1,1,4,0,20,0.2899,0.5652,1,0,0,2,0,0,4.8311,2.1997,3,0,0,1,1,1,1,4,1,0.77,1,http://93.233.191.11/auth/verification?token=8uzdkjb0m7y13hdyt8e8x826,1
48,19,7,14,3,1,0,1,1,3,0,0,0.0,0.7708,0,0,0,2,0,0,4.5739,3.4714,4,1,1,1,1,1,1,10,1,0.75,1,http://login.paypal.com.cf/webscr?cmd=_login-run,1
30,17,6,0,1,3,0,0,0,3,0,0,0.0,0.7333,0,0,1,0,0,1,4.0314,3.4548,1,0,0,1,1,1,1,4,1,0.68,1,http://xn--paypl-qqa.com/login,1
52,23,22,0,1,3,0,0,0,4,0,0,0.0,0.8269,0,0,0,0,0,1,4.2499,3.7951,4,1,0,0,0,0,0,0,0,0.0,0,http://chase-security-alert.gq/auth/confirm-identity,1
53,15,7,23,2,0,0,1,3,3,0,5,0.0943,0.6792,0,0,0,1,0,0,4.6563,3.0062,1,0,0,1,1,0,0,0,0,0.05,0,http://docs.docker.com/signin?ref=nav&q=test&id=50219,0
39,14,17,0,2,0,0,0,0,4,0,0,0.0,0.8205,0,1,0,1,0,0,4.0259,3.3788,0,0,0,0,0,0,0,0,0,0.0,0,https://app.gitlab.com/profile/settings,0
54,17,30,0,3,0,0,0,0,5,0,0,0.0,0.8333,0,0,0,1,0,0,4.0807,3.4548,0,0,0,0,0,0,0,4,0,0.16,0,http://api.instagram.com/download/latest/installer.exe,0
80,12,36,23,2,3,0,1,3,5,0,13,0.1625,0.625,0,1,0,1,0,0,4.8751,2.9183,0,0,0,0,0,0,0,0,0,0.0,0,https://mail.cnn.com/questions/12345678/how-to-fix-error?ref=nav&q=test&id=56356,0
33,19,7,0,1,1,0,0,0,3,0,1,0.0303,0.7879,0,0,0,0,0,0,4.165,3.8269,2,0,0,0,0,0,0,0,0,0.0,0,http://paypa1-security.com/webscr,1
71,17,23,23,2,1,0,1,3,4,0,5,0.0704,0.7324,0,0,0,1,0,0,4.5272,3.3816,1,0,0,0,0,0,0,3,0,0.23,0,http://support.twitch.tv/explore/popular-topics?ref=nav&q=test&id=55854,0
49,16,26,0,2,1,0,0,0,6,0,0,0.0,0.7755,0,0,0,0,0,0,4.0588,3.25,3,1,1,0,0,0,0,0,0,0.0,0,http://auth-check.click/https://paypal.com/signin,1
50,32,11,0,1,3,0,0,0,3,0,0,0.0,0.84,0,0,0,0,0,1,4.2109,3.9917,3,1,0,0,0,0,0,0,0,0.0,0,http://unauthorized-login-detected.work/secure-now,1
34,20,7,0,1,3,0,0,0,3,0,1,0.0294,0.7353,0,0,1,0,0,1,4.1163,3.6464,1,0,0,1,1,0,1,10,1,0.9,0,http://xn--mcrosoft-p1a.com/update,1
54,41,6,0,4,1,0,0,0,3,0,0,0.0,0.8333,0,0,0,3,1,0,4.2094,3.9828,3,1,1,1,1,1,1,8,0,0.85,1,http://appleid.apple.com.verify-identity.monster/login,1
50,37,6,0,2,2,0,0,0,3,0,0,0.0,0.84,0,0,0,1,0,1,4.3284,3.9662,4,1,1,1,1,0,1,2,1,0.75,1,http://wellsfargo.banking-access-service.cam/login,1
50,36,7,0,1,3,0,0,0,3,0,0,0.0,0.84,0,0,0,0,0,1,4.2962,3.8292,3,1,0,1,1,1,1,7,1,0.78,2,http://coinbase-account-suspended-notice.ml/verify,1
55,38,10,0,1,3,0,0,0,4,0,0,0.0,0.8364,0,0,0,0,0,1,4.1106,3.9156,2,1,0,1,1,1,1,8,1,0.86,2,http://amazon-unusual-activity-signin.monster/ap/signin,1
74,17,7,42,2,0,0,2,4,3,0,5,0.0676,0.7297,0,0,0,1,0,0,4.7148,3.7345,0,0,0,0,0,0,0,0,0,0.0,0,http://blog.flipkart.com/search?q=machine+learning?ref=nav&q=test&id=11018,0
40,26,7,0,1,2,0,0,0,3,0,1,0.025,0.8,0,0,0,0,0,1,4.2842,4.1329,3,0,0,0,0,0,0,0,0,0.0,0,http://netfl1x-billing-update.com/signin,1
59,15,36,0,2,3,0,0,0,5,0,8,0.1356,0.678,0,1,0,1,0,0,4.631,3.6402,1,0,0,0,0,0,0,1,0,0.28,0,https://api.netflix.com/questions/12345678/how-to-fix-error,0
50,19,0,23,2,0,0,1,3,2,0,5,0.1,0.68,0,0,0,1,0,0,4.6937,3.5111,0,0,0,0,0,0,0,4,0,0.17,0,http://blog.huggingface.co?ref=nav&q=test&id=55967,0
50,14,28,0,2,2,0,0,0,4,0,0,0.0,0.82,0,1,0,1,0,0,3.9533,2.8963,2,0,0,0,0,0,0,0,0,0.0,0,https://app.amazon.com/help-center/contact-support,0
43,10,25,0,2,0,0,0,0,5,0,0,0.0,0.814,0,1,0,1,0,0,4.1909,2.9219,0,0,0,0,0,0,0,1,0,0.13,0,https://dev.gov.in/user/dashboard/analytics,0
28,20,1,0,2,0,0,0,0,3,0,0,0.0,0.7857,0,0,0,1,0,0,4.0391,3.8219,0,0,0,0,0,0,0,0,0,0.0,0,http://docs.theguardian.com/,0
49,31,11,0,1,3,0,0,0,4,0,3,0.0612,0.7551,0,0,0,0,0,1,4.3928,4.0424,4,1,0,0,0,0,0,0,0,0.0,0,http://microsoft-365-password-reset.ga/auth/login,1
39,14,18,0,4,0,0,0,0,4,0,11,0.2821,0.4872,1,0,0,2,0,0,3.9427,2.4138,2,0,1,0,0,0,0,0,0,0.0,0,http://149.118.199.74/paypal/signin.php,1
34,12,15,0,3,0,0,0,0,4,0,9,0.2647,0.5,1,0,0,2,0,0,4.0179,2.2213,1,0,1,0,0,0,0,0,0,0.0,0,http://111.35.4.116/banking/online,1
94,22,40,23,2,1,0,1,3,6,0,11,0.117,0.7128,0,1,0,1,0,0,4.7967,3.1524,0,0,0,0,0,0,0,0,0,0.0,0,https://blog.geeksforgeeks.org/article/2026/08/technology-breakthrough?ref=nav&q=test&id=36754,0
50,32,11,0,1,3,0,0,0,4,0,3,0.06,0.76,0,0,0,0,0,1,4.3362,3.9292,4,1,0,0,0,0,0,0,0,0.0,0,http://microsoft-365-password-reset.top/auth/login,1
27,18,1,0,2,0,0,0,0,3,0,0,0.0,0.7778,0,1,0,1,0,0,3.9121,3.3921,1,0,0,0,0,0,0,0,0,0.0,0,https://www.wellsfargo.com/,0
46,26,13,0,1,3,0,0,0,4,0,0,0.0,0.8043,0,0,0,0,0,1,4.1,3.7962,2,1,0,1,1,1,1,7,0,0.86,1,http://sbi-online-banking-kyc.top/retail/login,1
40,26,7,0,1,2,0,0,0,3,0,1,0.025,0.8,0,0,0,0,0,1,4.2842,4.1329,3,0,0,0,0,0,0,0,0,0.0,0,http://netfl1x-billing-update.com/signin,1
47,14,26,0,2,1,0,0,0,6,0,0,0.0,0.766,0,0,0,0,0,0,4.1209,3.3788,3,1,1,0,0,0,0,0,0,0.0,0,http://auth-check.fun/https://paypal.com/signin,1
58,15,36,0,2,3,0,0,0,5,0,8,0.1379,0.6724,0,0,0,1,0,0,4.6378,3.3232,0,0,0,0,0,0,0,2,0,0.12,0,http://dev.dropbox.com/questions/12345678/how-to-fix-error,0
43,15,6,13,2,0,0,1,1,3,0,2,0.0465,0.7674,0,1,0,1,0,0,4.3793,3.3232,0,0,0,0,0,0,0,0,0,0.15,0,https://api.twitter.com/watch?v=dQw4w9WgXcQ,0
39,25,7,0,1,2,0,0,0,3,0,0,0.0,0.8205,0,0,0,0,0,1,4.2462,3.8937,4,1,0,1,1,1,1,6,1,0.91,1,http://paypal-account-verify.cam/signin,1
66,22,36,0,2,3,0,0,0,5,0,8,0.1212,0.7121,0,1,0,1,0,0,4.5896,3.7888,1,0,0,0,0,0,0,0,0,0.13,0,https://support.huggingface.co/questions/12345678/how-to-fix-error,0
43,31,5,0,1,3,0,0,0,3,0,0,0.0,0.814,0,0,0,0,0,1,4.1962,3.9937,3,1,0,0,0,0,0,0,0,0.0,0,http://banking-portal-secure-entry.sbs/auth,1
50,33,10,0,1,3,0,0,0,4,0,0,0.0,0.82,0,0,0,0,0,1,4.066,3.8471,2,1,0,1,1,1,1,9,0,0.9,0,http://amazon-unusual-activity-signin.cf/ap/signin,1
50,32,11,0,1,3,0,0,0,3,0,0,0.0,0.84,0,0,0,0,0,1,4.2109,3.9056,3,1,0,0,0,0,0,0,0,0.0,0,http://unauthorized-login-detected.buzz/secure-now,1
48,19,7,14,3,1,0,1,1,3,0,0,0.0,0.7708,0,0,0,2,0,0,4.5268,3.3264,4,1,1,0,0,0,0,0,0,0.0,0,http://login.paypal.com.ga/webscr?cmd=_login-run,1
70,19,6,37,2,0,0,2,4,3,0,7,0.1,0.7,0,0,0,1,0,0,4.9025,3.4058,0,0,0,0,0,0,0,1,0,0.33,0,http://mail.salesforce.com/watch?v=dQw4w9WgXcQ?ref=nav&q=test&id=63174,0
51,18,26,0,2,1,0,0,0,6,0,0,0.0,0.7843,0,0,0,0,0,0,4.1422,3.7255,3,1,1,1,1,0,1,9,1,0.95,0,http://auth-check.monster/https://paypal.com/signin,1
32,7,17,0,1,2,0,0,0,3,0,0,0.0,0.7812,0,1,0,0,0,0,3.9445,2.2359,1,0,0,0,0,0,0,0,0,0.2,0,https://bbc.com/terms-of-service,0
50,32,11,0,1,3,0,0,0,4,0,3,0.06,0.76,0,0,0,0,0,1,4.3913,3.9445,4,1,0,1,1,1,1,4,1,0.84,2,http://microsoft-365-password-reset.sbs/auth/login,1
47,14,25,0,2,0,0,0,0,5,0,0,0.0,0.8298,0,1,0,1,0,0,4.153,3.3788,0,0,0,0,0,0,0,0,0,0.0,0,https://app.gitlab.com/user/dashboard/analytics,0
48,19,7,14,3,1,0,1,1,3,0,0,0.0,0.7708,0,0,0,2,0,0,4.5739,3.4714,4,1,1,0,0,0,0,0,0,0.0,0,http://login.paypal.com.cf/webscr?cmd=_login-run,1
45,10,28,0,1,2,0,0,0,4,0,0,0.0,0.8222,0,0,0,0,0,0,3.9549,3.1219,1,0,0,0,0,0,0,0,0,0.0,0,http://reddit.com/help-center/contact-support,0
47,20,6,13,2,0,0,1,1,3,0,2,0.0426,0.7872,0,0,0,1,0,0,4.5381,3.8219,0,0,0,0,0,0,0,4,0,0.14,0,http://docs.theguardian.com/watch?v=dQw4w9WgXcQ,0
52,30,15,0,1,3,0,0,0,3,0,0,0.0,0.8462,0,0,0,0,0,1,4.2147,3.8817,2,1,0,0,0,0,0,0,0,0.0,0,http://instagram-copyright-appeal.top/verify-account,1
94,22,40,23,2,1,0,1,3,6,0,11,0.117,0.7128,0,1,0,1,0,0,4.9025,3.8231,0,0,0,0,0,0,0,0,0,0.0,0,https://blog.stackoverflow.com/article/2026/08/technology-breakthrough?ref=nav&q=test&id=43712,0
58,12,38,0,2,1,0,0,0,6,0,0,0.0,0.8276,0,1,0,1,0,0,4.1139,2.6887,0,0,0,0,0,0,0,0,0,0.0,0,https://docs.bbc.com/repos/organization/repo-name/releases,0
51,34,10,0,1,3,0,0,0,4,0,0,0.0,0.8235,0,0,0,0,0,1,4.0199,3.7826,2,1,0,0,0,0,0,0,0,0.0,0,http://amazon-unusual-activity-signin.fun/ap/signin,1
79,17,30,23,3,0,0,1,3,5,0,5,0.0633,0.7468,0,1,0,1,0,0,4.5034,3.3816,2,0,0,0,0,0,0,2,0,0.18,0,https://support.apple.com/download/latest/installer.exe?ref=nav&q=test&id=22392,0
51,37,7,0,1,3,0,0,0,3,0,0,0.0,0.8431,0,0,0,0,0,1,4.1872,3.733,3,1,0,0,0,0,0,0,0,0.0,0,http://coinbase-account-suspended-notice.fun/verify,1
22,14,1,0,2,0,0,0,0,3,0,0,0.0,0.7273,0,0,0,1,0,0,3.7888,3.2359,0,0,0,0,0,0,0,3,0,0.21,0,http://blog.arxiv.org/,0
33,19,7,0,1,1,0,0,0,3,0,1,0.0303,0.7879,0,0,0,0,0,0,4.165,3.8269,2,0,0,0,0,0,0,0,0,0.0,0,http://paypa1-security.com/webscr,1
48,34,7,0,1,3,0,0,0,3,0,0,0.0,0.8333,0,0,0,0,0,1,4.1893,3.8337,5,1,0,0,0,0,0,0,0,0.0,0,http://paypal-account-security-update.cam/verify,1
48,16,25,0,2,0,0,0,0,5,0,0,0.0,0.8333,0,0,0,1,0,0,4.2985,3.4528,0,0,0,0,0,0,0,3,0,0.08,0,http://www.hdfcbank.com/user/dashboard/analytics,0
77,7,38,23,1,1,0,1,3,6,0,5,0.0649,0.7403,0,1,0,0,0,0,4.545,2.2359,0,0,0,0,0,0,0,0,0,0.0,0,https://bbc.com/repos/organization/repo-name/releases?ref=nav&q=test&id=14222,0
70,14,18,30,3,0,0,1,1,4,0,15,0.2143,0.6429,1,0,0,2,0,0,4.9019,2.8424,3,0,0,0,0,0,0,0,0,0.0,0,http://142.125.203.39/auth/verification?token=xwsgxvwds3foc0nx0bfwmz5a,1
42,28,7,0,1,2,0,0,0,3,0,0,0.0,0.8333,0,0,0,0,0,1,3.976,3.709,0,1,0,1,1,1,1,7,1,0.72,1,http://immediate-action-required.tk/notice,1
45,13,25,0,4,0,0,0,0,5,0,10,0.2222,0.5556,1,0,0,2,0,0,4.35,2.8151,2,0,1,0,0,0,0,0,0,0.0,0,http://23.52.170.240/signin/paypal/index.html,1
47,14,25,0,2,2,0,0,0,4,0,0,0.0,0.8085,0,1,0,1,0,0,4.1691,3.182,0,0,0,0,0,0,0,0,0,0.0,0,https://dev.zomato.com/about-us/leadership-team,0
44,32,5,0,1,3,0,0,0,3,0,0,0.0,0.8182,0,0,0,0,0,1,4.2462,4.0542,3,1,0,1,1,1,1,8,1,0.74,1,http://banking-portal-secure-entry.work/auth,1
48,34,7,0,1,3,0,0,0,3,0,0,0.0,0.8333,0,0,0,0,0,1,4.1395,3.7856,5,1,0,1,1,0,1,11,1,0.67,1,http://paypal-account-security-update.icu/verify,1
78,18,30,21,2,0,0,1,2,5,0,2,0.0256,0.8077,0,1,0,1,0,0,4.3847,3.281,0,0,0,0,0,0,0,0,0,0.0,0,https://blog.w3schools.com/products/category/electronics?page=2&sort=price_asc,0
54,33,14,0,2,2,0,0,0,4,0,0,0.0,0.8333,0,0,0,1,0,1,4.2618,3.9802,5,1,0,0,0,0,0,0,0,0.0,0,http://secure.netflix-payment-update.cam/account/login,1
67,13,22,23,2,1,0,1,3,5,0,6,0.0896,0.6866,0,1,0,1,0,0,4.6742,3.027,0,0,0,0,0,0,0,0,0,0.0,0,https://www.arxiv.org/docs/v2/api-reference?ref=nav&q=test&id=67864,0
52,32,13,0,1,3,0,0,0,4,0,0,0.0,0.8269,0,0,0,0,0,1,4.3328,4.1556,3,1,0,1,1,1,1,2,1,0.92,2,http://hdfc-netbanking-customer-care.ml/secure/login,1
51,37,7,0,1,3,0,0,0,3,0,0,0.0,0.8431,0,0,0,0,0,1,4.312,3.905,3,1,0,1,1,1,1,12,1,0.69,2,http://coinbase-account-suspended-notice.xyz/verify,1
72,32,5,27,1,3,0,1,1,3,0,9,0.125,0.7361,0,0,0,0,0,1,4.8086,3.9917,1,1,0,1,1,1,1,7,1,0.89,2,http://google-drive-shared-document.cam/view?id=j9gx5lsro4tkut4p0ov14t29,1
67,18,17,23,2,2,0,1,3,3,0,5,0.0746,0.7164,0,1,0,1,0,0,4.6047,3.5033,1,0,0,0,0,0,0,0,0,0.0,0,https://docs.instagram.com/terms-of-service?ref=nav&q=test&id=81792,0
38,24,7,0,1,2,0,0,0,3,0,0,0.0,0.8158,0,0,0,0,0,1,4.2539,3.9702,4,1,0,0,0,0,0,0,0,0.0,0,http://paypal-account-verify.tk/signin,1
52,15,30,0,3,0,0,0,0,5,0,0,0.0,0.8269,0,0,0,1,0,0,4.1724,3.3232,0,0,0,0,0,0,0,0,0,0.0,0,http://blog.medium.com/download/latest/installer.exe,0
54,39,7,0,4,1,0,0,0,3,0,0,0.0,0.8333,0,1,0,3,1,0,4.3661,4.0159,3,1,1,1,1,1,0,6,1,0.67,0,https://appleid.apple.com.account-recovery.buzz/verify,1
40,26,7,0,1,2,0,0,0,3,0,1,0.025,0.8,0,0,0,0,0,1,4.2842,4.1329,3,0,0,0,0,0,0,0,0,0.0,0,http://netfl1x-billing-update.com/signin,1
87,16,40,22,2,1,0,1,3,6,0,10,0.1149,0.7011,0,1,0,1,0,0,4.7728,3.4528,0,0,0,0,0,0,0,0,0,0.0,0,https://api.linkedin.com/article/2026/08/technology-breakthrough?ref=nav&q=test&id=8200,0
36,11,17,0,1,0,0,0,0,4,0,0,0.0,0.8333,0,1,0,0,0,0,4.0724,3.0272,0,0,0,0,0,0,0,0,0,0.0,0,https://dropbox.com/profile/settings,0
53,38,7,0,4,1,0,0,0,3,0,0,0.0,0.8302,0,1,0,3,1,0,4.2987,3.9977,3,1,1,1,1,1,0,11,1,0.75,1,https://appleid.apple.com.account-recovery.sbs/verify,1
51,37,7,0,1,3,0,0,0,3,0,0,0.0,0.8431,0,0,0,0,0,1,4.3588,4.0804,2,1,0,0,0,0,0,0,0,0.0,0,http://customer-support-helpdesk-agent.click/verify,1
39,14,18,0,4,0,0,0,0,4,0,11,0.2821,0.4872,1,0,0,2,0,0,4.0259,2.6456,2,0,1,1,1,1,1,4,0,0.82,0,http://105.143.148.54/paypal/signin.php,1
40,26,7,0,1,2,0,0,0,3,0,1,0.025,0.8,0,0,0,0,0,1,4.2842,4.1329,3,0,0,1,1,1,1,6,1,0.79,1,http://netfl1x-billing-update.com/signin,1
78,18,30,21,2,0,0,1,2,5,0,1,0.0128,0.8205,0,1,0,1,0,0,4.3347,3.3921,1,0,0,0,0,0,0,2,0,0.28,0,https://blog.microsoft.com/products/category/electronics?page=2&sort=price_asc,0
56,17,7,23,2,0,0,1,3,3,0,6,0.1071,0.6786,0,1,0,1,0,0,4.689,3.4548,1,0,0,1,1,0,0,3,0,0.09,0,https://api.w3schools.com/signin?ref=nav&q=test&id=76406,0
77,18,30,21,2,0,0,1,2,5,0,1,0.013,0.8182,0,0,0,1,0,0,4.2613,3.3921,0,0,0,0,0,0,0,0,0,0.0,0,http://app.salesforce.com/products/category/electronics?page=2&sort=price_asc,0
43,15,6,13,2,0,0,1,1,3,0,2,0.0465,0.7674,0,1,0,1,0,0,4.4548,3.1396,0,0,0,0,0,0,0,0,0,0.18,0,https://app.dropbox.com/watch?v=dQw4w9WgXcQ,0
24,11,6,0,2,0,0,0,0,3,0,0,0.0,0.75,0,0,0,1,0,0,3.6573,2.4817,1,0,0,0,0,0,0,0,0,0.0,0,http://www.cnn.com/login,0
40,26,7,0,1,2,0,0,0,3,0,1,0.025,0.8,0,0,0,0,0,1,4.2842,4.1329,3,0,0,1,1,1,1,4,1,0.78,2,http://netfl1x-billing-update.com/signin,1
46,12,27,0,3,2,0,0,0,4,0,9,0.1957,0.587,1,0,0,2,0,0,4.4686,2.2296,3,0,1,0,0,0,0,0,0,0.0,0,http://117.50.5.175/secure/update-banking-info,1
30,17,6,0,1,3,0,0,0,3,0,0,0.0,0.7333,0,0,1,0,0,1,4.2566,3.4548,0,0,0,0,0,0,0,0,0,0.0,0,http://xn--gogle-qqa.com/drive,1
77,17,28,23,2,2,0,1,3,4,0,6,0.0779,0.7273,0,1,0,1,0,0,4.6128,3.4548,1,0,0,0,0,0,0,0,0,0.0,0,https://dev.w3schools.com/help-center/contact-support?ref=nav&q=test&id=93940,0
42,28,7,0,1,2,0,0,0,3,0,0,0.0,0.8333,0,0,0,0,0,1,4.0033,3.709,0,1,0,1,1,1,1,4,1,0.76,0,http://immediate-action-required.ga/notice,1
33,19,7,0,1,1,0,0,0,3,0,1,0.0303,0.7879,0,0,0,0,0,0,4.165,3.8269,2,0,0,0,0,0,0,0,0,0.0,0,http://paypa1-security.com/webscr,1
48,14,27,0,3,2,0,0,0,4,0,11,0.2292,0.5625,1,0,0,2,0,0,4.5897,2.6995,3,0,1,0,0,0,0,0,0,0.0,0,http://109.241.102.79/secure/update-banking-info,1
47,34,6,0,1,3,0,0,0,3,0,0,0.0,0.8298,0,0,0,0,0,1,4.123,3.8337,2,1,0,1,1,1,1,2,1,0.86,1,http://icici-rewards-points-redemption.cf/claim,1
23,15,0,0,2,0,0,0,0,2,0,0,0.0,0.7826,0,1,0,1,0,0,3.969,3.5069,0,0,0,0,0,0,0,1,0,0.18,0,https://blog.reddit.com,0
43,31,5,0,1,3,0,0,0,3,0,0,0.0,0.814,0,0,0,0,0,1,4.2137,4.0424,3,1,0,0,0,0,0,0,0,0.0,0,http://banking-portal-secure-entry.fun/auth,1
43,31,5,0,1,3,0,0,0,3,0,0,0.0,0.814,0,0,0,0,0,1,4.1962,3.9937,3,1,0,1,1,1,1,9,1,0.79,2,http://banking-portal-secure-entry.sbs/auth,1
65,18,40,0,2,1,0,0,0,6,0,6,0.0923,0.7538,0,0,0,1,0,0,4.4615,3.5724,0,0,0,0,0,0,0,0,0,0.0,0,http://dev.huggingface.co/article/2026/08/technology-breakthrough,0
69,11,7,42,1,0,0,2,4,3,0,5,0.0725,0.7246,0,1,0,0,0,0,4.594,3.2776,0,0,0,0,0,0,0,0,0,0.22,0,https://nytimes.com/search?q=machine+learning?ref=nav&q=test&id=48855,0
53,17,28,0,2,2,0,0,0,4,0,0,0.0,0.8302,0,1,0,1,0,0,4.081,3.2195,1,0,0,0,0,0,0,0,0,0.0,0,https://docs.facebook.com/help-center/contact-support,0
39,25,7,0,1,2,0,0,0,3,0,0,0.0,0.8205,0,0,0,0,0,1,4.3294,4.0235,4,1,0,1,1,1,1,11,0,0.71,1,http://paypal-account-verify.xyz/signin,1
53,38,7,0,4,1,0,0,0,3,0,0,0.0,0.8302,0,1,0,3,1,0,4.2987,3.9977,3,1,1,1,1,0,0,10,0,0.75,2,https://appleid.apple.com.account-recovery.sbs/verify,1
45,13,25,0,4,0,0,0,0,5,0,10,0.2222,0.5556,1,0,0,2,0,0,4.35,2.8151,2,0,1,1,1,1,1,4,1,0.95,0,http://102.103.146.5/signin/paypal/index.html,1
52,21,23,0,2,1,0,0,0,4,0,0,0.0,0.8462,0,1,0,1,0,0,4.3257,3.6897,0,0,0,0,0,0,0,0,0,0.0,0,https://dev.bankofamerica.com/explore/popular-topics,0
41,16,17,0,2,0,0,0,0,4,0,0,0.0,0.8293,0,1,0,1,0,0,3.9739,3.3278,0,0,0,0,0,0,0,0,0,0.0,0,https://docs.spotify.com/profile/settings,0
83,13,38,23,1,1,0,1,3,6,0,5,0.0602,0.759,0,1,0,0,0,0,4.5178,3.3347,0,0,0,0,0,0,0,0,0,0.0,0,https://wikipedia.org/repos/organization/repo-name/releases?ref=nav&q=test&id=89757,0
49,34,8,0,1,3,0,0,0,3,0,0,0.0,0.8367,0,0,0,0,0,1,4.2241,3.9957,1,1,0,1,1,1,1,8,1,0.85,0,http://metamask-wallet-recovery-phrase.gq/connect,1
72,32,5,27,1,3,0,1,1,3,0,5,0.0694,0.7917,0,0,0,0,0,1,4.8347,4.0542,1,1,0,0,0,0,0,0,0,0.0,0,http://google-drive-shared-document.fun/view?id=y0zanz5ucmsg8qzlizsnjg10,1
34,13,14,0,3,0,0,0,0,4,0,10,0.2941,0.4706,1,0,0,2,0,0,4.0575,2.4493,2,0,1,1,1,0,1,7,0,0.75,1,http://200.70.228.57/netflix/login,1
45,25,13,0,1,3,0,0,0,4,0,0,0.0,0.8,0,0,0,0,0,1,4.1423,3.7035,2,1,0,1,1,1,1,11,0,0.69,0,http://sbi-online-banking-kyc.ml/retail/login,1
33,19,7,0,1,1,0,0,0,3,0,1,0.0303,0.7879,0,0,0,0,0,0,4.165,3.8269,2,0,0,0,0,0,0,0,0,0.0,0,http://paypa1-security.com/webscr,1
30,17,6,0,1,3,0,0,0,3,0,0,0.0,0.7333,0,0,1,0,0,1,4.0314,3.4548,1,0,0,1,1,0,1,5,0,0.75,0,http://xn--paypl-qqa.com/login,1
52,35,10,0,1,3,0,0,0,4,0,0,0.0,0.8269,0,0,0,0,0,1,4.0679,3.829,2,1,0,1,1,1,1,2,1,0.91,2,http://amazon-unusual-activity-signin.buzz/ap/signin,1
48,14,27,0,3,2,0,0,0,4,0,11,0.2292,0.5625,1,0,0,2,0,0,4.5739,2.6456,3,0,1,0,0,0,0,0,0,0.0,0,http://176.69.107.156/secure/update-banking-info,1
48,19,7,14,3,1,0,1,1,3,0,0,0.0,0.7708,0,0,0,2,0,0,4.5268,3.3264,4,1,1,0,0,0,0,0,0,0.0,0,http://login.paypal.com.ga/webscr?cmd=_login-run,1
58,10,40,0,1,1,0,0,0,6,0,6,0.1034,0.7414,0,1,0,0,0,0,4.4316,2.9219,0,0,0,0,0,0,0,4,0,0.09,0,https://docker.com/article/2026/08/technology-breakthrough,0
40,15,18,0,4,0,0,0,0,4,0,12,0.3,0.475,1,0,0,2,0,0,3.9628,2.4729,2,0,1,0,0,0,0,0,0,0.0,0,http://119.163.139.229/paypal/signin.php,1
69,12,25,23,2,0,0,1,3,5,0,5,0.0725,0.7246,0,1,0,1,0,0,4.6286,2.6887,0,0,0,0,0,0,0,3,0,0.08,0,https://docs.bbc.com/user/dashboard/analytics?ref=nav&q=test&id=99823,0
71,12,30,21,2,0,0,1,2,5,0,1,0.0141,0.8028,0,0,0,1,0,0,4.4227,3.0221,0,0,0,0,0,0,0,3,0,0.13,0,http://www.bing.com/products/category/electronics?page=2&sort=price_asc,0
43,13,22,0,3,1,0,0,0,5,0,1,0.0233,0.7442,0,1,0,2,0,0,4.1184,3.1808,0,0,1,0,0,0,0,0,0,0.06,0,https://dev.sbi.co.in/docs/v2/api-reference,0
34,13,14,0,3,0,0,0,0,4,0,10,0.2941,0.4706,1,0,0,2,0,0,4.1385,2.6612,2,0,1,0,0,0,0,0,0,0.0,0,http://127.93.13.149/netflix/login,1
49,17,25,0,2,0,0,0,0,5,0,0,0.0,0.8367,0,0,0,1,0,0,4.3037,3.7345,0,0,0,0,0,0,0,3,0,0.18,0,http://blog.flipkart.com/user/dashboard/analytics,0
42,17,17,0,2,2,0,0,0,3,0,0,0.0,0.8095,0,1,0,1,0,0,4.3797,3.6169,1,0,0,0,0,0,0,0,0,0.0,0,https://blog.hdfcbank.com/terms-of-service,0
45,25,13,0,1,3,0,0,0,4,0,0,0.0,0.8,0,0,0,0,0,1,4.1423,3.7035,2,1,0,1,1,0,1,9,1,0.79,0,http://sbi-online-banking-kyc.ml/retail/login,1
54,11,36,0,2,3,0,0,0,5,0,8,0.1481,0.6481,0,0,0,1,0,0,4.6023,2.914,0,0,0,0,0,0,0,0,0,0.32,0,http://api.cnn.com/questions/12345678/how-to-fix-error,0
39,25,7,0,1,2,0,0,0,3,0,0,0.0,0.8205,0,0,0,0,0,1,4.3294,4.0235,4,1,0,1,1,1,1,10,1,0.75,1,http://paypal-account-verify.xyz/signin,1
62,18,36,0,2,3,0,0,0,5,0,8,0.129,0.6935,0,1,0,1,0,0,4.5876,3.3921,1,0,0,0,0,0,0,0,0,0.0,0,https://blog.microsoft.com/questions/12345678/how-to-fix-error,0
50,35,8,0,1,3,0,0,0,3,0,0,0.0,0.84,0,0,0,0,0,1,4.226,4.0687,1,1,0,0,0,0,0,0,0,0.0,0,http://metamask-wallet-recovery-phrase.fun/connect,1
50,17,25,0,2,0,0,0,0,5,0,0,0.0,0.84,0,1,0,1,0,0,4.182,3.4548,0,0,0,0,0,0,0,0,0,0.0,0,https://docs.hdfcbank.com/user/dashboard/analytics,0
39,14,17,0,2,0,0,0,0,4,0,0,0.0,0.8205,0,1,0,1,0,0,4.0991,3.3788,0,0,0,0,0,0,0,1,0,0.29,0,https://docs.arxiv.org/profile/settings,0
54,32,15,0,1,3,0,0,0,3,0,0,0.0,0.8519,0,0,0,0,0,1,4.2902,3.9917,2,1,0,0,0,0,0,0,0,0.0,0,http://instagram-copyright-appeal.click/verify-account,1
42,15,6,13,2,0,0,1,1,3,0,2,0.0476,0.7619,0,0,0,1,0,0,4.4453,3.0062,1,0,0,0,0,0,0,0,0,0.0,0,http://mail.amazon.com/watch?v=dQw4w9WgXcQ,0
39,14,17,0,2,2,0,0,0,3,0,0,0.0,0.7949,0,1,0,1,0,0,4.0285,3.3788,1,0,0,0,0,0,0,4,0,0.15,0,https://api.reddit.com/terms-of-service,0
49,13,6,22,2,0,0,1,3,3,0,4,0.0816,0.6735,0,0,0,1,0,0,4.5144,2.5654,1,0,0,0,0,0,0,0,0,0.0,0,http://www.twitch.tv/login?ref=nav&q=test&id=3629,0
52,30,15,0,1,3,0,0,0,3,0,0,0.0,0.8462,0,0,0,0,0,1,4.2147,3.8817,2,1,0,0,0,0,0,0,0,0.0,0,http://instagram-copyright-appeal.top/verify-account,1
43,29,7,0,1,3,0,0,0,3,0,0,0.0,0.814,0,0,0,0,0,1,4.2047,3.9354,3,1,0,1,1,1,1,12,1,0.91,0,http://claim-free-crypto-airdrop.sbs/wallet,1
38,24,7,0,1,2,0,0,0,3,0,0,0.0,0.8158,0,0,0,0,0,1,4.2866,4.0535,4,1,0,1,1,0,1,7,1,0.67,0,http://paypal-account-verify.gq/signin,1
80,12,36,23,2,3,0,1,3,5,0,13,0.1625,0.625,0,1,0,1,0,0,4.9406,3.2516,0,0,0,0,0,0,0,0,0,0.0,0,https://app.bing.com/questions/12345678/how-to-fix-error?ref=nav&q=test&id=79972,0
34,12,15,0,3,0,0,0,0,4,0,9,0.2647,0.5,1,0,0,2,0,0,4.2417,2.8554,1,0,1,0,0,0,0,0,0,0.0,0,http://98.203.41.28/banking/online,1
65,13,6,37,2,0,0,2,4,3,0,7,0.1077,0.6769,0,1,0,1,0,0,4.8086,2.8151,0,0,0,0,0,0,0,0,0,0.0,0,https://www.yahoo.com/watch?v=dQw4w9WgXcQ?ref=nav&q=test&id=28789,0
42,28,7,0,1,2,0,0,0,3,0,0,0.0,0.8333,0,0,0,0,0,1,4.0033,3.709,0,1,0,1,1,1,1,11,0,0.87,1,http://immediate-action-required.ga/notice,1
69,13,25,23,3,2,0,1,3,4,0,5,0.0725,0.6957,0,0,0,2,0,0,4.6505,2.9689,0,0,1,0,0,0,0,0,0,0.0,0,http://api.sbi.co.in/about-us/leadership-team?ref=nav&q=test&id=40498,0
46,26,13,0,1,3,0,0,0,4,0,0,0.0,0.8043,0,0,0,0,0,1,4.1107,3.5843,2,1,0,0,0,0,0,0,0,0.0,0,http://sbi-online-banking-kyc.sbs/retail/login,1
54,15,7,23,2,0,0,1,3,3,0,5,0.0926,0.6852,0,1,0,1,0,0,4.4832,3.3232,1,0,0,0,0,0,0,0,0,0.0,0,https://dev.twitter.com/signin?ref=nav&q=test&id=44339,0
45,13,25,0,4,0,0,0,0,5,0,10,0.2222,0.5556,1,0,0,2,0,0,4.3055,2.6612,2,0,1,1,1,0,1,6,0,0.73,0,http://152.131.26.88/signin/paypal/index.html,1
66,14,6,37,2,0,0,2,4,3,0,7,0.1061,0.6818,0,1,0,1,0,0,4.8376,3.182,0,0,0,0,0,0,0,0,0,0.0,0,https://www.kaggle.com/watch?v=dQw4w9WgXcQ?ref=nav&q=test&id=64450,0
43,29,7,0,1,3,0,0,0,3,0,0,0.0,0.814,0,0,0,0,0,1,4.2047,3.9354,3,1,0,0,0,0,0,0,0,0.0,0,http://claim-free-crypto-airdrop.sbs/wallet,1
49,15,7,18,2,0,0,1,1,3,0,0,0.0,0.8163,0,1,0,1,0,0,4.3486,3.5069,1,0,0,0,0,0,0,1,0,0.07,0,https://support.nih.gov/search?q=machine+learning,0
57,28,22,0,1,3,0,0,0,4,0,0,0.0,0.8421,0,0,0,0,0,1,4.1462,3.7979,4,1,0,0,0,0,0,0,0,0.0,0,http://chase-security-alert.monster/auth/confirm-identity,1
92,22,38,23,2,1,0,1,3,6,0,5,0.0543,0.7717,0,1,0,1,0,0,4.5108,3.6635,1,0,0,0,0,0,0,0,0,0.0,0,https://support.aliexpress.com/repos/organization/repo-name/releases?ref=nav&q=test&id=99537,0
52,16,28,0,2,2,0,0,0,4,0,0,0.0,0.8269,0,1,0,1,0,0,4.1593,3.4528,1,0,0,0,0,0,0,0,0,0.0,0,https://docs.mozilla.org/help-center/contact-support,0
83,11,40,23,2,1,0,1,3,6,0,11,0.1325,0.6747,0,1,0,1,0,0,4.8654,3.0958,0,0,0,0,0,0,0,2,0,0.25,0,https://mail.gov.in/article/2026/08/technology-breakthrough?ref=nav&q=test&id=25740,0
43,12,23,0,2,1,0,0,0,4,0,0,0.0,0.814,0,1,0,1,0,0,4.284,3.4183,0,0,0,0,0,0,0,0,0,0.0,0,https://dev.bing.com/explore/popular-topics,0
67,18,17,23,2,2,0,1,3,3,0,5,0.0746,0.7164,0,1,0,1,0,0,4.454,3.128,2,0,0,0,0,0,0,0,0,0.0,0,https://docs.microsoft.com/terms-of-service?ref=nav&q=test&id=18668,0
63,17,38,0,2,1,0,0,0,6,0,0,0.0,0.8413,0,1,0,1,0,0,3.9732,3.4548,0,0,0,0,0,0,0,0,0,0.0,0,https://api.instagram.com/repos/organization/repo-name/releases,0
42,17,17,0,1,0,0,0,0,4,0,0,0.0,0.8571,0,1,0,0,0,0,4.1455,3.6901,0,0,0,0,0,0,0,0,0,0.0,0,https://stackoverflow.com/profile/settings,0
67,19,40,0,2,1,0,0,0,6,0,6,0.0896,0.7612,0,1,0,1,0,0,4.5161,3.5766,1,0,0,0,0,0,0,0,0,0.09,0,https://mail.wellsfargo.com/article/2026/08/technology-breakthrough,0
42,18,17,0,2,0,0,0,0,4,0,0,0.0,0.8333,0,0,0,1,0,0,3.9511,3.7255,0,0,0,0,0,0,0,2,0,0.29,0,http://blog.pinterest.com/profile/settings,0
28,13,7,0,1,0,0,0,0,3,0,0,0.0,0.8214,0,1,0,0,0,0,3.8658,3.3347,1,0,0,0,0,0,0,0,0,0.0,0,https://wikipedia.org/signin,0
43,27,9,0,1,2,0,0,0,3,0,0,0.0,0.8372,0,0,0,0,0,1,4.2664,3.8842,2,1,0,0,0,0,0,0,0,0.0,0,http://binance-kyc-verification.gq/security,1
34,20,7,0,1,3,0,0,0,3,0,1,0.0294,0.7353,0,0,1,0,0,1,4.1163,3.6464,1,0,0,0,0,0,0,0,0,0.0,0,http://xn--mcrosoft-p1a.com/update,1
58,15,36,0,2,3,0,0,0,5,0,8,0.1379,0.6724,0,0,0,1,0,0,4.5865,3.1899,0,0,0,0,0,0,0,1,0,0.09,0,http://www.youtube.com/questions/12345678/how-to-fix-error,0
45,25,13,0,1,3,0,0,0,4,0,0,0.0,0.8,0,0,0,0,0,1,4.0811,3.6733,2,1,0,0,0,0,0,0,0,0.0,0,http://sbi-online-banking-kyc.tk/retail/login,1
50,35,8,0,1,3,0,0,0,3,0,0,0.0,0.84,0,0,0,0,0,1,4.226,4.0687,1,1,0,1,1,1,1,5,1,0.72,2,http://metamask-wallet-recovery-phrase.fun/connect,1
38,13,18,0,4,0,0,0,0,4,0,10,0.2632,0.5,1,0,0,2,0,0,4.0804,2.8151,2,0,1,1,1,1,1,11,0,0.73,2,http://83.37.170.235/paypal/signin.php,1
54,33,14,0,2,2,0,0,0,4,0,0,0.0,0.8333,0,0,0,1,0,1,4.2478,3.9802,5,1,0,0,0,0,0,0,0,0.0,0,http://secure.netflix-payment-update.icu/account/login,1
51,37,7,0,1,3,0,0,0,3,0,0,0.0,0.8431,0,0,0,0,0,1,4.1627,3.6888,3,1,0,0,0,0,0,0,0,0.0,0,http://coinbase-account-suspended-notice.top/verify,1
48,15,25,0,2,2,0,0,0,4,0,0,0.0,0.8125,0,1,0,1,0,0,4.1471,3.3736,0,0,0,0,0,0,0,2,0,0.12,0,https://blog.target.com/about-us/leadership-team,0
30,17,6,0,1,3,0,0,0,3,0,0,0.0,0.7333,0,0,1,0,0,1,4.2566,3.4548,0,0,0,1,1,1,1,3,1,0.8,1,http://xn--gogle-qqa.com/drive,1
42,17,17,0,2,0,0,0,0,4,0,0,0.0,0.8333,0,1,0,1,0,0,4.2611,3.6169,0,0,0,0,0,0,0,3,0,0.08,0,https://blog.hdfcbank.com/profile/settings,0
54,34,13,0,1,3,0,0,0,4,0,0,0.0,0.8333,0,0,0,0,0,1,4.3868,4.1751,3,1,0,1,1,0,1,6,1,0.67,2,http://hdfc-netbanking-customer-care.buzz/secure/login,1
48,18,22,0,2,1,0,0,0,5,0,1,0.0208,0.7917,0,1,0,1,0,0,4.1476,3.4613,0,0,0,0,0,0,0,0,0,0.0,0,https://app.aliexpress.com/docs/v2/api-reference,0
62,13,17,23,2,0,0,1,3,4,0,5,0.0806,0.7097,0,1,0,1,0,0,4.7061,3.027,0,0,0,0,0,0,0,0,0,0.0,0,https://www.slack.com/profile/settings?ref=nav&q=test&id=35612,0
51,37,7,0,1,3,0,0,0,3,0,0,0.0,0.8431,0,0,0,0,0,1,4.312,3.905,3,1,0,1,1,0,1,9,1,0.8,0,http://coinbase-account-suspended-notice.xyz/verify,1
48,19,7,14,3,1,0,1,1,3,0,0,0.0,0.7708,0,0,0,2,0,0,4.5739,3.4714,4,1,1,1,1,1,1,4,0,0.9,2,http://login.paypal.com.cf/webscr?cmd=_login-run,1
52,19,25,0,2,0,0,0,0,5,0,0,0.0,0.8462,0,1,0,1,0,0,4.2292,3.7216,0,0,0,0,0,0,0,4,0,0.13,0,https://blog.aliexpress.com/user/dashboard/analytics,0
35,13,15,0,3,0,0,0,0,4,0,10,0.2857,0.4857,1,0,0,2,0,0,4.1147,2.5074,1,0,1,0,0,0,0,0,0,0.0,0,http://68.155.44.161/banking/online,1
45,21,17,0,2,2,0,0,0,3,0,0,0.0,0.8222,0,0,0,1,0,0,3.9935,3.0823,1,0,0,0,0,0,0,0,0,0.0,0,http://www.geeksforgeeks.org/terms-of-service,0
43,31,5,0,1,3,0,0,0,3,0,0,0.0,0.814,0,0,0,0,0,1,4.2137,4.0424,3,1,0,1,1,0,1,11,1,0.88,1,http://banking-portal-secure-entry.fun/auth,1
48,14,27,0,3,2,0,0,0,4,0,11,0.2292,0.5625,1,0,0,2,0,0,4.5739,2.6456,3,0,1,1,1,1,1,11,1,0.83,2,http://184.115.250.58/secure/update-banking-info,1
44,11,25,0,2,2,0,0,0,4,0,0,0.0,0.7955,0,1,0,1,0,0,4.2716,3.0958,0,0,0,0,0,0,0,0,0,0.0,0,https://docs.gov.in/about-us/leadership-team,0
33,19,7,0,1,1,0,0,0,3,0,1,0.0303,0.7879,0,0,0,0,0,0,4.165,3.8269,2,0,0,0,0,0,0,0,0,0.0,0,http://paypa1-security.com/webscr,1
30,17,6,0,1,3,0,0,0,3,0,0,0.0,0.7333,0,0,1,0,0,1,4.0314,3.4548,1,0,0,0,0,0,0,0,0,0.0,0,http://xn--paypl-qqa.com/login,1
50,15,28,0,2,2,0,0,0,4,0,0,0.0,0.82,0,0,0,1,0,0,3.9851,3.5069,1,0,0,0,0,0,0,2,0,0.1,0,http://support.nih.gov/help-center/contact-support,0
42,17,17,0,2,2,0,0,0,3,0,0,0.0,0.8095,0,1,0,1,0,0,4.08,3.2195,1,0,0,0,0,0,0,1,0,0.05,0,https://docs.facebook.com/terms-of-service,0
47,33,7,0,1,3,0,0,0,3,0,0,0.0,0.8298,0,0,0,0,0,1,4.1634,3.862,5,1,0,1,1,1,1,6,1,0.87,2,http://paypal-account-security-update.cf/verify,1
22,13,1,0,2,0,0,0,0,3,0,0,0.0,0.7273,0,1,0,1,0,0,3.6978,3.0851,0,0,0,0,0,0,0,0,0,0.0,0,https://api.arxiv.org/,0
46,26,13,0,1,3,0,0,0,4,0,0,0.0,0.8043,0,0,0,0,0,1,4.1,3.7962,2,1,0,0,0,0,0,0,0,0.0,0,http://sbi-online-banking-kyc.top/retail/login,1
69,15,22,23,2,1,0,1,3,5,0,6,0.087,0.6957,0,1,0,1,0,0,4.652,3.5069,1,0,0,0,0,0,0,2,0,0.27,0,https://support.nih.gov/docs/v2/api-reference?ref=nav&q=test&id=53804,0
54,33,14,0,2,2,0,0,0,4,0,0,0.0,0.8333,0,0,0,1,0,1,4.2478,3.9802,5,1,0,0,0,0,0,0,0,0.0,0,http://secure.netflix-payment-update.icu/account/login,1
48,34,7,0,1,3,0,0,0,3,0,0,0.0,0.8333,0,0,0,0,0,1,4.1893,3.8337,5,1,0,1,1,1,1,12,1,0.85,2,http://paypal-account-security-update.cam/verify,1
61,17,36,0,2,3,0,0,0,5,0,8,0.1311,0.6885,0,1,0,1,0,0,4.6006,3.5725,1,0,0,0,0,0,0,0,0,0.0,0,https://support.adobe.com/questions/12345678/how-to-fix-error,0
51,18,25,0,2,0,0,0,0,5,0,0,0.0,0.8431,0,1,0,1,0,0,4.1891,3.6144,0,0,0,0,0,0,0,0,0,0.0,0,https://api.cloudflare.com/user/dashboard/analytics,0
55,17,30,0,3,0,0,0,0,5,0,0,0.0,0.8364,0,1,0,1,0,0,4.1061,3.3816,1,0,0,0,0,0,0,0,0,0.0,0,https://support.yahoo.com/download/latest/installer.exe,0
49,34,8,0,1,3,0,0,0,3,0,0,0.0,0.8367,0,0,0,0,0,1,4.2241,3.9957,1,1,0,1,1,1,1,4,0,0.76,0,http://metamask-wallet-recovery-phrase.gq/connect,1
47,34,6,0,1,3,0,0,0,3,0,0,0.0,0.8298,0,0,0,0,0,1,4.1334,3.8559,2,1,0,0,0,0,0,0,0,0.0,0,http://icici-rewards-points-redemption.ga/claim,1
54,18,28,0,2,2,0,0,0,4,0,0,0.0,0.8333,0,1,0,1,0,0,3.9727,3.6144,1,0,0,0,0,0,0,1,0,0.15,0,https://mail.pinterest.com/help-center/contact-support,0
65,19,38,0,2,1,0,0,0,6,0,0,0.0,0.8462,0,1,0,1,0,0,4.037,3.2866,0,0,0,0,0,0,0,4,0,0.35,0,https://docs.salesforce.com/repos/organization/repo-name/releases,0
31,14,10,0,4,0,0,0,0,3,0,11,0.3548,0.3871,1,0,0,2,0,0,3.7568,2.3527,1,0,0,0,0,0,0,0,0,0.0,0,http://213.38.252.225/login.php,1
37,13,17,0,2,0,0,0,0,4,0,0,0.0,0.8108,0,0,0,1,0,0,4.108,3.2389,1,0,0,0,0,0,0,0,0,0.0,0,http://dev.chase.com/profile/settings,0
40,26,7,0,1,2,0,0,0,3,0,1,0.025,0.8,0,0,0,0,0,1,4.2842,4.1329,3,0,0,1,1,1,1,3,1,0.78,1,http://netfl1x-billing-update.com/signin,1
55,19,28,0,2,2,0,0,0,4,0,0,0.0,0.8364,0,1,0,1,0,0,4.04,3.8269,2,0,0,0,0,0,0,2,0,0.22,0,https://support.netflix.com/help-center/contact-support,0
52,18,7,18,2,0,0,1,1,3,0,0,0.0,0.8269,0,1,0,1,0,0,4.2798,3.4613,0,0,0,0,0,0,0,0,0,0.0,0,https://app.huggingface.co/search?q=machine+learning,0
41,13,6,13,2,0,0,1,1,3,0,2,0.0488,0.7561,0,1,0,1,0,0,4.5338,3.0851,0,0,0,0,0,0,0,3,0,0.17,0,https://blog.bing.com/watch?v=dQw4w9WgXcQ,0
34,20,7,0,1,3,0,0,0,3,0,1,0.0294,0.7353,0,0,1,0,0,1,4.1163,3.6464,1,0,0,0,0,0,0,0,0,0.0,0,http://xn--mcrosoft-p1a.com/update,1
42,27,8,0,1,3,0,0,0,3,0,0,0.0,0.8095,0,0,0,0,0,1,4.1892,3.8562,2,1,0,1,1,1,1,3,1,0.86,1,http://verify-your-identity-now.ml/confirm,1
49,17,25,0,2,0,0,0,0,5,0,1,0.0204,0.8163,0,0,0,1,0,0,4.2629,3.4548,0,0,0,0,0,0,0,0,0,0.0,0,http://dev.w3schools.com/user/dashboard/analytics,0
52,30,15,0,1,3,0,0,0,3,0,0,0.0,0.8462,0,0,0,0,0,1,4.2147,3.8817,2,1,0,0,0,0,0,0,0,0.0,0,http://instagram-copyright-appeal.top/verify-account,1
46,34,5,0,1,3,0,0,0,3,0,0,0.0,0.8261,0,0,0,0,0,1,4.284,3.9987,4,1,0,0,0,0,0,0,0,0.0,0,http://secure-wellsfargo-banking-alert.cf/auth,1
43,29,7,0,1,2,0,0,0,3,0,0,0.0,0.8372,0,0,0,0,0,1,3.9414,3.6335,0,1,0,0,0,0,0,0,0,0.0,0,http://immediate-action-required.cam/notice,1
48,18,22,0,2,1,0,0,0,5,0,1,0.0208,0.7917,0,1,0,1,0,0,4.1476,3.4613,0,0,0,0,0,0,0,0,0,0.18,0,https://app.aliexpress.com/docs/v2/api-reference,0
43,27,9,0,1,2,0,0,0,3,0,0,0.0,0.8372,0,0,0,0,0,1,4.1359,3.736,2,1,0,0,0,0,0,0,0,0.0,0,http://binance-kyc-verification.tk/security,1
51,15,28,0,2,2,0,0,0,4,0,0,0.0,0.8235,0,1,0,1,0,0,4.1671,3.6402,2,0,0,0,0,0,0,0,0,0.0,0,https://dev.netflix.com/help-center/contact-support,0
49,20,7,14,3,1,0,1,1,3,0,0,0.0,0.7755,0,0,0,2,0,0,4.5527,3.5842,4,1,1,0,0,0,0,0,0,0.0,0,http://login.paypal.com.sbs/webscr?cmd=_login-run,1
47,19,6,13,2,0,0,1,1,3,0,2,0.0426,0.7872,0,1,0,1,0,0,4.4795,3.7871,0,0,0,0,0,0,0,0,0,0.0,0,https://www.theguardian.com/watch?v=dQw4w9WgXcQ,0
43,27,9,0,1,2,0,0,0,3,0,0,0.0,0.8372,0,0,0,0,0,1,4.1359,3.736,2,1,0,0,0,0,0,0,0,0.0,0,http://binance-kyc-verification.tk/security,1
30,16,6,0,2,0,0,0,0,3,0,0,0.0,0.8,0,1,0,1,0,0,3.9647,3.625,1,0,0,1,1,0,0,1,0,0.12,0,https://blog.nytimes.com/login,0
54,16,30,0,3,0,0,0,0,5,0,0,0.0,0.8333,0,1,0,1,0,0,4.1565,3.2028,0,0,0,0,0,0,0,1,0,0.33,0,https://app.facebook.com/download/latest/installer.exe,0
49,34,8,0,1,3,0,0,0,3,0,0,0.0,0.8367,0,0,0,0,0,1,4.1505,3.8895,1,1,0,1,1,1,1,9,0,0.84,1,http://metamask-wallet-recovery-phrase.ga/connect,1
40,15,17,0,2,2,0,0,0,3,0,0,0.0,0.8,0,1,0,1,0,0,4.0653,3.5069,1,0,0,0,0,0,0,0,0,0.0,0,https://api.nytimes.com/terms-of-service,0
47,11,28,0,1,2,0,0,0,4,0,0,0.0,0.8298,0,1,0,0,0,0,4.0176,3.0272,1,0,0,0,0,0,0,0,0,0.0,0,https://dropbox.com/help-center/contact-support,0
99,15,30,45,2,0,0,2,5,5,0,6,0.0606,0.7475,0,1,0,1,0,0,4.5421,3.3736,0,0,0,0,0,0,0,1,0,0.1,0,https://mail.target.com/products/category/electronics?page=2&sort=price_asc?ref=nav&q=test&id=66062,0
74,12,30,23,3,0,0,1,3,5,0,5,0.0676,0.7297,0,1,0,1,0,0,4.6349,2.9183,0,0,0,0,0,0,0,2,0,0.18,0,https://mail.bbc.com/download/latest/installer.exe?ref=nav&q=test&id=56874,0
62,13,17,23,2,2,0,1,3,3,0,5,0.0806,0.6935,0,1,0,1,0,0,4.5912,3.027,2,0,0,0,0,0,0,4,0,0.2,0,https://www.chase.com/terms-of-service?ref=nav&q=test&id=92694,0
34,20,7,0,1,3,0,0,0,3,0,1,0.0294,0.7353,0,0,1,0,0,1,4.1163,3.6464,1,0,0,1,1,1,1,9,1,0.75,1,http://xn--mcrosoft-p1a.com/update,1
46,14,25,0,4,0,0,0,0,5,0,11,0.2391,0.5435,1,0,0,2,0,0,4.4229,3.0391,2,0,1,0,0,0,0,0,0,0.0,0,http://199.84.203.135/signin/paypal/index.html,1
54,39,7,0,4,1,0,0,0,3,0,0,0.0,0.8333,0,1,0,3,1,0,4.32,3.9646,3,1,1,1,1,1,0,10,1,0.88,2,https://appleid.apple.com.account-recovery.work/verify,1
47,15,25,0,4,0,0,0,0,5,0,12,0.2553,0.5319,1,0,0,2,0,0,4.3497,2.7899,2,0,1,0,0,0,0,0,0,0.0,0,http://110.203.157.165/signin/paypal/index.html,1
50,12,30,0,3,0,0,0,0,5,0,0,0.0,0.82,0,1,0,1,0,0,4.1289,3.2516,0,0,0,0,0,0,0,1,0,0.21,0,https://dev.ebay.com/download/latest/installer.exe,0
42,28,7,0,1,3,0,0,0,3,0,0,0.0,0.8095,0,0,0,0,0,1,4.1033,3.8518,3,1,0,1,1,0,1,7,0,0.91,2,http://claim-free-crypto-airdrop.tk/wallet,1
74,16,7,42,2,0,0,2,4,3,0,5,0.0676,0.7297,0,1,0,1,0,0,4.7534,3.4528,0,0,0,0,0,0,0,0,0,0.0,0,https://mail.dropbox.com/search?q=machine+learning?ref=nav&q=test&id=89875,0
67,23,9,27,2,2,0,1,1,5,0,0,0.0,0.806,0,0,0,0,0,0,4.1984,3.4642,1,1,0,0,0,0,0,0,0,0.0,0,http://suspicious-site.monster/redirect?url=http://victim-login.com,1
43,28,8,0,1,3,0,0,0,3,0,0,0.0,0.814,0,0,0,0,0,1,4.1116,3.6995,2,1,0,0,0,0,0,0,0,0.0,0,http://verify-your-identity-now.fun/confirm,1
88,16,40,23,2,1,0,1,3,6,0,11,0.125,0.6932,0,1,0,1,0,0,4.8765,3.4528,0,0,0,0,0,0,0,4,0,0.33,0,https://api.linkedin.com/article/2026/08/technology-breakthrough?ref=nav&q=test&id=30674,0
51,15,28,0,2,2,0,0,0,4,0,0,0.0,0.8235,0,1,0,1,0,0,3.9834,3.0062,1,0,0,0,0,0,0,0,0,0.0,0,https://docs.docker.com/help-center/contact-support,0
75,17,7,42,2,0,0,2,4,3,0,6,0.08,0.72,0,1,0,1,0,0,4.7008,3.3372,0,0,0,0,0,0,0,0,0,0.0,0,https://app.w3schools.com/search?q=machine+learning?ref=nav&q=test&id=71227,0
78,16,30,23,3,0,0,1,3,5,0,5,0.0641,0.7436,0,1,0,1,0,0,4.5307,3.375,0,0,0,0,0,0,0,0,0,0.0,0,https://docs.walmart.com/download/latest/installer.exe?ref=nav&q=test&id=50609,0
50,18,25,0,2,0,0,0,0,5,0,0,0.0,0.84,0,0,0,1,0,0,4.1191,3.4613,1,0,0,0,0,0,0,0,0,0.0,0,http://support.target.com/user/dashboard/analytics,0
62,10,6,37,2,0,0,2,4,3,0,7,0.1129,0.6613,0,1,0,1,0,0,4.7828,2.6464,0,0,0,0,0,0,0,0,0,0.23,0,https://www.gov.in/watch?v=dQw4w9WgXcQ?ref=nav&q=test&id=53109,0
45,17,6,13,1,0,0,1,1,3,0,2,0.0444,0.8,0,1,0,0,0,0,4.525,3.6901,0,0,0,0,0,0,0,4,0,0.14,0,https://stackoverflow.com/watch?v=dQw4w9WgXcQ,0
42,27,8,0,1,3,0,0,0,3,0,0,0.0,0.8095,0,0,0,0,0,1,4.1509,3.7542,2,1,0,0,0,0,0,0,0,0.0,0,http://verify-your-identity-now.tk/confirm,1
70,21,17,23,2,0,0,1,3,4,0,5,0.0714,0.7429,0,1,0,1,0,0,4.443,3.3088,0,0,0,0,0,0,0,0,0,0.0,0,https://api.geeksforgeeks.org/profile/settings?ref=nav&q=test&id=58776,0
55,41,7,0,1,3,0,0,0,3,0,0,0.0,0.8545,0,0,0,0,0,1,4.1997,3.7788,3,1,0,1,1,1,1,5,1,0.68,2,http://coinbase-account-suspended-notice.monster/verify,1
43,7,28,0,1,2,0,0,0,4,0,0,0.0,0.814,0,1,0,0,0,0,4.0011,2.8074,1,0,0,0,0,0,0,0,0,0.0,0,https://nih.gov/help-center/contact-support,0
51,34,10,0,1,3,0,0,0,4,0,0,0.0,0.8235,0,0,0,0,0,1,4.0098,3.7604,2,1,0,0,0,0,0,0,0,0.0,0,http://amazon-unusual-activity-signin.cam/ap/signin,1
105,21,30,45,2,0,0,2,5,5,0,6,0.0571,0.7619,0,1,0,1,0,0,4.5912,3.0823,0,0,0,0,0,0,0,4,0,0.08,0,https://www.geeksforgeeks.org/products/category/electronics?page=2&sort=price_asc?ref=nav&q=test&id=57877,0
49,15,27,0,3,2,0,0,0,4,0,12,0.2449,0.551,1,0,0,2,0,0,4.6143,2.7899,3,0,1,1,1,0,1,2,1,0.68,1,http://188.130.139.214/secure/update-banking-info,1
49,34,8,0,1,3,0,0,0,3,0,0,0.0,0.8367,0,0,0,0,0,1,4.1505,3.8895,1,1,0,0,0,0,0,0,0,0.0,0,http://metamask-wallet-recovery-phrase.ga/connect,1
49,36,6,0,2,2,0,0,0,3,0,0,0.0,0.8367,0,0,0,1,0,1,4.3078,4.0169,4,1,1,1,1,1,1,12,1,0.8,2,http://wellsfargo.banking-access-service.tk/login,1
68,12,18,30,3,0,0,1,1,4,0,11,0.1618,0.6912,1,0,0,2,0,0,4.7796,2.4591,3,0,0,0,0,0,0,0,0,0.0,0,http://83.23.32.186/auth/verification?token=jmxbd0vmtitujphsqnv2rjkc,1
37,12,18,0,4,0,0,0,0,4,0,9,0.2432,0.5135,1,0,0,2,0,0,4.1389,3.0221,2,0,1,1,1,1,1,12,1,0.71,2,http://27.36.157.89/paypal/signin.php,1
30,17,6,0,1,3,0,0,0,3,0,0,0.0,0.7333,0,0,1,0,0,1,4.0314,3.4548,1,0,0,0,0,0,0,0,0,0.0,0,http://xn--paypl-qqa.com/login,1
45,15,22,0,2,1,0,0,0,5,0,1,0.0222,0.7778,0,1,0,1,0,0,4.1722,3.5069,0,0,0,0,0,0,0,0,0,0.29,0,https://dev.nytimes.com/docs/v2/api-reference,0
83,11,40,23,2,1,0,1,3,6,0,11,0.1325,0.6747,0,1,0,1,0,0,4.9077,2.4817,0,0,0,0,0,0,0,4,0,0.28,0,https://www.cnn.com/article/2026/08/technology-breakthrough?ref=nav&q=test&id=72458,0
46,12,7,18,2,0,0,1,1,3,0,0,0.0,0.8043,0,1,0,1,0,0,4.3196,3.2516,0,0,0,0,0,0,0,0,0,0.0,0,https://api.ebay.com/search?q=machine+learning,0
45,14,0,23,2,0,0,1,3,2,0,5,0.1111,0.6444,0,0,0,1,0,0,4.5803,3.182,0,0,0,0,0,0,0,2,0,0.29,0,http://api.medium.com?ref=nav&q=test&id=11236,0
52,15,6,23,2,0,0,1,3,3,0,5,0.0962,0.6731,0,0,0,1,0,0,4.6903,3.1899,1,0,0,0,0,0,0,0,0,0.0,0,http://www.mozilla.org/login?ref=nav&q=test&id=17080,0
64,21,36,0,2,3,0,0,0,5,0,8,0.125,0.7031,0,0,0,1,0,0,4.6853,3.5352,0,0,0,0,0,0,0,0,0,0.0,0,http://app.bankofamerica.com/questions/12345678/how-to-fix-error,0
51,16,28,0,2,2,0,0,0,4,0,0,0.0,0.8235,0,0,0,1,0,0,4.1035,3.5,1,0,0,0,0,0,0,0,0,0.0,0,http://mail.spotify.com/help-center/contact-support,0
51,36,8,0,1,3,0,0,0,3,0,0,0.0,0.8431,0,0,0,0,0,1,4.1403,3.882,1,1,0,1,1,1,1,10,1,0.74,1,http://metamask-wallet-recovery-phrase.work/connect,1
51,34,10,0,1,3,0,0,0,4,0,0,0.0,0.8235,0,0,0,0,0,1,4.0199,3.7826,2,1,0,0,0,0,0,0,0,0.0,0,http://amazon-unusual-activity-signin.fun/ap/signin,1
42,14,6,13,3,0,0,1,1,3,0,2,0.0476,0.7381,0,1,0,2,0,0,4.5226,3.1281,0,0,1,0,0,0,0,4,0,0.25,0,https://mail.sbi.co.in/watch?v=dQw4w9WgXcQ,0
37,9,6,13,1,0,0,1,1,3,0,2,0.0541,0.7568,0,1,0,0,0,0,4.3915,2.9477,0,0,0,0,0,0,0,2,0,0.28,0,https://slack.com/watch?v=dQw4w9WgXcQ,0
51,15,28,0,2,2,0,0,0,4,0,0,0.0,0.8235,0,1,0,1,0,0,4.0202,3.3736,1,0,0,0,0,0,0,2,0,0.16,0,https://mail.target.com/help-center/contact-support,0
50,33,10,0,1,3,0,0,0,4,0,0,0.0,0.82,0,0,0,0,0,1,4.0509,3.8471,2,1,0,1,1,1,1,9,0,0.78,0,http://amazon-unusual-activity-signin.gq/ap/signin,1
40,26,7,0,1,2,0,0,0,3,0,1,0.025,0.8,0,0,0,0,0,1,4.2842,4.1329,3,0,0,1,1,1,1,6,0,0.77,0,http://netfl1x-billing-update.com/signin,1
46,21,17,0,2,0,0,0,0,4,0,0,0.0,0.8478,0,1,0,1,0,0,4.2277,3.7849,0,0,0,0,0,0,0,0,0,0.25,0,https://dev.stackoverflow.com/profile/settings,0
62,18,9,27,2,2,0,1,1,5,0,0,0.0,0.7903,0,0,0,0,0,0,4.2397,3.2391,1,1,0,0,0,0,0,0,0,0.0,0,http://suspicious-site.cf/redirect?url=http://victim-login.com,1
53,33,13,0,1,3,0,0,0,4,0,0,0.0,0.8302,0,0,0,0,0,1,4.4615,4.2862,3,1,0,0,0,0,0,0,0,0.0,0,http://hdfc-netbanking-customer-care.xyz/secure/login,1
56,20,28,0,2,2,0,0,0,4,0,0,0.0,0.8393,0,1,0,1,0,0,4.1882,3.9219,1,0,0,0,0,0,0,0,0,0.0,0,https://blog.theguardian.com/help-center/contact-support,0
73,14,30,21,2,0,0,1,2,5,0,1,0.0137,0.8082,0,0,0,1,0,0,4.3657,3.0391,0,0,0,0,0,0,0,0,0,0.22,0,http://www.docker.com/products/category/electronics?page=2&sort=price_asc,0
67,16,6,36,2,0,0,2,4,3,0,6,0.0896,0.7015,0,1,0,1,0,0,4.7932,3.3278,0,0,0,0,0,0,0,0,0,0.0,0,https://docs.spotify.com/watch?v=dQw4w9WgXcQ?ref=nav&q=test&id=8000,0
64,15,17,23,2,2,0,1,3,3,0,5,0.0781,0.7031,0,1,0,1,0,0,4.7539,3.2402,2,0,0,0,0,0,0,0,0,0.0,0,https://blog.paypal.com/terms-of-service?ref=nav&q=test&id=48180,0
44,32,5,0,1,3,0,0,0,3,0,0,0.0,0.8182,0,0,0,0,0,1,4.2573,4.0931,3,1,0,1,1,1,1,12,1,0.86,0,http://banking-portal-secure-entry.buzz/auth,1
51,21,22,0,2,1,0,0,0,5,0,1,0.0196,0.8039,0,1,0,1,0,0,4.2244,3.5352,0,0,0,0,0,0,0,4,0,0.17,0,https://api.bankofamerica.com/docs/v2/api-reference,0
48,30,11,0,1,3,0,0,0,3,0,0,0.0,0.8333,0,0,0,0,0,1,4.2016,3.9232,3,1,0,1,1,1,1,12,1,0.73,2,http://unauthorized-login-detected.cf/secure-now,1
70,21,17,23,2,2,0,1,3,3,0,5,0.0714,0.7286,0,1,0,1,0,0,4.6813,3.6538,2,0,0,0,0,0,0,0,0,0.0,0,https://support.icicibank.com/terms-of-service?ref=nav&q=test&id=97042,0
73,33,5,27,1,3,0,1,1,3,0,10,0.137,0.726,0,0,0,0,0,1,4.9137,4.1273,1,1,0,0,0,0,0,0,0,0.0,0,http://google-drive-shared-document.buzz/view?id=v7a7nrm5006fbi8c14dbe8ja,1
23,15,0,0,2,0,0,0,0,2,0,0,0.0,0.7826,0,1,0,1,0,0,3.7623,3.3232,0,0,0,0,0,0,0,4,0,0.23,0,https://api.walmart.com,0
69,10,30,21,2,0,0,1,2,5,0,1,0.0145,0.7971,0,0,0,1,0,0,4.3045,2.9219,0,0,0,0,0,0,0,4,0,0.29,0,http://app.gov.in/products/category/electronics?page=2&sort=price_asc,0
59,11,40,0,2,1,0,0,0,6,0,6,0.1017,0.7288,0,1,0,1,0,0,4.516,2.914,0,0,0,0,0,0,0,3,0,0.25,0,https://dev.cnn.com/article/2026/08/technology-breakthrough,0
40,26,7,0,1,2,0,0,0,3,0,1,0.025,0.8,0,0,0,0,0,1,4.2842,4.1329,3,0,0,1,1,1,1,11,1,0.67,2,http://netfl1x-billing-update.com/signin,1
34,20,7,0,1,3,0,0,0,3,0,1,0.0294,0.7353,0,0,1,0,0,1,4.1163,3.6464,1,0,0,0,0,0,0,0,0,0.0,0,http://xn--mcrosoft-p1a.com/update,1
69,15,22,23,2,1,0,1,3,5,0,6,0.087,0.6957,0,1,0,1,0,0,4.7622,3.1899,1,0,0,0,0,0,0,0,0,0.22,0,https://blog.amazon.com/docs/v2/api-reference?ref=nav&q=test&id=20714,0
70,13,7,42,2,0,0,2,4,3,0,5,0.0714,0.7143,0,0,0,1,0,0,4.588,3.027,0,0,0,0,0,0,0,3,0,0.11,0,http://app.twitch.tv/search?q=machine+learning?ref=nav&q=test&id=57870,0
48,19,7,14,3,1,0,1,1,3,0,0,0.0,0.7708,0,0,0,2,0,0,4.5268,3.3264,4,1,1,0,0,0,0,0,0,0.0,0,http://login.paypal.com.ga/webscr?cmd=_login-run,1
73,13,30,21,2,0,0,1,2,5,0,1,0.0137,0.8082,0,1,0,1,0,0,4.2976,3.0851,0,0,0,0,0,0,0,0,0,0.0,0,https://app.quora.com/products/category/electronics?page=2&sort=price_asc,0
74,14,30,21,2,0,0,1,2,5,0,1,0.0135,0.8108,0,1,0,1,0,0,4.27,3.3788,0,0,0,0,0,0,0,4,0,0.32,0,https://api.reddit.com/products/category/electronics?page=2&sort=price_asc,0
100,16,30,45,2,0,0,2,5,5,0,6,0.06,0.75,0,1,0,1,0,0,4.755,3.4528,0,0,0,0,0,0,0,3,0,0.29,0,https://www.hdfcbank.com/products/category/electronics?page=2&sort=price_asc?ref=nav&q=test&id=94767,0
47,14,25,0,2,2,0,0,0,4,0,0,0.0,0.8085,0,1,0,1,0,0,4.2563,3.2359,0,0,0,0,0,0,0,0,0,0.0,0,https://blog.arxiv.org/about-us/leadership-team,0
53,31,15,0,1,3,0,0,0,3,0,0,0.0,0.8491,0,0,0,0,0,1,4.3507,4.0668,2,1,0,0,0,0,0,0,0,0.0,0,http://instagram-copyright-appeal.work/verify-account,1
65,13,6,37,2,0,0,2,4,3,0,7,0.1077,0.6769,0,1,0,1,0,0,4.8071,2.7774,1,0,0,0,0,0,0,3,0,0.3,0,https://app.apple.com/watch?v=dQw4w9WgXcQ?ref=nav&q=test&id=32448,0
30,17,6,0,1,3,0,0,0,3,0,0,0.0,0.7333,0,0,1,0,0,1,4.2566,3.4548,0,0,0,1,1,1,1,9,1,0.78,1,http://xn--gogle-qqa.com/drive,1
34,20,7,0,1,3,0,0,0,3,0,1,0.0294,0.7353,0,0,1,0,0,1,4.1163,3.6464,1,0,0,0,0,0,0,0,0,0.0,0,http://xn--mcrosoft-p1a.com/update,1
55,34,14,0,2,2,0,0,0,4,0,0,0.0,0.8364,0,0,0,1,0,1,4.3833,4.1944,5,1,0,0,0,0,0,0,0,0.0,0,http://secure.netflix-payment-update.work/account/login,1
40,26,7,0,1,2,0,0,0,3,0,1,0.025,0.8,0,0,0,0,0,1,4.2842,4.1329,3,0,0,1,1,1,1,2,1,0.86,0,http://netfl1x-billing-update.com/signin,1
34,13,14,0,3,0,0,0,0,4,0,10,0.2941,0.4706,1,0,0,2,0,0,4.2195,2.8731,2,0,1,1,1,1,1,2,1,0.87,2,http://77.44.135.106/netflix/login,1
54,16,7,23,2,0,0,1,3,3,0,5,0.0926,0.6852,0,0,0,1,0,0,4.6552,3.5,2,0,0,0,0,0,0,0,0,0.0,0,http://support.imdb.com/signin?ref=nav&q=test&id=57679,0
53,15,30,0,3,0,0,0,0,5,0,0,0.0,0.8302,0,1,0,1,0,0,4.1924,3.5069,0,0,0,0,0,0,0,0,0,0.0,0,https://docs.github.com/download/latest/installer.exe,0
50,35,8,0,1,3,0,0,0,3,0,0,0.0,0.84,0,0,0,0,0,1,4.1611,3.8973,1,1,0,0,0,0,0,0,0,0.0,0,http://metamask-wallet-recovery-phrase.sbs/connect,1
70,11,30,21,2,0,0,1,2,5,0,1,0.0143,0.8,0,0,0,1,0,0,4.2855,2.914,0,0,0,0,0,0,0,1,0,0.25,0,http://api.cnn.com/products/category/electronics?page=2&sort=price_asc,0
40,26,7,0,1,2,0,0,0,3,0,1,0.025,0.8,0,0,0,0,0,1,4.2842,4.1329,3,0,0,0,0,0,0,0,0,0.0,0,http://netfl1x-billing-update.com/signin,1
20,11,1,0,2,0,0,0,0,3,0,0,0.0,0.7,0,1,0,1,0,0,3.6842,3.0958,0,0,0,0,0,0,0,2,0,0.12,0,https://docs.gov.in/,0
34,13,14,0,3,0,0,0,0,4,0,10,0.2941,0.4706,1,0,0,2,0,0,4.1385,2.6612,2,0,1,0,0,0,0,0,0,0.0,0,http://59.73.232.131/netflix/login,1
43,18,17,0,2,2,0,0,0,3,0,0,0.0,0.814,0,1,0,1,0,0,4.0248,3.4613,2,0,0,0,0,0,0,0,0,0.16,0,https://support.docker.com/terms-of-service,0
53,38,7,0,4,1,0,0,0,3,0,0,0.0,0.8302,0,1,0,3,1,0,4.3364,3.9977,3,1,1,0,0,0,0,0,0,0.0,0,https://appleid.apple.com.account-recovery.xyz/verify,1
50,33,10,0,1,3,0,0,0,4,0,0,0.0,0.82,0,0,0,0,0,1,4.0338,3.8243,2,1,0,0,0,0,0,0,0,0.0,0,http://amazon-unusual-activity-signin.tk/ap/signin,1
30,17,6,0,1,3,0,0,0,3,0,0,0.0,0.7333,0,0,1,0,0,1,4.2566,3.4548,0,0,0,0,0,0,0,0,0,0.0,0,http://xn--gogle-qqa.com/drive,1
48,34,7,0,1,3,0,0,0,3,0,0,0.0,0.8333,0,0,0,0,0,1,4.1395,3.7856,5,1,0,0,0,0,0,0,0,0.0,0,http://paypal-account-security-update.icu/verify,1
28,13,7,0,2,0,0,0,0,3,0,0,0.0,0.7857,0,1,0,1,0,0,3.7979,3.0851,1,0,0,1,1,0,0,0,0,0.21,0,https://app.arxiv.org/signin,0
34,20,7,0,1,3,0,0,0,3,0,1,0.0294,0.7353,0,0,1,0,0,1,4.1163,3.6464,1,0,0,1,1,1,1,6,1,0.87,0,http://xn--mcrosoft-p1a.com/update,1
49,15,7,18,1,0,0,1,1,3,0,0,0.0,0.8367,0,1,0,0,0,0,4.2803,3.7736,0,0,0,0,0,0,0,0,0,0.0,0,https://theguardian.com/search?q=machine+learning,0
39,14,17,0,2,0,0,0,0,4,0,0,0.0,0.8205,0,1,0,1,0,0,4.1311,3.2359,0,0,0,0,0,0,0,4,0,0.05,0,https://mail.adobe.com/profile/settings,0
30,17,6,0,1,3,0,0,0,3,0,0,0.0,0.7333,0,0,1,0,0,1,4.2566,3.4548,0,0,0,1,1,1,1,3,0,0.77,0,http://xn--gogle-qqa.com/drive,1
46,13,25,0,2,2,0,0,0,4,0,0,0.0,0.8043,0,1,0,1,0,0,4.2299,3.2389,0,0,0,0,0,0,0,3,0,0.17,0,https://dev.arxiv.org/about-us/leadership-team,0
39,8,23,0,1,1,0,0,0,4,0,0,0.0,0.8205,0,1,0,0,0,0,4.1479,3.0,0,0,0,0,0,0,0,3,0,0.12,0,https://bing.com/explore/popular-topics,0
32,17,7,0,2,0,0,0,0,3,0,0,0.0,0.8125,0,1,0,1,0,0,3.8431,3.3372,2,0,0,1,1,0,0,1,0,0.09,0,https://api.microsoft.com/signin,0
65,19,38,0,2,1,0,0,0,6,0,0,0.0,0.8462,0,1,0,1,0,0,4.103,3.4316,1,0,0,0,0,0,0,4,0,0.09,0,https://support.youtube.com/repos/organization/repo-name/releases,0
56,18,7,22,2,0,0,1,3,3,0,4,0.0714,0.7143,0,1,0,1,0,0,4.5818,3.6144,1,0,0,0,0,0,0,0,0,0.0,0,https://blog.instagram.com/signin?ref=nav&q=test&id=4898,0
25,11,6,0,1,0,0,0,0,3,0,0,0.0,0.8,0,1,0,0,0,0,3.8333,3.0958,1,0,0,1,1,0,0,2,0,0.21,0,https://mozilla.org/login,0
50,33,10,0,1,3,0,0,0,4,0,0,0.0,0.82,0,0,0,0,0,1,4.0509,3.8471,2,1,0,0,0,0,0,0,0,0.0,0,http://amazon-unusual-activity-signin.gq/ap/signin,1
39,14,17,0,3,2,0,0,0,3,0,0,0.0,0.7692,0,1,0,2,0,0,4.0317,2.8963,1,0,1,0,0,0,0,1,0,0.2,0,https://docs.sbi.co.in/terms-of-service,0
23,14,1,0,2,0,0,0,0,3,0,0,0.0,0.7391,0,1,0,1,0,0,3.5512,3.182,0,0,0,0,0,0,0,0,0,0.0,0,https://mail.twitch.tv/,0
46,16,22,0,2,1,0,0,0,5,0,1,0.0217,0.7826,0,1,0,1,0,0,4.214,3.4528,0,0,0,0,0,0,0,4,0,0.23,0,https://app.flipkart.com/docs/v2/api-reference,0
42,27,8,0,1,3,0,0,0,3,0,0,0.0,0.8095,0,0,0,0,0,1,4.1236,3.7821,2,1,0,1,1,1,1,2,1,0.85,2,http://verify-your-identity-now.cf/confirm,1
42,14,6,13,2,0,0,1,1,3,0,2,0.0476,0.7619,0,1,0,1,0,0,4.368,3.3249,0,0,0,0,0,0,0,0,0,0.0,0,https://www.gitlab.com/watch?v=dQw4w9WgXcQ,0
34,20,7,0,1,3,0,0,0,3,0,1,0.0294,0.7353,0,0,1,0,0,1,4.1163,3.6464,1,0,0,0,0,0,0,0,0,0.0,0,http://xn--mcrosoft-p1a.com/update,1
50,35,8,0,1,3,0,0,0,3,0,0,0.0,0.84,0,0,0,0,0,1,4.2411,4.0116,1,1,0,1,1,0,1,4,0,0.84,1,http://metamask-wallet-recovery-phrase.xyz/connect,1
50,37,6,0,4,1,0,0,0,3,0,0,0.0,0.82,0,0,0,3,1,0,4.2542,3.9999,3,1,1,1,1,1,1,2,1,0.68,1,http://appleid.apple.com.verify-identity.xyz/login,1
38,13,17,0,3,0,0,0,0,4,0,0,0.0,0.7895,0,1,0,2,0,0,3.9027,2.9689,0,0,1,0,0,0,0,0,0,0.0,0,https://api.sbi.co.in/profile/settings,0
49,35,7,0,1,3,0,0,0,3,0,0,0.0,0.8367,0,0,0,0,0,1,4.4262,4.1859,2,1,0,0,0,0,0,0,0,0.0,0,http://customer-support-helpdesk-agent.xyz/verify,1
37,12,18,0,4,0,0,0,0,4,0,9,0.2432,0.5135,1,0,0,2,0,0,4.0849,2.8554,2,0,1,0,0,0,0,0,0,0.0,0,http://99.108.82.64/paypal/signin.php,1
24,15,1,0,2,0,0,0,0,3,0,0,0.0,0.75,0,1,0,1,0,0,3.4864,2.9232,0,0,0,0,0,0,0,0,0,0.0,0,https://www.twitter.com/,0
45,10,28,0,1,2,0,0,0,4,0,0,0.0,0.8222,0,0,0,0,0,0,3.9413,2.7219,2,0,0,0,0,0,0,0,0,0.0,0,http://amazon.com/help-center/contact-support,0
47,34,6,0,1,3,0,0,0,3,0,0,0.0,0.8298,0,0,0,0,0,1,4.1334,3.8559,2,1,0,0,0,0,0,0,0,0.0,0,http://icici-rewards-points-redemption.ga/claim,1
52,13,7,23,3,0,0,1,3,3,0,5,0.0962,0.6538,0,1,0,2,0,0,4.5345,2.8151,1,0,1,0,0,0,0,0,0,0.0,0,https://www.sbi.co.in/signin?ref=nav&q=test&id=12926,0
69,25,36,0,2,3,0,0,0,5,0,8,0.1159,0.7246,0,1,0,1,0,0,4.6215,3.8439,1,0,0,0,0,0,0,0,0,0.0,0,https://support.stackoverflow.com/questions/12345678/how-to-fix-error,0
24,16,1,0,2,0,0,0,0,3,0,0,0.0,0.75,0,0,0,1,0,0,3.6573,3.3278,0,0,0,0,0,0,0,4,0,0.14,0,http://docs.spotify.com/,0
30,17,6,0,1,3,0,0,0,3,0,0,0.0,0.7333,0,0,1,0,0,1,4.0314,3.4548,1,0,0,0,0,0,0,0,0,0.0,0,http://xn--paypl-qqa.com/login,1
47,15,0,23,2,0,0,1,3,2,0,5,0.1064,0.6596,0,1,0,1,0,0,4.6288,3.0062,1,0,0,0,0,0,0,2,0,0.19,0,https://mail.amazon.com?ref=nav&q=test&id=36659,0
31,17,6,0,2,0,0,0,0,3,0,0,0.0,0.8065,0,1,0,1,0,0,4.0392,3.2639,1,0,0,1,1,0,0,4,0,0.08,0,https://blog.facebook.com/login,0
52,23,22,0,1,3,0,0,0,4,0,0,0.0,0.8269,0,0,0,0,0,1,4.1491,3.6753,4,1,0,0,0,0,0,0,0,0.0,0,http://chase-security-alert.cf/auth/confirm-identity,1
46,12,7,18,2,0,0,1,1,3,0,0,0.0,0.8043,0,1,0,1,0,0,4.2947,3.2516,0,0,0,0,0,0,0,3,0,0.2,0,https://app.bing.com/search?q=machine+learning,0
40,26,7,0,1,2,0,0,0,3,0,1,0.025,0.8,0,0,0,0,0,1,4.2842,4.1329,3,0,0,0,0,0,0,0,0,0.0,0,http://netfl1x-billing-update.com/signin,1
56,25,23,0,2,1,0,0,0,4,0,0,0.0,0.8571,0,1,0,1,0,0,4.1078,3.8439,1,0,0,0,0,0,0,3,0,0.32,0,https://support.stackoverflow.com/explore/popular-topics,0
55,10,38,0,1,1,0,0,0,6,0,0,0.0,0.8364,0,0,0,0,0,0,3.9525,2.6464,1,0,0,0,0,0,0,0,0,0.0,0,http://google.com/repos/organization/repo-name/releases,0
76,16,30,21,2,0,0,1,2,5,0,1,0.0132,0.8158,0,1,0,1,0,0,4.3483,3.5,0,0,0,0,0,0,0,0,0,0.0,0,https://api.flipkart.com/products/category/electronics?page=2&sort=price_asc,0
105,21,30,45,2,0,0,2,5,5,0,7,0.0667,0.7524,0,1,0,1,0,0,4.6133,3.4992,1,0,0,0,0,0,0,0,0,0.0,0,https://support.w3schools.com/products/category/electronics?page=2&sort=price_asc?ref=nav&q=test&id=16838,0
46,14,0,23,1,0,0,1,3,2,0,5,0.1087,0.6739,0,1,0,0,0,0,4.5506,3.2359,0,0,0,0,0,0,0,0,0,0.0,0,https://salesforce.com?ref=nav&q=test&id=44251,0
51,33,11,0,1,3,0,0,0,4,0,3,0.0588,0.7647,0,0,0,0,0,1,4.418,3.9912,4,1,0,1,1,1,1,5,1,0.89,1,http://microsoft-365-password-reset.work/auth/login,1
53,38,7,0,4,1,0,0,0,3,0,0,0.0,0.8302,0,1,0,3,1,0,4.2213,3.8173,3,1,1,1,1,1,0,7,0,0.82,2,https://appleid.apple.com.account-recovery.cam/verify,1
24,16,0,0,2,0,0,0,0,2,0,0,0.0,0.7917,0,1,0,1,0,0,4.0535,3.625,1,0,0,0,0,0,0,0,0,0.0,0,https://blog.netflix.com,0
51,18,25,0,2,0,0,0,0,5,0,0,0.0,0.8431,0,1,0,1,0,0,4.2,3.5724,0,0,0,0,0,0,0,0,0,0.0,0,https://docs.wikipedia.org/user/dashboard/analytics,0
53,33,13,0,1,3,0,0,0,4,0,0,0.0,0.8302,0,0,0,0,0,1,4.4615,4.2862,3,1,0,0,0,0,0,0,0,0.0,0,http://hdfc-netbanking-customer-care.xyz/secure/login,1
50,37,6,0,2,2,0,0,0,3,0,0,0.0,0.84,0,0,0,1,0,1,4.4582,4.1416,4,1,1,1,1,1,1,5,0,0.78,1,http://wellsfargo.banking-access-service.xyz/login,1
97,13,30,45,3,0,0,2,5,5,0,6,0.0619,0.732,0,1,0,2,0,0,4.597,3.027,0,0,1,0,0,0,0,2,0,0.23,0,https://app.sbi.co.in/products/category/electronics?page=2&sort=price_asc?ref=nav&q=test&id=34306,0
33,19,7,0,1,1,0,0,0,3,0,1,0.0303,0.7879,0,0,0,0,0,0,4.165,3.8269,2,0,0,0,0,0,0,0,0,0.0,0,http://paypa1-security.com/webscr,1
75,15,30,21,2,0,0,1,2,5,0,1,0.0133,0.8133,0,1,0,1,0,0,4.3353,3.3736,0,0,0,0,0,0,0,2,0,0.31,0,https://mail.docker.com/products/category/electronics?page=2&sort=price_asc,0
56,35,14,0,2,2,0,0,0,4,0,0,0.0,0.8393,0,0,0,1,0,1,4.2984,4.0687,5,1,0,1,1,1,1,10,1,0.66,1,http://secure.netflix-payment-update.click/account/login,1
52,19,25,0,2,2,0,0,0,4,0,0,0.0,0.8269,0,1,0,1,0,0,4.2418,3.8269,0,0,0,0,0,0,0,1,0,0.1,0,https://dev.theguardian.com/about-us/leadership-team,0
46,26,13,0,1,3,0,0,0,4,0,0,0.0,0.8043,0,0,0,0,0,1,4.2304,3.7962,2,1,0,1,1,0,1,11,1,0.71,2,http://sbi-online-banking-kyc.xyz/retail/login,1
40,27,6,0,1,2,0,0,0,3,0,0,0.0,0.825,0,0,0,0,0,1,4.1751,3.8101,4,1,0,0,0,0,0,0,0,0.0,0,http://account-security-update.fun/login,1
24,15,1,0,2,0,0,0,0,3,0,0,0.0,0.75,0,1,0,1,0,0,3.7721,3.0566,1,0,0,0,0,0,0,1,0,0.17,0,https://mail.google.com/,0
45,14,23,0,2,1,0,0,0,4,0,0,0.0,0.8222,0,1,0,1,0,0,4.17,2.8963,1,0,0,0,0,0,0,0,0,0.2,0,https://www.amazon.com/explore/popular-topics,0
77,17,28,23,2,2,0,1,3,4,0,5,0.0649,0.7403,0,1,0,1,0,0,4.5745,3.7345,1,0,0,0,0,0,0,0,0,0.2,0,https://dev.instagram.com/help-center/contact-support?ref=nav&q=test&id=41404,0
25,16,1,0,2,0,0,0,0,3,0,0,0.0,0.76,0,1,0,1,0,0,3.8293,3.4528,0,0,0,0,0,0,0,4,0,0.06,0,https://blog.twitter.com/,0
33,19,7,0,1,1,0,0,0,3,0,1,0.0303,0.7879,0,0,0,0,0,0,4.165,3.8269,2,0,0,1,1,0,1,9,0,0.78,0,http://paypa1-security.com/webscr,1
49,20,7,14,3,1,0,1,1,3,0,0,0.0,0.7755,0,0,0,2,0,0,4.6497,3.5842,4,1,1,0,0,0,0,0,0,0.0,0,http://login.paypal.com.xyz/webscr?cmd=_login-run,1
43,29,7,0,1,3,0,0,0,3,0,0,0.0,0.814,0,0,0,0,0,1,4.2047,3.9354,3,1,0,1,1,1,1,8,0,0.76,1,http://claim-free-crypto-airdrop.fun/wallet,1
36,11,17,0,2,2,0,0,0,3,0,0,0.0,0.7778,0,1,0,1,0,0,4.1206,3.0958,1,0,0,0,0,0,0,0,0,0.0,0,https://app.nih.gov/terms-of-service,0
51,17,7,18,2,0,0,1,1,3,0,0,0.0,0.8235,0,1,0,1,0,0,4.2651,3.4992,2,0,0,0,0,0,0,0,0,0.0,0,https://support.chase.com/search?q=machine+learning,0
53,32,14,0,2,2,0,0,0,4,0,0,0.0,0.8302,0,0,0,1,0,1,4.2887,4.0122,5,1,0,0,0,0,0,0,0,0.0,0,http://secure.netflix-payment-update.tk/account/login,1
78,18,30,21,2,0,0,1,2,5,0,1,0.0128,0.8205,0,1,0,1,0,0,4.3089,3.4194,0,0,0,0,0,0,0,0,0,0.0,0,https://mail.instagram.com/products/category/electronics?page=2&sort=price_asc,0
30,17,6,0,1,3,0,0,0,3,0,0,0.0,0.7333,0,0,1,0,0,1,4.2566,3.4548,0,0,0,1,1,1,1,10,0,0.93,0,http://xn--gogle-qqa.com/drive,1
46,21,17,0,2,2,0,0,0,3,0,0,0.0,0.8261,0,1,0,1,0,0,4.2269,3.6897,1,0,0,0,0,0,0,1,0,0.24,0,https://dev.bankofamerica.com/terms-of-service,0
52,37,7,0,4,1,0,0,0,3,0,0,0.0,0.8269,0,1,0,3,1,0,4.2728,3.9254,3,1,1,0,0,0,0,0,0,0.0,0,https://appleid.apple.com.account-recovery.tk/verify,1
45,25,13,0,1,3,0,0,0,4,0,0,0.0,0.8,0,0,0,0,0,1,4.1532,3.7035,2,1,0,1,1,1,1,9,0,0.83,2,http://sbi-online-banking-kyc.gq/retail/login,1
39,25,7,0,1,2,0,0,0,3,0,0,0.0,0.8205,0,0,0,0,0,1,4.2462,3.8937,4,1,0,1,1,1,1,4,1,0.91,0,http://paypal-account-verify.cam/signin,1
60,14,38,0,2,1,0,0,0,6,0,0,0.0,0.8333,0,1,0,1,0,0,3.9686,3.0391,1,0,0,0,0,0,0,0,0,0.0,0,https://app.google.com/repos/organization/repo-name/releases,0
30,13,10,0,4,0,0,0,0,3,0,10,0.3333,0.4,1,0,0,2,0,0,3.9647,2.8151,1,0,0,0,0,0,0,0,0,0.0,0,http://42.196.74.252/login.php,1
51,37,7,0,1,3,0,0,0,3,0,0,0.0,0.8431,0,0,0,0,0,1,4.1872,3.733,3,1,0,1,1,1,1,12,1,0.83,2,http://coinbase-account-suspended-notice.fun/verify,1
52,23,22,0,1,3,0,0,0,4,0,0,0.0,0.8269,0,0,0,0,0,1,4.1491,3.6753,4,1,0,1,1,0,1,9,0,0.87,0,http://chase-security-alert.cf/auth/confirm-identity,1
72,15,7,42,2,0,0,2,4,3,0,5,0.0694,0.7222,0,0,0,1,0,0,4.6511,3.1069,0,0,0,0,0,0,0,0,0,0.0,0,http://mail.medium.com/search?q=machine+learning?ref=nav&q=test&id=36953,0
51,18,25,0,2,0,0,0,0,5,0,0,0.0,0.8431,0,1,0,1,0,0,4.2804,3.4194,0,0,0,0,0,0,0,0,0,0.0,0,https://www.huggingface.co/user/dashboard/analytics,0
52,32,13,0,1,3,0,0,0,4,0,0,0.0,0.8269,0,0,0,0,0,1,4.3567,4.1556,3,1,0,1,1,1,1,5,1,0.8,2,http://hdfc-netbanking-customer-care.gq/secure/login,1
46,13,25,0,1,0,0,0,0,5,0,0,0.0,0.8478,0,1,0,0,0,0,4.1328,2.9689,0,0,0,0,0,0,0,0,0,0.0,0,https://icicibank.com/user/dashboard/analytics,0
55,17,30,0,3,0,0,0,0,5,0,0,0.0,0.8364,0,1,0,1,0,0,4.1203,3.7345,0,0,0,0,0,0,0,2,0,0.19,0,https://dev.instagram.com/download/latest/installer.exe,0
64,18,38,0,2,1,0,0,0,6,0,0,0.0,0.8438,0,1,0,1,0,0,4.0639,3.128,1,0,0,0,0,0,0,0,0,0.24,0,https://docs.microsoft.com/repos/organization/repo-name/releases,0
43,29,7,0,1,2,0,0,0,3,0,0,0.0,0.8372,0,0,0,0,0,1,4.1336,3.8925,0,1,0,1,1,1,1,2,0,0.78,0,http://immediate-action-required.xyz/notice,1
31,14,10,0,4,0,0,0,0,3,0,11,0.3548,0.3871,1,0,0,2,0,0,3.9779,2.8424,1,0,0,1,1,1,1,11,1,0.85,2,http://38.216.240.216/login.php,1
39,14,18,0,4,0,0,0,0,4,0,11,0.2821,0.4872,1,0,0,2,0,0,4.1479,2.9852,2,0,1,1,1,0,1,10,0,0.88,0,http://68.143.244.159/paypal/signin.php,1
42,14,6,13,2,0,0,1,1,3,0,2,0.0476,0.7619,0,1,0,1,0,0,4.4157,3.182,0,0,0,0,0,0,0,0,0,0.0,0,https://dev.zomato.com/watch?v=dQw4w9WgXcQ,0
48,19,7,14,3,1,0,1,1,3,0,0,0.0,0.7708,0,0,0,2,0,0,4.5739,3.4714,4,1,1,1,1,0,1,6,1,0.88,1,http://login.paypal.com.cf/webscr?cmd=_login-run,1
45,14,23,0,2,1,0,0,0,4,0,0,0.0,0.8222,0,1,0,1,0,0,4.0534,3.0391,0,0,0,0,0,0,0,2,0,0.22,0,https://docs.slack.com/explore/popular-topics,0
43,29,7,0,1,2,0,0,0,3,0,0,0.0,0.8372,0,0,0,0,0,1,4.023,3.7545,0,1,0,0,0,0,0,0,0,0.0,0,http://immediate-action-required.fun/notice,1
43,28,8,0,1,3,0,0,0,3,0,0,0.0,0.814,0,0,0,0,0,1,4.1207,3.7534,2,1,0,1,1,0,1,3,0,0.79,2,http://verify-your-identity-now.icu/confirm,1
38,14,17,0,2,0,0,0,0,4,0,0,0.0,0.8158,0,0,0,1,0,0,4.0831,3.182,0,0,0,0,0,0,0,0,0,0.0,0,http://app.medium.com/profile/settings,0
47,35,5,0,1,3,0,0,0,3,0,0,0.0,0.8298,0,0,0,0,0,1,4.2646,4.0716,4,1,0,1,1,1,1,4,1,0.73,0,http://secure-wellsfargo-banking-alert.top/auth,1
50,14,28,0,2,2,0,0,0,4,0,0,0.0,0.82,0,1,0,1,0,0,4.1113,3.3249,1,0,0,0,0,0,0,4,0,0.21,0,https://blog.quora.com/help-center/contact-support,0
47,11,28,0,2,2,0,0,0,4,0,0,0.0,0.8085,0,1,0,1,0,0,4.1069,2.8454,1,0,0,0,0,0,0,0,0,0.0,0,https://www.nih.gov/help-center/contact-support,0
27,14,6,0,2,0,0,0,0,3,0,0,0.0,0.7778,0,0,0,1,0,0,3.7542,3.3788,2,0,0,0,0,0,0,0,0,0.0,0,http://support.gov.in/login,0
45,33,5,0,1,3,0,0,0,3,0,0,0.0,0.8222,0,0,0,0,0,1,4.2275,4.0209,3,1,0,1,1,1,1,11,1,0.89,0,http://banking-portal-secure-entry.click/auth,1
82,14,36,23,2,3,0,1,3,5,0,13,0.1585,0.6341,0,1,0,1,0,0,4.9338,3.6645,0,0,0,0,0,0,0,0,0,0.0,0,https://dev.github.com/questions/12345678/how-to-fix-error?ref=nav&q=test&id=47860,0
84,15,38,23,2,1,0,1,3,6,0,5,0.0595,0.75,0,0,0,1,0,0,4.5958,3.3736,0,0,0,0,0,0,0,0,0,0.0,0,http://docs.kaggle.com/repos/organization/repo-name/releases?ref=nav&q=test&id=21285,0
33,19,6,0,2,0,0,0,0,3,0,0,0.0,0.8182,0,1,0,1,0,0,3.9832,3.6163,2,0,0,1,1,0,0,3,0,0.3,0,https://support.nytimes.com/login,0
49,31,11,0,1,3,0,0,0,4,0,3,0.0612,0.7551,0,0,0,0,0,1,4.3928,4.0424,4,1,0,1,1,1,1,9,1,0.66,2,http://microsoft-365-password-reset.ga/auth/login,1
34,13,14,0,3,0,0,0,0,4,0,10,0.2941,0.4706,1,0,0,2,0,0,4.1385,2.6612,2,0,1,1,1,1,1,11,1,0.92,1,http://42.188.79.141/netflix/login,1
49,36,6,0,1,3,0,0,0,3,0,0,0.0,0.8367,0,0,0,0,0,1,4.1445,3.8401,2,1,0,0,0,0,0,0,0,0.0,0,http://icici-rewards-points-redemption.work/claim,1
52,37,7,0,4,1,0,0,0,3,0,0,0.0,0.8269,0,1,0,3,1,0,4.2728,3.8918,3,1,1,0,0,0,0,0,0,0.0,0,https://appleid.apple.com.account-recovery.ga/verify,1
49,31,11,0,1,3,0,0,0,3,0,0,0.0,0.8367,0,0,0,0,0,1,4.1291,3.8732,3,1,0,0,0,0,0,0,0,0.0,0,http://unauthorized-login-detected.top/secure-now,1
32,18,6,0,2,0,0,0,0,3,0,0,0.0,0.8125,0,1,0,1,0,0,4.1792,3.6144,1,0,0,1,1,0,0,2,0,0.25,0,https://api.cloudflare.com/login,0
72,17,23,23,2,1,0,1,3,4,0,5,0.0694,0.7361,0,1,0,1,0,0,4.6068,3.3372,1,0,0,0,0,0,0,0,0,0.0,0,https://support.quora.com/explore/popular-topics?ref=nav&q=test&id=48029,0
30,17,6,0,1,3,0,0,0,3,0,0,0.0,0.7333,0,0,1,0,0,1,4.0314,3.4548,1,0,0,0,0,0,0,0,0,0.0,0,http://xn--paypl-qqa.com/login,1
86,18,36,23,2,3,0,1,3,5,0,13,0.1512,0.6512,0,1,0,1,0,0,4.8146,3.281,1,0,0,0,0,0,0,0,0,0.0,0,https://support.zomato.com/questions/12345678/how-to-fix-error?ref=nav&q=test&id=81622,0
87,15,40,23,1,1,0,1,3,6,0,11,0.1264,0.7011,0,1,0,0,0,0,4.8064,3.7736,0,0,0,0,0,0,0,4,0,0.19,0,https://theguardian.com/article/2026/08/technology-breakthrough?ref=nav&q=test&id=88474,0
85,17,38,22,2,1,0,1,3,6,0,4,0.0471,0.7647,0,0,0,1,0,0,4.5769,3.4992,0,0,0,0,0,0,0,0,0,0.0,0,http://blog.linkedin.com/repos/organization/repo-name/releases?ref=nav&q=test&id=5745,0
50,37,6,0,2,2,0,0,0,3,0,0,0.0,0.84,0,0,0,1,0,1,4.268,3.8846,4,1,1,1,1,0,1,3,0,0.74,2,http://wellsfargo.banking-access-service.sbs/login,1
54,36,11,0,1,3,0,0,0,4,0,3,0.0556,0.7778,0,0,0,0,0,1,4.3431,3.9512,4,1,0,0,0,0,0,0,0,0.0,0,http://microsoft-365-password-reset.monster/auth/login,1
21,14,0,0,2,0,0,0,0,2,0,0,0.0,0.7619,0,0,0,1,0,0,3.8209,3.2359,0,0,0,0,0,0,0,0,0,0.0,0,http://mail.adobe.com,0
47,16,0,22,2,0,0,1,3,2,0,4,0.0851,0.6809,0,1,0,1,0,0,4.5807,3.5,0,0,0,0,0,0,0,4,0,0.05,0,https://app.linkedin.com?ref=nav&q=test&id=2788,0
33,8,17,0,1,2,0,0,0,3,0,0,0.0,0.7879,0,1,0,0,0,0,4.0209,2.75,1,0,0,0,0,0,0,0,0,0.17,0,https://imdb.com/terms-of-service,0
43,29,7,0,1,3,0,0,0,3,0,0,0.0,0.814,0,0,0,0,0,1,4.123,3.8144,3,1,0,0,0,0,0,0,0,0.0,0,http://claim-free-crypto-airdrop.icu/wallet,1
51,21,23,0,2,1,0,0,0,4,0,0,0.0,0.8431,0,0,0,1,0,0,4.2804,3.5585,0,0,0,0,0,0,0,4,0,0.17,0,http://www.bankofamerica.com/explore/popular-topics,0
39,14,17,0,2,0,0,0,0,4,0,0,0.0,0.8205,0,1,0,1,0,0,4.0066,2.9852,1,0,0,0,0,0,0,0,0,0.0,0,https://api.paypal.com/profile/settings,0
51,34,10,0,1,3,0,0,0,4,0,0,0.0,0.8235,0,0,0,0,0,1,4.0863,3.8666,2,1,0,1,1,1,1,6,1,0.75,2,http://amazon-unusual-activity-signin.xyz/ap/signin,1
89,19,38,23,2,1,0,1,3,6,0,5,0.0562,0.764,0,1,0,1,0,0,4.5353,3.6163,1,0,0,0,0,0,0,2,0,0.2,0,https://support.nytimes.com/repos/organization/repo-name/releases?ref=nav&q=test&id=22153,0
60,22,30,0,3,0,0,0,0,5,0,0,0.0,0.85,0,1,0,1,0,0,4.0798,3.5726,1,0,0,0,0,0,0,0,0,0.0,0,https://support.salesforce.com/download/latest/installer.exe,0
51,38,6,0,4,1,0,0,0,3,0,0,0.0,0.8235,0,0,0,3,1,0,4.2708,4.0374,3,1,1,1,1,0,1,10,0,0.94,1,http://appleid.apple.com.verify-identity.work/login,1
30,17,6,0,1,3,0,0,0,3,0,0,0.0,0.7333,0,0,1,0,0,1,4.2566,3.4548,0,0,0,1,1,1,1,11,1,0.93,1,http://xn--gogle-qqa.com/drive,1
34,20,7,0,1,3,0,0,0,3,0,1,0.0294,0.7353,0,0,1,0,0,1,4.1163,3.6464,1,0,0,1,1,1,1,7,1,0.83,0,http://xn--mcrosoft-p1a.com/update,1
44,14,22,0,2,1,0,0,0,5,0,1,0.0227,0.7727,0,1,0,1,0,0,4.0598,3.0391,1,0,0,0,0,0,0,4,0,0.12,0,https://docs.chase.com/docs/v2/api-reference,0
48,16,0,23,2,0,0,1,3,2,0,5,0.1042,0.6667,0,1,0,1,0,0,4.6866,3.625,1,0,0,0,0,0,0,3,0,0.27,0,https://blog.netflix.com?ref=nav&q=test&id=61644,0
38,13,18,0,4,0,0,0,0,4,0,10,0.2632,0.5,1,0,0,2,0,0,3.9752,2.5074,2,0,1,0,0,0,0,0,0,0.0,0,http://24.172.40.171/paypal/signin.php,1
43,27,9,0,1,2,0,0,0,3,0,0,0.0,0.8372,0,0,0,0,0,1,4.2664,3.8842,2,1,0,0,0,0,0,0,0,0.0,0,http://binance-kyc-verification.gq/security,1
101,17,30,45,2,0,0,2,5,5,0,6,0.0594,0.7525,0,1,0,1,0,0,4.6731,3.4548,0,0,0,0,0,0,0,0,0,0.0,0,https://www.instagram.com/products/category/electronics?page=2&sort=price_asc?ref=nav&q=test&id=70316,0
48,16,25,0,2,0,0,0,0,5,0,0,0.0,0.8333,0,0,0,1,0,0,4.179,3.5,0,0,0,0,0,0,0,0,0,0.0,0,http://mail.youtube.com/user/dashboard/analytics,0
93,21,40,23,2,1,0,1,3,6,0,11,0.1183,0.7097,0,1,0,1,0,0,4.809,3.6304,1,0,0,0,0,0,0,0,0,0.0,0,https://support.instagram.com/article/2026/08/technology-breakthrough?ref=nav&q=test&id=24298,0
36,22,6,0,2,0,0,0,0,3,0,0,0.0,0.8333,0,1,0,1,0,0,4.1835,3.6635,1,0,0,1,1,0,0,4,0,0.35,0,https://blog.bankofamerica.com/login,0
39,10,22,0,1,1,0,0,0,5,0,1,0.0256,0.7692,0,0,0,0,0,0,4.1798,2.9219,1,0,0,0,0,0,0,4,0,0.24,0,http://paypal.com/docs/v2/api-reference,0
39,14,17,0,1,2,0,0,0,3,0,0,0.0,0.8205,0,1,0,0,0,0,4.0166,3.5216,1,0,0,0,0,0,0,1,0,0.11,0,https://aliexpress.com/terms-of-service,0
44,11,25,0,1,2,0,0,0,4,0,0,0.0,0.8182,0,1,0,0,0,0,4.0987,3.0958,0,0,0,0,0,0,0,0,0,0.0,0,https://youtube.com/about-us/leadership-team,0
63,14,17,23,2,0,0,1,3,4,0,5,0.0794,0.7143,0,1,0,1,0,0,4.5543,3.0391,1,0,0,0,0,0,0,0,0,0.24,0,https://docs.chase.com/profile/settings?ref=nav&q=test&id=81358,0
52,18,27,0,2,1,0,0,0,7,0,0,0.0,0.7885,0,0,0,0,0,0,4.1636,3.7255,4,1,0,0,0,0,0,0,0,0.0,0,http://portal-service.icu//account/verify//login.php,1
57,19,30,0,3,0,0,0,0,5,0,0,0.0,0.8421,0,1,0,1,0,0,4.0949,3.5766,1,0,0,0,0,0,0,1,0,0.29,0,https://docs.wellsfargo.com/download/latest/installer.exe,0
49,37,5,0,1,3,0,0,0,3,0,0,0.0,0.8367,0,0,0,0,0,1,4.2878,3.9927,4,1,0,1,1,1,1,8,1,0.9,2,http://secure-wellsfargo-banking-alert.click/auth,1
50,32,11,0,1,3,0,0,0,3,0,0,0.0,0.84,0,0,0,0,0,1,4.2109,3.9056,3,1,0,0,0,0,0,0,0,0.0,0,http://unauthorized-login-detected.buzz/secure-now,1
47,35,5,0,1,3,0,0,0,3,0,0,0.0,0.8298,0,0,0,0,0,1,4.3072,4.036,4,1,0,1,1,1,1,5,1,0.91,1,http://secure-wellsfargo-banking-alert.cam/auth,1
34,20,7,0,1,3,0,0,0,3,0,1,0.0294,0.7353,0,0,1,0,0,1,4.1163,3.6464,1,0,0,0,0,0,0,0,0,0.0,0,http://xn--mcrosoft-p1a.com/update,1
72,32,5,27,1,3,0,1,1,3,0,11,0.1528,0.7083,0,0,0,0,0,1,4.7253,3.9917,1,1,0,0,0,0,0,0,0,0.0,0,http://google-drive-shared-document.cam/view?id=od308ruse374skga504o55ti,1
43,28,8,0,1,3,0,0,0,3,0,0,0.0,0.814,0,0,0,0,0,1,4.1207,3.7534,2,1,0,0,0,0,0,0,0,0.0,0,http://verify-your-identity-now.icu/confirm,1
55,26,22,0,1,3,0,0,0,4,0,0,0.0,0.8364,0,0,0,0,0,1,4.1834,3.6714,4,1,0,1,1,1,1,6,1,0.75,2,http://chase-security-alert.click/auth/confirm-identity,1
102,18,30,45,2,0,0,2,5,5,0,6,0.0588,0.7549,0,1,0,1,0,0,4.6956,3.5724,0,0,0,0,0,0,0,0,0,0.0,0,https://blog.wikipedia.org/products/category/electronics?page=2&sort=price_asc?ref=nav&q=test&id=71856,0
47,9,30,0,2,0,0,0,0,5,0,0,0.0,0.8298,0,1,0,0,0,0,3.9652,2.9477,1,0,0,0,0,0,0,4,0,0.2,0,https://apple.com/download/latest/installer.exe,0
86,14,40,23,2,1,0,1,3,6,0,11,0.1279,0.686,0,1,0,1,0,0,4.8442,3.3788,0,0,0,0,0,0,0,3,0,0.12,0,https://api.kaggle.com/article/2026/08/technology-breakthrough?ref=nav&q=test&id=39036,0
23,14,1,0,2,0,0,0,0,3,0,0,0.0,0.7391,0,1,0,1,0,0,3.6753,3.182,0,0,0,0,0,0,0,0,0,0.0,0,https://www.target.com/,0
49,20,7,14,3,1,0,1,1,3,0,0,0.0,0.7755,0,0,0,2,0,0,4.5119,3.3464,4,1,1,1,1,1,1,10,0,0.77,1,http://login.paypal.com.cam/webscr?cmd=_login-run,1
49,13,28,0,1,2,0,0,0,4,0,0,0.0,0.8367,0,1,0,0,0,0,4.1425,3.3347,1,0,0,0,0,0,0,3,0,0.12,0,https://wikipedia.org/help-center/contact-support,0
50,37,6,0,2,2,0,0,0,3,0,0,0.0,0.84,0,0,0,1,0,1,4.268,3.8846,4,1,1,1,1,0,1,8,0,0.92,1,http://wellsfargo.banking-access-service.sbs/login,1
38,13,17,0,2,2,0,0,0,3,0,0,0.0,0.7895,0,1,0,1,0,0,3.9579,3.0851,2,0,0,0,0,0,0,0,0,0.0,0,https://app.chase.com/terms-of-service,0
64,20,9,27,2,2,0,1,1,5,0,0,0.0,0.7969,0,0,0,0,0,0,4.2941,3.4842,1,1,0,0,0,0,0,0,0,0.0,0,http://suspicious-site.work/redirect?url=http://victim-login.com,1
50,37,6,0,2,2,0,0,0,3,0,0,0.0,0.84,0,0,0,1,0,1,4.3533,4.0131,4,1,1,1,1,1,1,7,1,0.87,2,http://wellsfargo.banking-access-service.fun/login,1
43,12,23,0,2,1,0,0,0,4,0,0,0.0,0.814,0,1,0,1,0,0,4.2374,3.0221,0,0,0,0,0,0,0,0,0,0.0,0,https://www.bing.com/explore/popular-topics,0
47,35,5,0,1,3,0,0,0,3,0,0,0.0,0.8298,0,0,0,0,0,1,4.1977,4.0004,3,1,0,1,1,1,1,10,1,0.74,1,http://banking-portal-secure-entry.monster/auth,1
44,15,22,0,2,1,0,0,0,5,0,1,0.0227,0.7727,0,0,0,1,0,0,4.1813,3.5069,0,0,0,0,0,0,0,0,0,0.0,0,http://api.nytimes.com/docs/v2/api-reference,0
42,30,5,0,1,3,0,0,0,3,0,0,0.0,0.8095,0,0,0,0,0,1,4.2462,4.0729,3,1,0,1,1,0,1,11,0,0.81,1,http://banking-portal-secure-entry.cf/auth,1
71,12,28,23,2,2,0,1,3,4,0,5,0.0704,0.7183,0,0,0,1,0,0,4.6267,3.2516,1,0,0,0,0,0,0,0,0,0.0,0,http://api.ebay.com/help-center/contact-support?ref=nav&q=test&id=84772,0
49,31,11,0,1,3,0,0,0,3,0,0,0.0,0.8367,0,0,0,0,0,1,4.1291,3.8732,3,1,0,0,0,0,0,0,0,0.0,0,http://unauthorized-login-detected.top/secure-now,1
42,10,25,0,1,2,0,0,0,4,0,0,0.0,0.8095,0,0,0,0,0,0,4.2018,3.1219,0,0,0,0,0,0,0,1,0,0.27,0,http://kaggle.com/about-us/leadership-team,0
47,35,5,0,1,3,0,0,0,3,0,0,0.0,0.8298,0,0,0,0,0,1,4.2563,3.9573,4,1,0,1,1,1,1,8,1,0.84,0,http://secure-wellsfargo-banking-alert.sbs/auth,1
45,25,13,0,1,3,0,0,0,4,0,0,0.0,0.8,0,0,0,0,0,1,4.092,3.6235,2,1,0,1,1,1,1,5,1,0.87,2,http://sbi-online-banking-kyc.ga/retail/login,1
47,14,25,0,2,0,0,0,0,5,0,0,0.0,0.8298,0,1,0,1,0,0,4.236,3.6645,0,0,0,0,0,0,0,2,0,0.16,0,https://dev.gitlab.com/user/dashboard/analytics,0
24,16,1,0,2,0,0,0,0,3,0,0,0.0,0.75,0,0,0,1,0,0,3.7721,3.375,0,0,0,0,0,0,0,1,0,0.22,0,http://docs.walmart.com/,0
73,33,5,27,1,3,0,1,1,3,0,4,0.0548,0.8082,0,0,0,0,0,1,4.7753,4.0667,1,1,0,1,1,1,1,12,0,0.93,1,http://google-drive-shared-document.work/view?id=0ar0m7lxxwcsfxr5lvpqsifn,1
48,34,7,0,1,3,0,0,0,3,0,0,0.0,0.8333,0,0,0,0,0,1,4.1893,3.8337,5,1,0,1,1,0,1,2,1,0.89,1,http://paypal-account-security-update.cam/verify,1
74,19,23,23,2,1,0,1,3,4,0,5,0.0676,0.7432,0,1,0,1,0,0,4.5504,3.2866,0,0,0,0,0,0,0,3,0,0.23,0,https://docs.salesforce.com/explore/popular-topics?ref=nav&q=test&id=90004,0
56,22,7,18,2,0,0,1,1,3,0,0,0.0,0.8393,0,1,0,1,0,0,4.3716,3.6292,0,0,0,0,0,0,0,0,0,0.2,0,https://docs.bankofamerica.com/search?q=machine+learning,0
46,14,25,0,2,0,0,0,0,5,0,0,0.0,0.8261,0,0,0,1,0,0,4.1541,3.182,0,0,0,0,0,0,0,2,0,0.13,0,http://app.medium.com/user/dashboard/analytics,0
52,39,6,0,2,2,0,0,0,3,0,0,0.0,0.8462,0,0,0,1,0,1,4.2653,3.904,4,1,1,1,1,0,1,8,0,0.73,1,http://wellsfargo.banking-access-service.click/login,1
48,34,7,0,1,3,0,0,0,3,0,0,0.0,0.8333,0,0,0,0,0,1,4.3717,4.0575,2,1,0,1,1,1,1,6,1,0.76,2,http://customer-support-helpdesk-agent.gq/verify,1
51,33,11,0,1,3,0,0,0,3,0,0,0.0,0.8431,0,0,0,0,0,1,4.2135,3.9226,3,1,0,1,1,1,1,5,1,0.7,2,http://unauthorized-login-detected.click/secure-now,1
49,19,23,0,2,1,0,0,0,4,0,0,0.0,0.8367,0,0,0,1,0,0,4.0922,3.4714,0,0,0,0,0,0,0,4,0,0.25,0,http://mail.cloudflare.com/explore/popular-topics,0
42,14,6,13,1,0,0,1,1,3,0,2,0.0476,0.7857,0,1,0,0,0,0,4.5765,3.3788,0,0,0,0,0,0,0,0,0,0.0,0,https://cloudflare.com/watch?v=dQw4w9WgXcQ,0
44,30,7,0,1,2,0,0,0,3,0,0,0.0,0.8409,0,0,0,0,0,1,4.1053,3.8402,0,1,0,0,0,0,0,0,0,0.0,0,http://immediate-action-required.buzz/notice,1
41,13,6,13,2,0,0,1,1,3,0,2,0.0488,0.7561,0,1,0,1,0,0,4.1739,3.027,0,0,0,0,0,0,0,0,0,0.35,0,https://dev.twitch.tv/watch?v=dQw4w9WgXcQ,0
48,34,7,0,1,3,0,0,0,3,0,0,0.0,0.8333,0,0,0,0,0,1,4.33,3.9987,2,1,0,1,1,0,1,11,1,0.76,2,http://customer-support-helpdesk-agent.ga/verify,1
47,35,5,0,1,3,0,0,0,3,0,0,0.0,0.8298,0,0,0,0,0,1,4.4265,4.1859,4,1,0,1,1,0,1,11,0,0.72,1,http://secure-wellsfargo-banking-alert.xyz/auth,1
49,18,23,0,2,1,0,0,0,4,0,1,0.0204,0.8163,0,1,0,1,0,0,4.1296,3.281,0,0,0,0,0,0,0,0,0,0.0,0,https://blog.w3schools.com/explore/popular-topics,0
56,18,30,0,3,0,0,0,0,5,0,0,0.0,0.8393,0,1,0,1,0,0,4.0823,3.5033,0,0,0,0,0,0,0,2,0,0.35,0,https://docs.instagram.com/download/latest/installer.exe,0
34,20,7,0,1,3,0,0,0,3,0,1,0.0294,0.7353,0,0,1,0,0,1,4.1163,3.6464,1,0,0,1,1,0,1,7,0,0.74,0,http://xn--mcrosoft-p1a.com/update,1
32,17,7,0,2,0,0,0,0,3,0,0,0.0,0.8125,0,1,0,1,0,0,3.8553,3.1307,1,0,0,0,0,0,0,0,0,0.0,0,https://www.icicibank.com/signin,0
47,14,26,0,2,1,0,0,0,6,0,0,0.0,0.766,0,0,0,0,0,0,4.0197,3.3788,3,1,1,1,1,0,1,2,0,0.89,0,http://auth-check.top/https://paypal.com/signin,1
51,16,28,0,2,2,0,0,0,4,0,0,0.0,0.8235,0,0,0,1,0,0,3.9686,3.3278,1,0,0,0,0,0,0,0,0,0.28,0,http://docs.twitter.com/help-center/contact-support,0
20,12,1,0,2,0,0,0,0,3,0,0,0.0,0.7,0,0,0,1,0,0,3.5842,2.9183,0,0,0,0,0,0,0,0,0,0.0,0,http://mail.bbc.com/,0
43,31,5,0,1,3,0,0,0,3,0,0,0.0,0.814,0,0,0,0,0,1,4.3068,4.1471,3,1,0,1,1,1,1,6,1,0.79,0,http://banking-portal-secure-entry.xyz/auth,1
101,18,30,45,2,0,0,2,5,5,0,7,0.0693,0.7426,0,0,0,1,0,0,4.6899,3.3502,0,0,0,0,0,0,0,0,0,0.0,0,http://mail.w3schools.com/products/category/electronics?page=2&sort=price_asc?ref=nav&q=test&id=48456,0
69,13,18,30,3,0,0,1,1,4,0,15,0.2174,0.6377,1,0,0,2,0,0,4.8368,2.7193,3,0,0,1,1,1,1,9,0,0.76,0,http://89.202.150.85/auth/verification?token=txay4qaxnprqn266cp7absln,1
42,28,7,0,1,3,0,0,0,3,0,0,0.0,0.8095,0,0,0,0,0,1,4.112,3.8249,3,1,0,0,0,0,0,0,0,0.0,0,http://claim-free-crypto-airdrop.ga/wallet,1
17,9,0,0,1,0,0,0,0,2,0,0,0.0,0.7647,0,1,0,0,0,0,3.4548,2.6416,0,0,0,0,0,0,0,0,0,0.0,0,https://yahoo.com,0
47,34,6,0,1,3,0,0,0,3,0,0,0.0,0.8298,0,0,0,0,0,1,4.1334,3.8559,2,1,0,1,1,1,1,4,1,0.9,2,http://icici-rewards-points-redemption.ga/claim,1
45,25,13,0,1,3,0,0,0,4,0,0,0.0,0.8,0,0,0,0,0,1,4.092,3.6235,2,1,0,1,1,1,1,6,1,0.83,0,http://sbi-online-banking-kyc.ga/retail/login,1
71,18,22,23,2,1,0,1,3,5,0,6,0.0845,0.7042,0,0,0,1,0,0,4.5701,3.5033,1,0,0,0,0,0,0,0,0,0.0,0,http://support.reddit.com/docs/v2/api-reference?ref=nav&q=test&id=53024,0
35,13,15,0,3,0,0,0,0,4,0,10,0.2857,0.4857,1,0,0,2,0,0,4.022,2.2578,1,0,1,0,0,0,0,0,0,0.0,0,http://185.212.58.55/banking/online,1
83,13,38,23,2,1,0,1,3,6,0,5,0.0602,0.747,0,1,0,1,0,0,4.5672,3.3927,0,0,0,0,0,0,0,0,0,0.16,0,https://dev.quora.com/repos/organization/repo-name/releases?ref=nav&q=test&id=27748,0
83,13,38,23,1,1,0,1,3,6,0,5,0.0602,0.759,0,1,0,0,0,0,4.4596,3.3927,0,0,0,0,0,0,0,2,0,0.35,0,https://pinterest.com/repos/organization/repo-name/releases?ref=nav&q=test&id=70864,0
39,25,7,0,1,2,0,0,0,3,0,0,0.0,0.8205,0,0,0,0,0,1,4.3294,4.0235,4,1,0,0,0,0,0,0,0,0.0,0,http://paypal-account-verify.xyz/signin,1
46,13,25,0,2,2,0,0,0,4,0,0,0.0,0.8043,0,1,0,1,0,0,4.1243,3.2389,1,0,0,0,0,0,0,0,0,0.0,0,https://dev.apple.com/about-us/leadership-team,0
97,13,30,45,2,0,0,2,5,5,0,6,0.0619,0.7423,0,1,0,1,0,0,4.6188,3.0851,0,0,0,0,0,0,0,4,0,0.26,0,https://app.slack.com/products/category/electronics?page=2&sort=price_asc?ref=nav&q=test&id=25806,0
53,39,7,0,1,3,0,0,0,3,0,0,0.0,0.8491,0,0,0,0,0,1,4.2536,3.7847,3,1,0,0,0,0,0,0,0,0.0,0,http://coinbase-account-suspended-notice.click/verify,1
48,30,11,0,1,3,0,0,0,3,0,0,0.0,0.8333,0,0,0,0,0,1,4.2173,3.9232,3,1,0,0,0,0,0,0,0,0.0,0,http://unauthorized-login-detected.ml/secure-now,1
44,13,1,22,2,0,0,1,3,3,0,4,0.0909,0.6364,0,0,0,1,0,0,4.6524,3.2389,0,0,0,0,0,0,0,4,0,0.16,0,http://docs.bing.com/?ref=nav&q=test&id=6982,0
33,19,6,0,2,0,0,0,0,3,0,0,0.0,0.8182,0,1,0,1,0,0,4.173,3.5369,1,0,0,1,1,0,0,4,0,0.08,0,https://blog.cloudflare.com/login,0
55,41,7,0,1,3,0,0,0,3,0,0,0.0,0.8545,0,0,0,0,0,1,4.1997,3.7788,3,1,0,0,0,0,0,0,0,0.0,0,http://coinbase-account-suspended-notice.monster/verify,1
44,32,5,0,1,3,0,0,0,3,0,0,0.0,0.8182,0,0,0,0,0,1,4.2573,4.0931,3,1,0,1,1,1,1,12,1,0.8,2,http://banking-portal-secure-entry.buzz/auth,1
49,36,6,0,4,1,0,0,0,3,0,0,0.0,0.8163,0,0,0,3,1,0,4.2121,4.0033,3,1,1,1,1,1,1,4,1,0.67,0,http://appleid.apple.com.verify-identity.gq/login,1
41,17,17,0,2,0,0,0,0,4,0,0,0.0,0.8293,0,0,0,1,0,0,4.0923,3.4548,0,0,0,0,0,0,0,0,0,0.0,0,http://www.instagram.com/profile/settings,0
53,24,22,0,1,3,0,0,0,4,0,0,0.0,0.8302,0,0,0,0,0,1,4.1916,3.6368,4,1,0,1,1,1,1,8,1,0.66,1,http://chase-security-alert.sbs/auth/confirm-identity,1
57,19,6,23,2,0,0,1,3,3,0,5,0.0877,0.7018,0,1,0,1,0,0,4.7359,3.4714,1,0,0,0,0,0,0,0,0,0.0,0,https://mail.cloudflare.com/login?ref=nav&q=test&id=75863,0
48,14,7,18,3,0,0,1,1,3,0,0,0.0,0.7917,0,1,0,2,0,0,4.2487,3.1281,0,0,1,0,0,0,0,0,0,0.0,0,https://mail.sbi.co.in/search?q=machine+learning,0
48,36,5,0,1,3,0,0,0,3,0,0,0.0,0.8333,0,0,0,0,0,1,4.3397,4.086,4,1,0,1,1,0,1,7,0,0.84,2,http://secure-wellsfargo-banking-alert.buzz/auth,1
52,32,13,0,1,3,0,0,0,4,0,0,0.0,0.8269,0,0,0,0,0,1,4.3018,4.0695,3,1,0,1,1,1,1,5,1,0.65,1,http://hdfc-netbanking-customer-care.tk/secure/login,1
40,27,6,0,1,2,0,0,0,3,0,0,0.0,0.825,0,0,0,0,0,1,4.1751,3.7821,4,1,0,0,0,0,0,0,0,0.0,0,http://account-security-update.cam/login,1
54,41,6,0,4,1,0,0,0,3,0,0,0.0,0.8333,0,0,0,3,1,0,4.2094,3.9828,3,1,1,0,0,0,0,0,0,0.0,0,http://appleid.apple.com.verify-identity.monster/login,1
86,14,40,23,2,1,0,1,3,6,0,11,0.1279,0.686,0,1,0,1,0,0,4.8016,3.182,0,0,0,0,0,0,0,3,0,0.21,0,https://mail.twitch.tv/article/2026/08/technology-breakthrough?ref=nav&q=test&id=28776,0
47,27,13,0,1,3,0,0,0,4,0,0,0.0,0.8085,0,0,0,0,0,1,4.2304,3.7821,2,1,0,0,0,0,0,0,0,0.0,0,http://sbi-online-banking-kyc.buzz/retail/login,1
53,15,6,23,2,0,0,1,3,3,0,5,0.0943,0.6792,0,1,0,1,0,0,4.6829,3.3736,1,0,0,1,1,0,0,4,0,0.34,0,https://blog.github.com/login?ref=nav&q=test&id=92923,0
40,15,17,0,2,0,0,0,0,4,0,0,0.0,0.825,0,1,0,1,0,0,4.1276,3.3232,0,0,0,0,0,0,0,0,0,0.0,0,https://blog.medium.com/profile/settings,0
70,13,25,23,2,0,0,1,3,5,0,5,0.0714,0.7286,0,1,0,1,0,0,4.6591,3.2389,0,0,0,0,0,0,0,0,0,0.0,0,https://api.slack.com/user/dashboard/analytics?ref=nav&q=test&id=41565,0
31,14,10,0,4,0,0,0,0,3,0,11,0.3548,0.3871,1,0,0,2,0,0,3.7442,2.3249,1,0,0,1,1,1,1,4,1,0.94,0,http://116.241.22.218/login.php,1
58,14,36,0,1,3,0,0,0,5,0,8,0.1379,0.6897,0,1,0,0,0,0,4.5763,3.5216,0,0,0,0,0,0,0,2,0,0.25,0,https://aliexpress.com/questions/12345678/how-to-fix-error,0
51,17,27,0,2,1,0,0,0,7,0,0,0.0,0.7843,0,0,0,0,0,0,4.2327,3.8522,4,1,0,1,1,1,1,6,1,0.81,0,http://portal-service.gq//account/verify//login.php,1
51,33,11,0,1,3,0,0,0,4,0,3,0.0588,0.7647,0,0,0,0,0,1,4.5132,4.1879,4,1,0,1,1,1,1,12,1,0.92,2,http://microsoft-365-password-reset.buzz/auth/login,1
38,13,18,0,4,0,0,0,0,4,0,10,0.2632,0.5,1,0,0,2,0,0,4.1529,3.027,2,0,1,1,1,1,1,11,1,0.69,0,http://79.248.100.46/paypal/signin.php,1
30,17,6,0,1,3,0,0,0,3,0,0,0.0,0.7333,0,0,1,0,0,1,4.2566,3.4548,0,0,0,0,0,0,0,0,0,0.0,0,http://xn--gogle-qqa.com/drive,1
97,14,30,44,2,0,0,2,5,5,0,5,0.0515,0.7526,0,1,0,1,0,0,4.6156,2.8963,1,0,0,0,0,0,0,0,0,0.0,0,https://app.amazon.com/products/category/electronics?page=2&sort=price_asc?ref=nav&q=test&id=6391,0
42,18,17,0,2,0,0,0,0,4,0,0,0.0,0.8333,0,0,0,1,0,0,4.062,3.4613,1,0,0,0,0,0,0,0,0,0.0,0,http://support.docker.com/profile/settings,0
45,13,25,0,4,0,0,0,0,5,0,10,0.2222,0.5556,1,0,0,2,0,0,4.4112,3.027,2,0,1,1,1,0,1,5,1,0.75,2,http://169.59.227.38/signin/paypal/index.html,1
47,13,27,0,3,2,0,0,0,4,0,10,0.2128,0.5745,1,0,0,2,0,0,4.5807,2.6612,3,0,1,1,1,1,1,9,1,0.84,1,http://191.143.24.96/secure/update-banking-info,1
42,27,8,0,1,3,0,0,0,3,0,0,0.0,0.8095,0,0,0,0,0,1,4.1892,3.8562,2,1,0,1,1,1,1,7,1,0.67,1,http://verify-your-identity-now.ml/confirm,1
23,14,1,0,2,0,0,0,0,3,0,0,0.0,0.7391,0,1,0,1,0,0,3.5227,2.8424,0,0,0,0,0,0,0,1,0,0.2,0,https://www.zomato.com/,0
72,21,6,37,2,0,0,2,4,3,0,7,0.0972,0.7083,0,0,0,1,0,0,4.9021,3.7849,0,0,0,0,0,0,0,3,0,0.12,0,http://app.stackoverflow.com/watch?v=dQw4w9WgXcQ?ref=nav&q=test&id=85512,0
47,14,25,0,1,0,0,0,0,5,0,0,0.0,0.8511,0,1,0,0,0,0,4.1557,3.3788,0,0,0,0,0,0,0,0,0,0.0,0,https://cloudflare.com/user/dashboard/analytics,0
46,15,0,23,2,0,0,1,3,2,0,5,0.1087,0.6522,0,0,0,1,0,0,4.6567,3.5069,0,0,0,0,0,0,0,1,0,0.31,0,http://blog.reddit.com?ref=nav&q=test&id=76236,0
29,12,10,0,4,0,0,0,0,3,0,9,0.3103,0.4138,1,0,0,2,0,0,3.9783,2.8554,1,0,0,1,1,1,1,7,1,0.72,2,http://53.62.86.148/login.php,1
38,13,17,0,2,2,0,0,0,3,0,0,0.0,0.7895,0,1,0,1,0,0,4.0735,3.2389,2,0,0,0,0,0,0,2,0,0.16,0,https://dev.apple.com/terms-of-service,0
78,10,36,23,2,3,0,1,3,5,0,13,0.1667,0.6154,0,1,0,1,0,0,4.7871,2.9219,0,0,0,0,0,0,0,0,0,0.0,0,https://dev.gov.in/questions/12345678/how-to-fix-error?ref=nav&q=test&id=23552,0
52,19,25,0,2,0,0,0,0,5,0,0,0.0,0.8462,0,1,0,1,0,0,4.1566,3.7871,0,0,0,0,0,0,0,0,0,0.0,0,https://app.theguardian.com/user/dashboard/analytics,0
53,18,28,0,2,2,0,0,0,4,0,0,0.0,0.8302,0,0,0,1,0,0,3.9472,3.4613,1,0,0,0,0,0,0,0,0,0.0,0,http://support.docker.com/help-center/contact-support,0
34,13,14,0,3,0,0,0,0,4,0,10,0.2941,0.4706,1,0,0,2,0,0,4.2784,3.027,2,0,1,0,0,0,0,0,0,0.0,0,http://50.149.129.87/netflix/login,1
48,34,7,0,1,3,0,0,0,3,0,0,0.0,0.8333,0,0,0,0,0,1,4.233,3.8954,5,1,0,1,1,0,1,11,0,0.83,2,http://paypal-account-security-update.sbs/verify,1
52,32,13,0,1,3,0,0,0,4,0,0,0.0,0.8269,0,0,0,0,0,1,4.3567,4.1556,3,1,0,1,1,1,1,4,1,0.94,2,http://hdfc-netbanking-customer-care.gq/secure/login,1
91,21,38,23,2,1,0,1,3,6,0,5,0.0549,0.7692,0,1,0,1,0,0,4.4526,3.4633,1,0,0,0,0,0,0,3,0,0.1,0,https://support.pinterest.com/repos/organization/repo-name/releases?ref=nav&q=test&id=94089,0
42,28,7,0,1,3,0,0,0,3,0,0,0.0,0.8095,0,0,0,0,0,1,4.112,3.8249,3,1,0,0,0,0,0,0,0,0.0,0,http://claim-free-crypto-airdrop.ga/wallet,1
30,17,6,0,1,3,0,0,0,3,0,0,0.0,0.7333,0,0,1,0,0,1,4.0314,3.4548,1,0,0,1,1,1,1,9,0,0.66,1,http://xn--paypl-qqa.com/login,1
51,34,10,0,1,3,0,0,0,4,0,0,0.0,0.8235,0,0,0,0,0,1,4.0863,3.8666,2,1,0,0,0,0,0,0,0,0.0,0,http://amazon-unusual-activity-signin.xyz/ap/signin,1
43,29,7,0,1,2,0,0,0,3,0,0,0.0,0.8372,0,0,0,0,0,1,3.9323,3.7285,0,1,0,1,1,0,1,2,1,0.95,2,http://immediate-action-required.top/notice,1
34,20,7,0,1,3,0,0,0,3,0,1,0.0294,0.7353,0,0,1,0,0,1,4.1163,3.6464,1,0,0,0,0,0,0,0,0,0.0,0,http://xn--mcrosoft-p1a.com/update,1
65,16,17,23,2,2,0,1,3,3,0,5,0.0769,0.7077,0,1,0,1,0,0,4.624,3.5,1,0,0,0,0,0,0,1,0,0.09,0,https://app.linkedin.com/terms-of-service?ref=nav&q=test&id=79090,0
73,16,25,23,2,2,0,1,3,4,0,5,0.0685,0.726,0,1,0,1,0,0,4.796,3.4528,0,0,0,0,0,0,0,0,0,0.0,0,https://www.hdfcbank.com/about-us/leadership-team?ref=nav&q=test&id=18993,0
23,15,1,0,2,0,0,0,0,3,0,0,0.0,0.7391,0,0,0,1,0,0,3.6753,3.2402,1,0,0,0,0,0,0,0,0,0.0,0,http://blog.paypal.com/,0
38,24,7,0,1,2,0,0,0,3,0,0,0.0,0.8158,0,0,0,0,0,1,4.2866,3.9702,4,1,0,0,0,0,0,0,0,0.0,0,http://paypal-account-verify.ml/signin,1
48,15,25,0,2,0,0,0,0,5,0,0,0.0,0.8333,0,1,0,1,0,0,4.1059,3.2402,1,0,0,0,0,0,0,0,0,0.08,0,https://support.bbc.com/user/dashboard/analytics,0
45,25,13,0,1,3,0,0,0,4,0,0,0.0,0.8,0,0,0,0,0,1,4.17,3.7035,2,1,0,0,0,0,0,0,0,0.0,0,http://sbi-online-banking-kyc.cf/retail/login,1
50,32,11,0,1,3,0,0,0,4,0,3,0.06,0.76,0,0,0,0,0,1,4.5415,4.1792,4,1,0,1,1,1,1,2,0,0.73,2,http://microsoft-365-password-reset.xyz/auth/login,1
19,11,1,0,2,0,0,0,0,3,0,0,0.0,0.6842,0,0,0,1,0,0,3.5766,3.0958,0,0,0,0,0,0,0,3,0,0.28,0,http://dev.nih.gov/,0
49,31,11,0,1,3,0,0,0,3,0,0,0.0,0.8367,0,0,0,0,0,1,4.1833,3.889,3,1,0,0,0,0,0,0,0,0.0,0,http://unauthorized-login-detected.fun/secure-now,1
47,35,5,0,1,3,0,0,0,3,0,0,0.0,0.8298,0,0,0,0,0,1,4.2563,3.9573,4,1,0,1,1,1,1,3,1,0.84,0,http://secure-wellsfargo-banking-alert.sbs/auth,1
78,18,28,23,2,2,0,1,3,4,0,5,0.0641,0.7436,0,1,0,1,0,0,4.5592,3.3502,1,0,0,0,0,0,0,0,0,0.0,0,https://www.salesforce.com/help-center/contact-support?ref=nav&q=test&id=96663,0
38,13,17,0,2,2,0,0,0,3,0,0,0.0,0.7895,0,1,0,1,0,0,3.8854,2.5654,1,0,0,0,0,0,0,0,0,0.0,0,https://www.twitch.tv/terms-of-service,0
45,33,5,0,1,3,0,0,0,3,0,0,0.0,0.8222,0,0,0,0,0,1,4.2275,4.0209,3,1,0,0,0,0,0,0,0,0.0,0,http://banking-portal-secure-entry.click/auth,1
64,18,38,0,2,1,0,0,0,6,0,0,0.0,0.8438,0,1,0,1,0,0,3.9801,3.4613,1,0,0,0,0,0,0,0,0,0.0,0,https://support.target.com/repos/organization/repo-name/releases,0
38,13,18,0,4,0,0,0,0,4,0,10,0.2632,0.5,1,0,0,2,0,0,4.1529,3.027,2,0,1,1,1,1,1,3,1,0.71,2,http://57.180.228.93/paypal/signin.php,1
40,15,17,0,2,0,0,0,0,4,0,0,0.0,0.825,0,1,0,1,0,0,4.0842,3.1069,0,0,0,0,0,0,0,4,0,0.31,0,https://mail.medium.com/profile/settings,0
75,15,30,21,2,0,0,1,2,5,0,1,0.0133,0.8133,0,1,0,1,0,0,4.2447,3.1899,0,0,0,0,0,0,0,0,0,0.0,0,https://docs.reddit.com/products/category/electronics?page=2&sort=price_asc,0
46,14,25,0,2,2,0,0,0,4,0,0,0.0,0.8043,0,0,0,1,0,0,4.1842,3.3788,1,0,0,0,0,0,0,4,0,0.32,0,http://dev.paypal.com/about-us/leadership-team,0
48,14,27,0,3,2,0,0,0,4,0,11,0.2292,0.5625,1,0,0,2,0,0,4.6054,2.7534,3,0,1,1,1,0,1,5,1,0.73,1,http://178.95.228.224/secure/update-banking-info,1
52,19,1,23,2,0,0,1,3,3,0,5,0.0962,0.6731,0,1,0,1,0,0,4.5584,3.7871,0,0,0,0,0,0,0,0,0,0.0,0,https://api.theguardian.com/?ref=nav&q=test&id=57554,0
83,14,38,23,1,1,0,1,3,6,0,5,0.0602,0.759,0,0,0,0,0,0,4.5048,3.5216,0,0,0,0,0,0,0,0,0,0.0,0,http://aliexpress.com/repos/organization/repo-name/releases?ref=nav&q=test&id=56935,0
42,14,6,13,2,0,0,1,1,3,0,2,0.0476,0.7619,0,1,0,1,0,0,4.3297,2.7534,1,0,0,0,0,0,0,2,0,0.2,0,https://app.paypal.com/watch?v=dQw4w9WgXcQ,0
43,13,23,0,2,1,0,0,0,4,0,0,0.0,0.814,0,0,0,1,0,0,3.9688,3.027,1,0,0,0,0,0,0,2,0,0.3,0,http://www.apple.com/explore/popular-topics,0
34,20,7,0,1,3,0,0,0,3,0,1,0.0294,0.7353,0,0,1,0,0,1,4.1163,3.6464,1,0,0,0,0,0,0,0,0,0.0,0,http://xn--mcrosoft-p1a.com/update,1
30,17,6,0,1,3,0,0,0,3,0,0,0.0,0.7333,0,0,1,0,0,1,4.0314,3.4548,1,0,0,1,1,1,1,3,1,0.93,0,http://xn--paypl-qqa.com/login,1
41,7,7,18,1,0,0,1,1,3,0,0,0.0,0.8049,0,1,0,0,0,0,4.2899,2.2359,0,0,0,0,0,0,0,0,0,0.0,0,https://bbc.com/search?q=machine+learning,0
41,14,6,13,2,0,0,1,1,3,0,2,0.0488,0.7561,0,0,0,1,0,0,4.4546,3.3788,0,0,0,0,0,0,0,3,0,0.28,0,http://docs.arxiv.org/watch?v=dQw4w9WgXcQ,0
43,31,5,0,1,3,0,0,0,3,0,0,0.0,0.814,0,0,0,0,0,1,4.1962,4.0181,3,1,0,1,1,1,1,11,1,0.71,1,http://banking-portal-secure-entry.icu/auth,1
49,20,7,14,3,1,0,1,1,3,0,0,0.0,0.7755,0,0,0,2,0,0,4.5273,3.4842,4,1,1,0,0,0,0,0,0,0.0,0,http://login.paypal.com.icu/webscr?cmd=_login-run,1
48,34,7,0,1,3,0,0,0,3,0,0,0.0,0.8333,0,0,0,0,0,1,4.33,4.0575,2,1,0,1,1,1,1,12,1,0.78,1,http://customer-support-helpdesk-agent.cf/verify,1
37,12,17,0,2,0,0,0,0,4,0,0,0.0,0.8108,0,1,0,1,0,0,4.1212,2.8554,0,0,0,0,0,0,0,1,0,0.17,0,https://www.imdb.com/profile/settings,0
80,18,30,23,3,0,0,1,3,5,0,5,0.0625,0.75,0,1,0,1,0,0,4.5766,3.6144,0,0,0,0,0,0,0,0,0,0.09,0,https://blog.instagram.com/download/latest/installer.exe?ref=nav&q=test&id=70072,0
39,14,17,0,2,0,0,0,0,4,0,0,0.0,0.8205,0,1,0,1,0,0,4.0672,3.3788,1,0,0,0,0,0,0,2,0,0.07,0,https://blog.chase.com/profile/settings,0
70,17,23,22,2,1,0,1,3,4,0,4,0.0571,0.7429,0,0,0,1,0,0,4.6556,3.7345,0,0,0,0,0,0,0,0,0,0.0,0,http://docs.flipkart.com/explore/popular-topics?ref=nav&q=test&id=7913,0
38,13,18,0,4,0,0,0,0,4,0,10,0.2632,0.5,1,0,0,2,0,0,4.0804,2.8151,2,0,1,1,1,0,1,2,1,0.73,2,http://40.30.170.236/paypal/signin.php,1
41,11,22,0,1,1,0,0,0,5,0,1,0.0244,0.7805,0,1,0,0,0,0,4.2482,3.0958,0,0,0,0,0,0,0,1,0,0.31,0,https://youtube.com/docs/v2/api-reference,0
71,31,5,27,1,3,0,1,1,3,0,7,0.0986,0.7606,0,0,0,0,0,1,4.6597,3.9536,1,1,0,0,0,0,0,0,0,0.0,0,http://google-drive-shared-document.ga/view?id=h93f9yngy4lge8tgnnh5fh4e,1
17,9,0,0,1,0,0,0,0,2,0,0,0.0,0.7647,0,1,0,0,0,0,3.7345,2.9477,0,0,0,0,0,0,0,1,0,0.19,0,https://adobe.com,0
50,35,8,0,1,3,0,0,0,3,0,0,0.0,0.84,0,0,0,0,0,1,4.2411,4.0116,1,1,0,0,0,0,0,0,0,0.0,0,http://metamask-wallet-recovery-phrase.xyz/connect,1
47,33,7,0,1,2,0,0,0,3,0,0,0.0,0.8511,0,0,0,0,0,1,3.9715,3.7149,0,1,0,1,1,1,1,9,1,0.88,1,http://immediate-action-required.monster/notice,1
54,33,14,0,2,2,0,0,0,4,0,0,0.0,0.8333,0,0,0,1,0,1,4.2478,3.9802,5,1,0,0,0,0,0,0,0,0.0,0,http://secure.netflix-payment-update.icu/account/login,1
30,13,10,0,4,0,0,0,0,3,0,10,0.3333,0.4,1,0,0,2,0,0,3.8729,2.6032,1,0,0,0,0,0,0,0,0,0.0,0,http://21.53.217.142/login.php,1
63,11,6,37,1,0,0,2,4,3,0,7,0.1111,0.6825,0,1,0,0,0,0,4.8957,3.0272,0,0,0,0,0,0,0,2,0,0.29,0,https://dropbox.com/watch?v=dQw4w9WgXcQ?ref=nav&q=test&id=58144,0
61,13,40,0,2,1,0,0,0,6,0,6,0.0984,0.7377,0,1,0,1,0,0,4.4906,3.2389,1,0,0,0,0,0,0,0,0,0.0,0,https://dev.chase.com/article/2026/08/technology-breakthrough,0
48,15,26,0,2,1,0,0,0,6,0,0,0.0,0.7708,0,0,0,0,0,0,4.1969,3.3736,3,1,1,0,0,0,0,0,0,0.0,0,http://auth-check.buzz/https://paypal.com/signin,1
48,34,7,0,1,3,0,0,0,3,0,0,0.0,0.8333,0,0,0,0,0,1,4.33,3.9987,2,1,0,0,0,0,0,0,0,0.0,0,http://customer-support-helpdesk-agent.ga/verify,1
87,18,38,23,2,1,0,1,3,6,0,5,0.0575,0.7586,0,0,0,1,0,0,4.5502,3.128,1,0,0,0,0,0,0,0,0,0.34,0,http://docs.microsoft.com/repos/organization/repo-name/releases?ref=nav&q=test&id=48379,0
32,7,17,0,1,0,0,0,0,4,0,0,0.0,0.8125,0,1,0,0,0,0,3.8903,2.2359,0,0,0,0,0,0,0,0,0,0.0,0,https://cnn.com/profile/settings,0
36,12,17,0,2,0,0,0,0,4,0,0,0.0,0.8056,0,0,0,1,0,0,4.0378,3.2516,0,0,0,0,0,0,0,0,0,0.0,0,http://api.bing.com/profile/settings,0
62,6,25,23,1,0,0,1,3,5,0,5,0.0806,0.7097,0,0,0,0,0,0,4.642,2.585,0,0,0,0,0,0,0,4,0,0.07,0,http://gov.in/user/dashboard/analytics?ref=nav&q=test&id=38758,0
47,33,7,0,1,3,0,0,0,3,0,0,0.0,0.8298,0,0,0,0,0,1,4.1982,3.8509,5,1,0,0,0,0,0,0,0,0.0,0,http://paypal-account-security-update.ga/verify,1
56,22,27,0,2,1,0,0,0,7,0,0,0.0,0.8036,0,0,0,0,0,0,4.2087,3.7544,4,1,0,0,0,0,0,0,0,0.0,0,http://portal-service.monster//account/verify//login.php,1
31,14,10,0,4,0,0,0,0,3,0,11,0.3548,0.3871,1,0,0,2,0,0,3.9134,2.6995,1,0,0,1,1,1,1,8,1,0.91,1,http://82.238.135.114/login.php,1
24,16,0,0,2,0,0,0,0,2,0,0,0.0,0.7917,0,1,0,1,0,0,3.8554,3.1556,0,0,0,0,0,0,0,2,0,0.3,0,https://www.facebook.com,0
53,19,27,0,2,1,0,0,0,7,0,0,0.0,0.7925,0,0,0,0,0,0,4.2578,3.7871,4,1,0,0,0,0,0,0,0,0.0,0,http://portal-service.work//account/verify//login.php,1
52,32,13,0,1,3,0,0,0,4,0,0,0.0,0.8269,0,0,0,0,0,1,4.3567,4.1556,3,1,0,0,0,0,0,0,0,0.0,0,http://hdfc-netbanking-customer-care.gq/secure/login,1
47,15,25,0,2,2,0,0,0,4,0,0,0.0,0.8085,0,0,0,1,0,0,4.275,3.3232,0,0,0,0,0,0,0,0,0,0.0,0,http://www.spotify.com/about-us/leadership-team,0
42,14,6,13,2,0,0,1,1,3,0,2,0.0476,0.7619,0,1,0,1,0,0,4.4633,3.3788,1,0,0,0,0,0,0,0,0,0.0,0,https://blog.chase.com/watch?v=dQw4w9WgXcQ,0
47,34,6,0,1,3,0,0,0,3,0,0,0.0,0.8298,0,0,0,0,0,1,4.1334,3.8559,2,1,0,0,0,0,0,0,0,0.0,0,http://icici-rewards-points-redemption.ga/claim,1
38,24,7,0,1,2,0,0,0,3,0,0,0.0,0.8158,0,0,0,0,0,1,4.2141,3.8554,4,1,0,1,1,1,1,10,0,0.92,0,http://paypal-account-verify.cf/signin,1
53,36,10,0,1,3,0,0,0,4,0,0,0.0,0.8302,0,0,0,0,0,1,4.0715,3.8401,2,1,0,1,1,1,1,4,1,0.93,2,http://amazon-unusual-activity-signin.click/ap/signin,1
57,18,7,23,2,0,0,1,3,3,0,5,0.0877,0.7018,0,1,0,1,0,0,4.5437,3.4194,1,0,0,0,0,0,0,0,0,0.0,0,https://mail.instagram.com/signin?ref=nav&q=test&id=71120,0
50,33,10,0,1,3,0,0,0,4,0,0,0.0,0.82,0,0,0,0,0,1,4.026,3.7865,2,1,0,1,1,1,1,2,1,0.75,0,http://amazon-unusual-activity-signin.ml/ap/signin,1
42,30,5,0,1,3,0,0,0,3,0,0,0.0,0.8095,0,0,0,0,0,1,4.2462,4.0729,3,1,0,1,1,0,1,12,1,0.85,2,http://banking-portal-secure-entry.cf/auth,1
22,13,1,0,2,0,0,0,0,3,0,0,0.0,0.7273,0,1,0,1,0,0,3.4429,3.027,0,0,0,0,0,0,0,0,0,0.0,0,https://dev.twitch.tv/,0
50,21,7,14,3,1,0,1,1,3,0,0,0.0,0.78,0,0,0,2,0,0,4.6182,3.6897,4,1,1,0,0,0,0,0,0,0.0,0,http://login.paypal.com.buzz/webscr?cmd=_login-run,1
53,33,13,0,1,3,0,0,0,4,0,0,0.0,0.8302,0,0,0,0,0,1,4.3037,4.0667,3,1,0,1,1,1,1,9,1,0.74,0,http://hdfc-netbanking-customer-care.fun/secure/login,1
38,24,7,0,1,2,0,0,0,3,0,0,0.0,0.8158,0,0,0,0,0,1,4.2141,3.8554,4,1,0,1,1,1,1,2,0,0.86,1,http://paypal-account-verify.cf/signin,1
52,18,27,0,2,1,0,0,0,7,0,0,0.0,0.7885,0,0,0,0,0,0,4.1256,3.6144,4,1,0,0,0,0,0,0,0,0.0,0,http://portal-service.top//account/verify//login.php,1
51,17,27,0,2,1,0,0,0,7,0,0,0.0,0.7843,0,0,0,0,0,0,4.2179,3.7345,4,1,0,1,1,0,1,2,0,0.89,2,http://portal-service.ml//account/verify//login.php,1
53,15,6,23,2,0,0,1,3,3,0,5,0.0943,0.6792,0,1,0,1,0,0,4.7442,3.3232,1,0,0,1,1,0,0,4,0,0.2,0,https://www.spotify.com/login?ref=nav&q=test&id=70432,0
30,17,6,0,1,3,0,0,0,3,0,0,0.0,0.7333,0,0,1,0,0,1,4.0314,3.4548,1,0,0,0,0,0,0,0,0,0.0,0,http://xn--paypl-qqa.com/login,1
65,21,36,0,2,3,0,0,0,5,0,8,0.1231,0.7077,0,1,0,1,0,0,4.5129,3.3088,0,0,0,0,0,0,0,0,0,0.0,0,https://api.geeksforgeeks.org/questions/12345678/how-to-fix-error,0
73,18,23,23,2,1,0,1,3,4,0,5,0.0685,0.7397,0,1,0,1,0,0,4.6023,3.5033,0,0,0,0,0,0,0,0,0,0.0,0,https://api.aliexpress.com/explore/popular-topics?ref=nav&q=test&id=14963,0
50,37,6,0,4,1,0,0,0,3,0,0,0.0,0.82,0,0,0,3,1,0,4.1913,3.9227,3,1,1,1,1,0,1,2,1,0.84,1,http://appleid.apple.com.verify-identity.icu/login,1
37,12,18,0,4,0,0,0,0,4,0,9,0.2432,0.5135,1,0,0,2,0,0,3.9564,2.4591,2,0,1,0,0,0,0,0,0,0.0,0,http://12.22.70.199/paypal/signin.php,1
31,14,10,0,4,0,0,0,0,3,0,11,0.3548,0.3871,1,0,0,2,0,0,3.9134,2.6995,1,0,0,1,1,1,1,12,1,0.7,0,http://208.81.106.136/login.php,1
44,28,9,0,1,2,0,0,0,3,0,0,0.0,0.8409,0,0,0,0,0,1,4.1098,3.7229,2,1,0,0,0,0,0,0,0,0.0,0,http://binance-kyc-verification.icu/security,1
35,11,17,0,2,0,0,0,0,4,0,0,0.0,0.8,0,0,0,1,0,0,4.0931,3.0958,0,0,0,0,0,0,0,0,0,0.0,0,http://dev.zoom.us/profile/settings,0
38,24,7,0,1,2,0,0,0,3,0,0,0.0,0.8158,0,0,0,0,0,1,4.2539,3.9702,4,1,0,0,0,0,0,0,0,0.0,0,http://paypal-account-verify.tk/signin,1
46,14,25,0,4,0,0,0,0,5,0,11,0.2391,0.5435,1,0,0,2,0,0,4.363,2.8424,2,0,1,1,1,1,1,5,1,0.76,1,http://34.115.143.206/signin/paypal/index.html,1
54,16,30,0,3,0,0,0,0,5,0,0,0.0,0.8333,0,1,0,1,0,0,4.091,3.4528,0,0,0,0,0,0,0,2,0,0.17,0,https://docs.mozilla.org/download/latest/installer.exe,0
48,30,11,0,1,3,0,0,0,3,0,0,0.0,0.8333,0,0,0,0,0,1,4.1777,3.8817,3,1,0,0,0,0,0,0,0,0.0,0,http://unauthorized-login-detected.tk/secure-now,1
48,17,23,0,2,1,0,0,0,4,0,0,0.0,0.8333,0,1,0,1,0,0,4.0637,3.2928,0,0,0,0,0,0,0,0,0,0.0,0,https://app.wikipedia.org/explore/popular-topics,0
40,27,6,0,1,2,0,0,0,3,0,0,0.0,0.825,0,0,0,0,0,1,4.1751,3.8101,4,1,0,1,1,1,1,8,1,0.77,1,http://account-security-update.fun/login,1
75,15,30,21,2,0,0,1,2,5,0,1,0.0133,0.8133,0,1,0,1,0,0,4.3507,2.9736,0,0,0,0,0,0,0,2,0,0.27,0,https://www.walmart.com/products/category/electronics?page=2&sort=price_asc,0
32,17,7,0,2,0,0,0,0,3,0,0,0.0,0.8125,0,1,0,1,0,0,3.9292,3.4992,3,0,0,1,1,0,0,0,0,0.09,0,https://support.chase.com/signin,0
49,20,7,14,3,1,0,1,1,3,0,0,0.0,0.7755,0,0,0,2,0,0,4.5019,3.4087,4,1,1,1,1,0,1,6,0,0.9,2,http://login.paypal.com.top/webscr?cmd=_login-run,1
63,19,9,27,2,2,0,1,1,5,0,0,0.0,0.7937,0,0,0,0,0,0,4.1753,3.1556,1,1,0,1,1,0,1,12,0,0.81,1,http://suspicious-site.top/redirect?url=http://victim-login.com,1
22,15,0,0,2,0,0,0,0,2,0,0,0.0,0.7727,0,0,0,1,0,0,3.8797,3.5069,0,0,0,0,0,0,0,4,0,0.2,0,http://dev.walmart.com,0
53,24,22,0,1,3,0,0,0,4,0,0,0.0,0.8302,0,0,0,0,0,1,4.1235,3.6054,4,1,0,0,0,0,0,0,0,0.0,0,http://chase-security-alert.icu/auth/confirm-identity,1
73,12,30,23,3,0,0,1,3,5,0,5,0.0685,0.726,0,0,0,1,0,0,4.5372,2.6887,0,0,0,0,0,0,0,0,0,0.0,0,http://docs.cnn.com/download/latest/installer.exe?ref=nav&q=test&id=49611,0
20,12,0,0,2,0,0,0,0,2,0,0,0.0,0.75,0,1,0,1,0,0,3.6842,3.0221,0,0,0,0,0,0,0,0,0,0.18,0,https://blog.zoom.us,0
42,27,8,0,1,3,0,0,0,3,0,0,0.0,0.8095,0,0,0,0,0,1,4.2369,3.8562,2,1,0,0,0,0,0,0,0,0.0,0,http://verify-your-identity-now.ga/confirm,1
84,12,40,23,2,1,0,1,3,6,0,11,0.131,0.6786,0,1,0,1,0,0,4.8147,3.085,0,0,0,0,0,0,0,0,0,0.0,0,https://blog.nih.gov/article/2026/08/technology-breakthrough?ref=nav&q=test&id=41480,0
54,16,7,23,2,0,0,1,3,3,0,5,0.0926,0.6852,0,0,0,1,0,0,4.7663,3.375,1,0,0,0,0,0,0,0,0,0.0,0,http://blog.walmart.com/signin?ref=nav&q=test&id=89307,0
51,34,10,0,1,3,0,0,0,4,0,0,0.0,0.8235,0,0,0,0,0,1,4.0863,3.8666,2,1,0,1,1,1,1,10,0,0.81,2,http://amazon-unusual-activity-signin.xyz/ap/signin,1
50,16,7,18,2,0,0,1,1,3,0,0,0.0,0.82,0,1,0,1,0,0,4.3591,3.375,0,0,0,0,0,0,0,0,0,0.0,0,https://dev.linkedin.com/search?q=machine+learning,0
22,14,0,0,2,0,0,0,0,2,0,0,0.0,0.7727,0,1,0,1,0,0,3.7322,3.0931,0,0,0,0,0,0,0,0,0,0.08,0,https://blog.yahoo.com,0
40,26,7,0,1,2,0,0,0,3,0,1,0.025,0.8,0,0,0,0,0,1,4.2842,4.1329,3,0,0,1,1,1,1,8,1,0.66,1,http://netfl1x-billing-update.com/signin,1
65,11,23,23,2,1,0,1,3,4,0,5,0.0769,0.7077,0,0,0,1,0,0,4.7572,2.4817,0,0,0,0,0,0,0,0,0,0.0,0,http://www.bbc.com/explore/popular-topics?ref=nav&q=test&id=92527,0
64,16,40,0,2,1,0,0,0,6,0,6,0.0938,0.75,0,1,0,1,0,0,4.5074,3.125,0,0,0,0,0,0,0,4,0,0.25,0,https://docs.dropbox.com/article/2026/08/technology-breakthrough,0
19,11,0,0,1,0,0,0,0,2,0,0,0.0,0.7895,0,1,0,0,0,0,3.6819,3.0958,0,0,0,0,0,0,0,0,0,0.0,0,https://youtube.com,0
48,19,7,14,3,1,0,1,1,3,0,0,0.0,0.7708,0,0,0,2,0,0,4.5268,3.3264,4,1,1,0,0,0,0,0,0,0.0,0,http://login.paypal.com.ga/webscr?cmd=_login-run,1
55,34,14,0,2,2,0,0,0,4,0,0,0.0,0.8364,0,0,0,1,0,1,4.3833,4.1944,5,1,0,1,1,0,1,7,0,0.9,1,http://secure.netflix-payment-update.work/account/login,1
63,14,17,23,2,2,0,1,3,3,0,5,0.0794,0.6984,0,1,0,1,0,0,4.61,3.3249,1,0,0,0,0,0,0,0,0,0.0,0,https://blog.twitch.tv/terms-of-service?ref=nav&q=test&id=48441,0
48,35,6,0,1,3,0,0,0,3,0,0,0.0,0.8333,0,0,0,0,0,1,4.2508,3.99,2,1,0,1,1,1,1,9,1,0.78,1,http://icici-rewards-points-redemption.xyz/claim,1
30,13,10,0,4,0,0,0,0,3,0,10,0.3333,0.4,1,0,0,2,0,0,3.8062,2.4493,1,0,0,0,0,0,0,0,0,0.0,0,http://131.38.160.38/login.php,1
50,17,25,0,2,0,0,0,0,5,0,0,0.0,0.84,0,1,0,1,0,0,4.1162,3.4548,0,0,0,0,0,0,0,0,0,0.0,0,https://app.instagram.com/user/dashboard/analytics,0
18,10,0,0,1,0,0,0,0,2,0,0,0.0,0.7778,0,1,0,0,0,0,3.6144,2.7219,1,0,0,0,0,0,0,0,0,0.0,0,https://amazon.com,0
54,39,7,0,4,1,0,0,0,3,0,0,0.0,0.8333,0,1,0,3,1,0,4.3661,4.0159,3,1,1,1,1,0,0,6,1,0.68,0,https://appleid.apple.com.account-recovery.buzz/verify,1
49,20,7,14,3,1,0,1,1,3,0,0,0.0,0.7755,0,0,0,2,0,0,4.5527,3.5842,4,1,1,1,1,1,1,4,1,0.91,1,http://login.paypal.com.sbs/webscr?cmd=_login-run,1
39,12,6,13,2,0,0,1,1,3,0,2,0.0513,0.7436,0,0,0,1,0,0,4.4194,3.2516,0,0,0,0,0,0,0,0,0,0.0,0,http://app.bing.com/watch?v=dQw4w9WgXcQ,0
52,14,6,23,2,0,0,1,3,3,0,5,0.0962,0.6731,0,1,0,1,0,0,4.6259,3.182,1,0,0,0,0,0,0,0,0,0.0,0,https://dev.reddit.com/login?ref=nav&q=test&id=94238,0
51,13,7,23,2,0,0,1,3,3,0,5,0.098,0.6667,0,0,0,1,0,0,4.7061,3.0851,1,0,0,1,1,0,0,1,0,0.18,0,http://app.slack.com/signin?ref=nav&q=test&id=49512,0
35,21,6,0,2,0,0,0,0,3,0,0,0.0,0.8286,0,1,0,1,0,0,4.229,3.8802,1,0,0,0,0,0,0,0,0,0.0,0,https://api.stackoverflow.com/login,0
45,12,25,0,1,2,0,0,0,4,0,0,0.0,0.8222,0,1,0,0,0,0,4.286,3.4183,0,0,0,0,0,0,0,1,0,0.32,0,https://hdfcbank.com/about-us/leadership-team,0
57,19,6,23,2,0,0,1,3,3,0,5,0.0877,0.7018,0,1,0,1,0,0,4.714,3.5766,1,0,0,0,0,0,0,0,0,0.0,0,https://mail.huggingface.co/login?ref=nav&q=test&id=49817,0
66,14,6,37,2,0,0,2,4,3,0,7,0.1061,0.6818,0,1,0,1,0,0,4.8679,3.182,0,0,0,0,0,0,0,0,0,0.0,0,https://blog.adobe.com/watch?v=dQw4w9WgXcQ?ref=nav&q=test&id=69933,0
56,17,7,23,2,0,0,1,3,3,0,5,0.0893,0.6964,0,1,0,1,0,0,4.7177,3.6169,1,0,0,1,1,0,0,0,0,0.09,0,https://blog.hdfcbank.com/signin?ref=nav&q=test&id=65600,0
28,14,6,0,2,0,0,0,0,3,0,0,0.0,0.7857,0,1,0,1,0,0,4.0122,3.182,1,0,0,0,0,0,0,0,0,0.0,0,https://www.kaggle.com/login,0
51,36,8,0,1,3,0,0,0,3,0,0,0.0,0.8431,0,0,0,0,0,1,4.2972,4.0833,1,1,0,0,0,0,0,0,0,0.0,0,http://metamask-wallet-recovery-phrase.buzz/connect,1
50,33,10,0,1,3,0,0,0,4,0,0,0.0,0.82,0,0,0,0,0,1,4.0338,3.8243,2,1,0,1,1,1,1,8,1,0.91,1,http://amazon-unusual-activity-signin.tk/ap/signin,1
56,18,6,23,2,0,0,1,3,3,0,6,0.1071,0.6786,0,1,0,1,0,0,4.6737,3.086,1,0,0,1,1,0,0,3,0,0.12,0,https://docs.w3schools.com/login?ref=nav&q=test&id=97283,0
64,20,9,27,2,2,0,1,1,5,0,0,0.0,0.7969,0,0,0,0,0,0,4.3136,3.3464,1,1,0,0,0,0,0,0,0,0.0,0,http://suspicious-site.buzz/redirect?url=http://victim-login.com,1
42,27,8,0,1,3,0,0,0,3,0,0,0.0,0.8095,0,0,0,0,0,1,4.2369,3.8562,2,1,0,0,0,0,0,0,0,0.0,0,http://verify-your-identity-now.gq/confirm,1
46,14,25,0,2,0,0,0,0,5,0,0,0.0,0.8261,0,0,0,1,0,0,4.214,3.2359,0,0,0,0,0,0,0,0,0,0.0,0,http://blog.slack.com/user/dashboard/analytics,0
51,18,7,18,2,0,0,1,1,3,0,0,0.0,0.8235,0,0,0,1,0,0,4.292,3.6144,0,0,0,0,0,0,0,3,0,0.25,0,http://blog.instagram.com/search?q=machine+learning,0
53,16,6,23,2,0,0,1,3,3,0,5,0.0943,0.6792,0,0,0,1,0,0,4.7207,3.375,1,0,0,1,1,0,0,4,0,0.19,0,http://blog.walmart.com/login?ref=nav&q=test&id=84223,0
69,21,40,0,2,1,0,0,0,6,0,6,0.087,0.7681,0,1,0,1,0,0,4.478,3.6538,1,0,0,0,0,0,0,0,0,0.0,0,https://support.icicibank.com/article/2026/08/technology-breakthrough,0
52,38,7,0,1,3,0,0,0,3,0,0,0.0,0.8462,0,0,0,0,0,1,4.3037,3.8924,3,1,0,0,0,0,0,0,0,0.0,0,http://coinbase-account-suspended-notice.work/verify,1
86,19,36,23,2,3,0,1,3,5,0,13,0.1512,0.6512,0,0,0,1,0,0,4.8975,3.7871,0,0,0,0,0,0,0,0,0,0.06,0,http://api.theguardian.com/questions/12345678/how-to-fix-error?ref=nav&q=test&id=38170,0
46,13,26,0,2,1,0,0,0,6,0,0,0.0,0.7609,0,0,0,0,0,0,4.0915,3.1808,3,1,1,1,1,1,1,9,1,0.68,0,http://auth-check.cf/https://paypal.com/signin,1
54,34,13,0,1,3,0,0,0,4,0,0,0.0,0.8333,0,0,0,0,0,1,4.3868,4.1751,3,1,0,1,1,1,1,3,1,0.86,1,http://hdfc-netbanking-customer-care.buzz/secure/login,1
33,12,14,0,3,0,0,0,0,4,0,9,0.2727,0.4848,1,0,0,2,0,0,4.0289,2.3554,2,0,1,0,0,0,0,0,0,0.0,0,http://113.5.221.41/netflix/login,1
27,14,6,0,2,0,0,0,0,3,0,0,0.0,0.7778,0,0,0,1,0,0,3.7542,2.8963,2,0,0,0,0,0,0,0,0,0.0,0,http://app.amazon.com/login,0
43,13,22,0,2,1,0,0,0,5,0,1,0.0233,0.7674,0,1,0,1,0,0,4.1734,3.027,0,0,0,0,0,0,0,0,0,0.0,0,https://api.yahoo.com/docs/v2/api-reference,0
54,25,22,0,1,3,0,0,0,4,0,0,0.0,0.8333,0,0,0,0,0,1,4.2701,3.8137,4,1,0,0,0,0,0,0,0,0.0,0,http://chase-security-alert.buzz/auth/confirm-identity,1
30,17,6,0,1,3,0,0,0,3,0,0,0.0,0.7333,0,0,1,0,0,1,4.2566,3.4548,0,0,0,1,1,1,1,3,0,0.92,0,http://xn--gogle-qqa.com/drive,1
79,19,30,21,2,0,0,1,2,5,0,1,0.0127,0.8228,0,1,0,1,0,0,4.3712,3.5766,0,0,0,0,0,0,0,3,0,0.18,0,https://mail.huggingface.co/products/category/electronics?page=2&sort=price_asc,0
38,24,7,0,1,2,0,0,0,3,0,0,0.0,0.8158,0,0,0,0,0,1,4.2866,3.9702,4,1,0,0,0,0,0,0,0,0.0,0,http://paypal-account-verify.ml/signin,1
80,22,28,22,2,2,0,1,3,4,0,4,0.05,0.7625,0,0,0,1,0,0,4.6108,3.516,1,0,0,0,0,0,0,0,0,0.0,0,http://mail.bankofamerica.com/help-center/contact-support?ref=nav&q=test&id=3130,0
61,15,38,0,2,1,0,0,0,6,0,0,0.0,0.8361,0,1,0,1,0,0,4.0266,3.3232,0,0,0,0,0,0,0,0,0,0.0,0,https://api.walmart.com/repos/organization/repo-name/releases,0
71,14,7,42,2,0,0,2,4,3,0,5,0.0704,0.7183,0,0,0,1,0,0,4.6649,3.0391,0,0,0,0,0,0,0,0,0,0.0,0,http://dev.medium.com/search?q=machine+learning?ref=nav&q=test&id=77415,0
45,17,6,13,2,0,0,1,1,3,0,2,0.0444,0.7778,0,1,0,1,0,0,4.4746,3.3372,1,0,0,0,0,0,0,4,0,0.13,0,https://support.quora.com/watch?v=dQw4w9WgXcQ,0
63,15,17,23,1,2,0,1,3,3,0,5,0.0794,0.7143,0,0,0,0,0,0,4.6631,3.7736,1,0,0,0,0,0,0,0,0,0.0,0,http://theguardian.com/terms-of-service?ref=nav&q=test&id=62395,0
98,14,30,45,2,0,0,2,5,5,0,6,0.0612,0.7449,0,1,0,1,0,0,4.6579,3.2359,0,0,0,0,0,0,0,4,0,0.2,0,https://blog.arxiv.org/products/category/electronics?page=2&sort=price_asc?ref=nav&q=test&id=41531,0
68,11,25,23,2,2,0,1,3,4,0,5,0.0735,0.7059,0,1,0,1,0,0,4.6809,3.0958,0,0,0,0,0,0,0,0,0,0.34,0,https://dev.zoom.us/about-us/leadership-team?ref=nav&q=test&id=37045,0
46,13,26,0,2,1,0,0,0,6,0,0,0.0,0.7609,0,0,0,0,0,0,4.1186,3.3927,3,1,1,1,1,1,1,6,0,0.85,1,http://auth-check.gq/https://paypal.com/signin,1
69,12,25,23,2,2,0,1,3,4,0,5,0.0725,0.7101,0,1,0,1,0,0,4.7099,2.6887,0,0,0,0,0,0,0,0,0,0.0,0,https://docs.bbc.com/about-us/leadership-team?ref=nav&q=test&id=14539,0
37,7,22,0,1,1,0,0,0,5,0,1,0.027,0.7568,0,1,0,0,0,0,4.0645,2.2359,0,0,0,0,0,0,0,0,0,0.0,0,https://cnn.com/docs/v2/api-reference,0
63,19,9,27,2,2,0,1,1,5,0,0,0.0,0.7937,0,0,0,0,0,0,4.2463,3.3661,1,1,0,0,0,0,0,0,0,0.0,0,http://suspicious-site.cam/redirect?url=http://victim-login.com,1
60,12,40,0,2,1,0,0,0,6,0,6,0.1,0.7333,0,1,0,1,0,0,4.4635,2.6887,0,0,0,0,0,0,0,4,0,0.28,0,https://docs.cnn.com/article/2026/08/technology-breakthrough,0
53,36,10,0,1,3,0,0,0,4,0,0,0.0,0.8302,0,0,0,0,0,1,4.0715,3.8401,2,1,0,0,0,0,0,0,0,0.0,0,http://amazon-unusual-activity-signin.click/ap/signin,1
46,19,6,13,2,0,0,1,1,3,0,2,0.0435,0.7826,0,0,0,1,0,0,4.5099,3.4316,1,0,0,0,0,0,0,1,0,0.34,0,http://support.spotify.com/watch?v=dQw4w9WgXcQ,0
45,25,13,0,1,3,0,0,0,4,0,0,0.0,0.8,0,0,0,0,0,1,4.17,3.7035,2,1,0,1,1,1,1,5,1,0.88,0,http://sbi-online-banking-kyc.cf/retail/login,1
21,13,0,0,3,0,0,0,0,2,0,0,0.0,0.7143,0,1,0,2,0,0,3.7849,3.1808,0,0,1,0,0,0,0,0,0,0.0,0,https://dev.sbi.co.in,0
46,14,25,0,4,0,0,0,0,5,0,11,0.2391,0.5435,1,0,0,2,0,0,4.4229,3.0391,2,0,1,1,1,1,1,2,0,0.86,1,http://85.205.197.160/signin/paypal/index.html,1
53,38,7,0,4,1,0,0,0,3,0,0,0.0,0.8302,0,1,0,3,1,0,4.3364,3.9977,3,1,1,0,0,0,0,0,0,0.0,0,https://appleid.apple.com.account-recovery.xyz/verify,1
50,18,25,0,2,2,0,0,0,4,0,0,0.0,0.82,0,0,0,1,0,0,4.2537,3.5724,0,0,0,0,0,0,0,4,0,0.3,0,http://blog.wikipedia.org/about-us/leadership-team,0
49,35,7,0,1,3,0,0,0,3,0,0,0.0,0.8367,0,0,0,0,0,1,4.3445,4.0144,2,1,0,0,0,0,0,0,0,0.0,0,http://customer-support-helpdesk-agent.cam/verify,1
52,34,11,0,1,3,0,0,0,4,0,3,0.0577,0.7692,0,0,0,0,0,1,4.4576,4.1163,4,1,0,0,0,0,0,0,0,0.0,0,http://microsoft-365-password-reset.click/auth/login,1
54,25,22,0,1,3,0,0,0,4,0,0,0.0,0.8333,0,0,0,0,0,1,4.2701,3.8137,4,1,0,0,0,0,0,0,0,0.0,0,http://chase-security-alert.buzz/auth/confirm-identity,1
66,19,40,0,2,1,0,0,0,6,0,6,0.0909,0.7576,0,0,0,1,0,0,4.4724,3.8269,0,0,0,0,0,0,0,0,0,0.0,0,http://dev.theguardian.com/article/2026/08/technology-breakthrough,0
36,14,15,0,3,0,0,0,0,4,0,11,0.3056,0.4722,1,0,0,2,0,0,4.1042,2.4956,1,0,1,0,0,0,0,0,0,0.0,0,http://66.208.146.166/banking/online,1
41,11,23,0,2,1,0,0,0,4,0,0,0.0,0.8049,0,0,0,1,0,0,4.1595,2.8454,0,0,0,0,0,0,0,0,0,0.0,0,http://www.nih.gov/explore/popular-topics,0
36,11,17,0,2,0,0,0,0,4,0,0,0.0,0.8056,0,1,0,1,0,0,4.128,2.914,0,0,0,0,0,0,0,0,0,0.0,0,https://dev.bbc.com/profile/settings,0
38,8,22,0,1,1,0,0,0,5,0,1,0.0263,0.7632,0,1,0,0,0,0,4.1857,2.75,0,0,0,0,0,0,0,0,0,0.0,0,https://imdb.com/docs/v2/api-reference,0
42,29,6,0,1,2,0,0,0,3,0,0,0.0,0.8333,0,0,0,0,0,1,4.1665,3.8539,4,1,0,0,0,0,0,0,0,0.0,0,http://account-security-update.click/login,1
39,14,18,0,4,0,0,0,0,4,0,11,0.2821,0.4872,1,0,0,2,0,0,4.0646,2.7534,2,0,1,1,1,1,1,3,0,0.83,1,http://210.36.115.127/paypal/signin.php,1
40,26,7,0,1,2,0,0,0,3,0,1,0.025,0.8,0,0,0,0,0,1,4.2842,4.1329,3,0,0,0,0,0,0,0,0,0.0,0,http://netfl1x-billing-update.com/signin,1
33,19,7,0,1,1,0,0,0,3,0,1,0.0303,0.7879,0,0,0,0,0,0,4.165,3.8269,2,0,0,1,1,1,1,4,0,0.73,1,http://paypa1-security.com/webscr,1
102,18,30,45,2,0,0,2,5,5,0,6,0.0588,0.7549,0,1,0,1,0,0,4.6259,3.4613,1,0,0,0,0,0,0,0,0,0.35,0,https://support.medium.com/products/category/electronics?page=2&sort=price_asc?ref=nav&q=test&id=81365,0
50,32,11,0,1,3,0,0,0,4,0,3,0.06,0.76,0,0,0,0,0,1,4.3913,3.9445,4,1,0,0,0,0,0,0,0,0.0,0,http://microsoft-365-password-reset.sbs/auth/login,1
50,36,7,0,1,3,0,0,0,3,0,0,0.0,0.84,0,0,0,0,0,1,4.3591,4.0441,2,1,0,0,0,0,0,0,0,0.0,0,http://customer-support-helpdesk-agent.work/verify,1
44,19,17,0,2,2,0,0,0,3,0,0,0.0,0.8182,0,1,0,1,0,0,4.1807,3.5766,2,0,0,0,0,0,0,3,0,0.06,0,https://support.mozilla.org/terms-of-service,0
48,14,7,18,2,0,0,1,1,3,0,0,0.0,0.8125,0,1,0,1,0,0,4.2508,2.8963,1,0,0,0,0,0,0,2,0,0.15,0,https://app.amazon.com/search?q=machine+learning,0
33,19,7,0,1,1,0,0,0,3,0,1,0.0303,0.7879,0,0,0,0,0,0,4.165,3.8269,2,0,0,1,1,1,1,6,1,0.95,0,http://paypa1-security.com/webscr,1
69,18,6,37,2,0,0,2,4,3,0,7,0.1014,0.6957,0,0,0,1,0,0,4.8711,3.4613,0,0,0,0,0,0,0,0,0,0.0,0,http://app.huggingface.co/watch?v=dQw4w9WgXcQ?ref=nav&q=test&id=13057,0
42,28,7,0,1,2,0,0,0,3,0,0,0.0,0.8333,0,0,0,0,0,1,4.0033,3.709,0,1,0,0,0,0,0,0,0,0.0,0,http://immediate-action-required.ga/notice,1
52,23,22,0,1,3,0,0,0,4,0,0,0.0,0.8269,0,0,0,0,0,1,4.173,3.7081,4,1,0,0,0,0,0,0,0,0.0,0,http://chase-security-alert.ml/auth/confirm-identity,1
73,19,22,23,2,1,0,1,3,5,0,6,0.0822,0.7123,0,1,0,1,0,0,4.6652,3.8269,2,0,0,0,0,0,0,1,0,0.24,0,https://support.netflix.com/docs/v2/api-reference?ref=nav&q=test&id=18572,0
50,35,8,0,1,3,0,0,0,3,0,0,0.0,0.84,0,0,0,0,0,1,4.226,4.0687,1,1,0,1,1,1,1,7,0,0.71,2,http://metamask-wallet-recovery-phrase.fun/connect,1
49,31,11,0,1,3,0,0,0,4,0,3,0.0612,0.7551,0,0,0,0,0,1,4.4102,4.0181,4,1,0,1,1,1,1,4,1,0.73,1,http://microsoft-365-password-reset.tk/auth/login,1
54,39,7,0,4,1,0,0,0,3,0,0,0.0,0.8333,0,1,0,3,1,0,4.3661,4.0159,3,1,1,0,0,0,0,0,0,0.0,0,https://appleid.apple.com.account-recovery.buzz/verify,1
26,18,1,0,2,0,0,0,0,3,0,0,0.0,0.7692,0,0,0,1,0,0,3.7483,3.5033,0,0,0,0,0,0,0,0,0,0.0,0,http://docs.pinterest.com/,0
99,17,30,44,2,0,0,2,5,5,0,5,0.0505,0.7576,0,0,0,1,0,0,4.6258,3.4548,0,0,0,0,0,0,0,0,0,0.0,0,http://www.instagram.com/products/category/electronics?page=2&sort=price_asc?ref=nav&q=test&id=7959,0
53,38,7,0,4,1,0,0,0,3,0,0,0.0,0.8302,0,1,0,3,1,0,4.2752,3.945,3,1,1,1,1,1,0,2,1,0.69,0,https://appleid.apple.com.account-recovery.fun/verify,1
74,14,30,21,2,0,0,1,2,5,0,1,0.0135,0.8108,0,1,0,1,0,0,4.3247,3.182,0,0,0,0,0,0,0,0,0,0.0,0,https://api.medium.com/products/category/electronics?page=2&sort=price_asc,0
27,14,6,0,2,0,0,0,0,3,0,0,0.0,0.7778,0,0,0,1,0,0,3.9582,3.2359,1,0,0,1,1,0,0,3,0,0.29,0,http://mail.quora.com/login,0
47,34,6,0,1,3,0,0,0,3,0,0,0.0,0.8298,0,0,0,0,0,1,4.1153,3.8337,2,1,0,0,0,0,0,0,0,0.0,0,http://icici-rewards-points-redemption.tk/claim,1
62,13,17,23,2,0,0,1,3,4,0,5,0.0806,0.7097,0,1,0,1,0,0,4.476,3.027,0,0,0,0,0,0,0,0,0,0.0,0,https://dev.twitch.tv/profile/settings?ref=nav&q=test&id=99073,0
31,18,6,0,2,0,0,0,0,3,0,0,0.0,0.8065,0,0,0,1,0,0,4.1471,3.4613,1,0,0,1,1,0,0,1,0,0.33,0,http://www.cloudflare.com/login,0
38,13,18,0,4,0,0,0,0,4,0,10,0.2632,0.5,1,0,0,2,0,0,4.1529,3.027,2,0,1,0,0,0,0,0,0,0.0,0,http://128.240.93.70/paypal/signin.php,1
65,7,7,42,1,0,0,2,4,3,0,5,0.0769,0.7077,0,1,0,0,0,0,4.7204,2.5216,0,0,0,0,0,0,0,4,0,0.23,0,https://zoom.us/search?q=machine+learning?ref=nav&q=test&id=84815,0
49,20,7,14,3,1,0,1,1,3,0,0,0.0,0.7755,0,0,0,2,0,0,4.5019,3.4087,4,1,1,0,0,0,0,0,0,0.0,0,http://login.paypal.com.top/webscr?cmd=_login-run,1
48,35,6,0,1,3,0,0,0,3,0,0,0.0,0.8333,0,0,0,0,0,1,4.0969,3.7999,2,1,0,1,1,1,1,3,1,0.88,2,http://icici-rewards-points-redemption.icu/claim,1
23,14,1,0,2,0,0,0,0,3,0,0,0.0,0.7391,0,1,0,1,0,0,3.7623,3.182,0,0,0,0,0,0,0,0,0,0.0,0,https://docs.quora.com/,0
40,26,7,0,1,2,0,0,0,3,0,1,0.025,0.8,0,0,0,0,0,1,4.2842,4.1329,3,0,0,0,0,0,0,0,0,0.0,0,http://netfl1x-billing-update.com/signin,1
72,12,28,23,1,2,0,1,3,4,0,5,0.0694,0.7361,0,1,0,0,0,0,4.6352,3.0221,1,0,0,0,0,0,0,0,0,0.0,0,https://facebook.com/help-center/contact-support?ref=nav&q=test&id=65239,0
57,18,7,23,2,0,0,1,3,3,0,5,0.0877,0.7018,0,1,0,1,0,0,4.6289,3.4613,1,0,0,0,0,0,0,0,0,0.0,0,https://app.aliexpress.com/signin?ref=nav&q=test&id=75086,0
49,36,6,0,4,1,0,0,0,3,0,0,0.0,0.8163,0,0,0,3,1,0,4.1792,3.9267,3,1,1,1,1,1,1,11,0,0.79,2,http://appleid.apple.com.verify-identity.tk/login,1
44,17,6,13,2,0,0,1,1,3,0,2,0.0455,0.7727,0,0,0,1,0,0,4.4363,3.4548,0,0,0,0,0,0,0,0,0,0.0,0,http://dev.wikipedia.org/watch?v=dQw4w9WgXcQ,0
40,26,7,0,1,2,0,0,0,3,0,1,0.025,0.8,0,0,0,0,0,1,4.2842,4.1329,3,0,0,1,1,1,1,10,0,0.9,0,http://netfl1x-billing-update.com/signin,1
96,13,30,45,3,0,0,2,5,5,0,6,0.0625,0.7292,0,0,0,2,0,0,4.6043,2.9689,0,0,1,0,0,0,0,2,0,0.35,0,http://api.sbi.co.in/products/category/electronics?page=2&sort=price_asc?ref=nav&q=test&id=19978,0
76,14,30,23,3,0,0,1,3,5,0,5,0.0658,0.7368,0,1,0,1,0,0,4.5483,3.2359,0,0,0,0,0,0,0,0,0,0.0,0,https://mail.quora.com/download/latest/installer.exe?ref=nav&q=test&id=12224,0
39,9,23,0,1,1,0,0,0,4,0,0,0.0,0.8205,0,0,0,0,0,0,3.8517,2.9477,1,0,0,0,0,0,0,2,0,0.22,0,http://apple.com/explore/popular-topics,0
48,19,7,14,3,1,0,1,1,3,0,0,0.0,0.7708,0,0,0,2,0,0,4.5841,3.5766,4,1,1,1,1,1,1,7,1,0.78,1,http://login.paypal.com.tk/webscr?cmd=_login-run,1
50,19,23,0,2,1,0,0,0,4,0,0,0.0,0.84,0,1,0,1,0,0,4.1689,3.5369,1,0,0,0,0,0,0,0,0,0.0,0,https://blog.wellsfargo.com/explore/popular-topics,0
66,22,36,0,2,3,0,0,0,5,0,8,0.1212,0.7121,0,1,0,1,0,0,4.756,3.6635,0,0,0,0,0,0,0,2,0,0.34,0,https://blog.bankofamerica.com/questions/12345678/how-to-fix-error,0
48,15,25,0,2,0,0,0,0,5,0,0,0.0,0.8333,0,1,0,1,0,0,4.1292,2.9232,0,0,0,0,0,0,0,0,0,0.0,0,https://www.twitter.com/user/dashboard/analytics,0
64,15,17,23,2,0,0,1,3,4,0,5,0.0781,0.7188,0,1,0,1,0,0,4.6674,3.1899,0,0,0,0,0,0,0,4,0,0.25,0,https://www.mozilla.org/profile/settings?ref=nav&q=test&id=52863,0
48,9,7,23,1,0,0,1,3,3,0,5,0.1042,0.6667,0,1,0,0,0,0,4.6156,2.9477,1,0,0,1,1,0,0,2,0,0.27,0,https://adobe.com/signin?ref=nav&q=test&id=98133,0
46,26,13,0,1,3,0,0,0,4,0,0,0.0,0.8043,0,0,0,0,0,1,4.2304,3.7962,2,1,0,1,1,1,1,11,1,0.89,1,http://sbi-online-banking-kyc.xyz/retail/login,1
43,11,25,0,2,2,0,0,0,4,0,0,0.0,0.7907,0,0,0,1,0,0,4.1819,3.0958,0,0,0,0,0,0,0,3,0,0.14,0,http://app.nih.gov/about-us/leadership-team,0
38,13,18,0,4,0,0,0,0,4,0,10,0.2632,0.5,1,0,0,2,0,0,4.1003,2.8731,2,0,1,1,1,1,1,12,1,0.91,2,http://177.69.64.128/paypal/signin.php,1
46,14,25,0,4,0,0,0,0,5,0,11,0.2391,0.5435,1,0,0,2,0,0,4.3466,2.7885,2,0,1,0,0,0,0,0,0,0.0,0,http://204.142.73.246/signin/paypal/index.html,1
67,14,22,23,2,1,0,1,3,5,0,6,0.0896,0.6866,0,0,0,1,0,0,4.6662,3.2359,1,0,0,0,0,0,0,0,0,0.0,0,http://blog.apple.com/docs/v2/api-reference?ref=nav&q=test&id=14644,0
27,10,10,0,4,0,0,0,0,3,0,7,0.2593,0.4444,1,0,0,2,0,0,3.8101,2.4464,1,0,0,0,0,0,0,0,0,0.0,0,http://41.1.59.79/login.php,1
51,13,30,0,3,0,0,0,0,5,0,0,0.0,0.8235,0,1,0,1,0,0,3.9485,2.7774,1,0,0,0,0,0,0,0,0,0.0,0,https://app.apple.com/download/latest/installer.exe,0
101,17,30,45,2,0,0,2,5,5,0,6,0.0594,0.7525,0,1,0,1,0,0,4.587,3.4992,1,0,0,0,0,0,0,0,0,0.18,0,https://support.slack.com/products/category/electronics?page=2&sort=price_asc?ref=nav&q=test&id=68362,0
78,17,30,23,3,0,0,1,3,5,0,5,0.0641,0.7436,0,0,0,1,0,0,4.6173,3.3372,1,0,0,0,0,0,0,2,0,0.22,0,http://support.quora.com/download/latest/installer.exe?ref=nav&q=test&id=18963,0
50,37,6,0,4,1,0,0,0,3,0,0,0.0,0.82,0,0,0,3,1,0,4.2142,3.9662,3,1,1,1,1,1,1,10,1,0.79,1,http://appleid.apple.com.verify-identity.fun/login,1
36,11,17,0,2,2,0,0,0,3,0,0,0.0,0.7778,0,1,0,1,0,0,4.0515,3.0958,1,0,0,0,0,0,0,0,0,0.0,0,https://dev.zoom.us/terms-of-service,0
74,14,28,23,2,2,0,1,3,4,0,5,0.0676,0.7297,0,1,0,1,0,0,4.6489,3.3788,1,0,0,0,0,0,0,0,0,0.0,0,https://docs.arxiv.org/help-center/contact-support?ref=nav&q=test&id=80153,0
34,13,14,0,3,0,0,0,0,4,0,10,0.2941,0.4706,1,0,0,2,0,0,4.0575,2.4493,2,0,1,0,0,0,0,0,0,0.0,0,http://85.44.182.181/netflix/login,1
64,20,9,27,2,2,0,1,1,5,0,0,0.0,0.7969,0,0,0,0,0,0,4.2941,3.4842,1,1,0,1,1,1,1,4,0,0.77,1,http://suspicious-site.work/redirect?url=http://victim-login.com,1
40,27,6,0,1,2,0,0,0,3,0,0,0.0,0.825,0,0,0,0,0,1,4.0939,3.6899,4,1,0,0,0,0,0,0,0,0.0,0,http://account-security-update.icu/login,1
50,36,7,0,1,3,0,0,0,3,0,0,0.0,0.84,0,0,0,0,0,1,4.224,3.7527,3,1,0,1,1,1,1,2,0,0.81,2,http://coinbase-account-suspended-notice.tk/verify,1
48,34,7,0,1,3,0,0,0,3,0,0,0.0,0.8333,0,0,0,0,0,1,4.33,3.9987,2,1,0,1,1,1,1,7,0,0.74,1,http://customer-support-helpdesk-agent.ml/verify,1
47,13,27,0,3,2,0,0,0,4,0,10,0.2128,0.5745,1,0,0,2,0,0,4.5646,2.6032,3,0,1,1,1,0,1,2,1,0.93,0,http://95.139.179.12/secure/update-banking-info,1
40,26,7,0,1,2,0,0,0,3,0,1,0.025,0.8,0,0,0,0,0,1,4.2842,4.1329,3,0,0,0,0,0,0,0,0,0.0,0,http://netfl1x-billing-update.com/signin,1
85,25,30,21,2,0,0,1,2,5,0,1,0.0118,0.8353,0,1,0,1,0,0,4.3631,3.8439,1,0,0,0,0,0,0,1,0,0.07,0,https://support.stackoverflow.com/products/category/electronics?page=2&sort=price_asc,0
46,13,7,18,3,0,0,1,1,3,0,0,0.0,0.7826,0,0,0,2,0,0,4.3546,3.1808,0,0,1,0,0,0,0,0,0,0.29,0,http://dev.sbi.co.in/search?q=machine+learning,0
40,15,17,0,2,2,0,0,0,3,0,0,0.0,0.8,0,1,0,1,0,0,4.2776,3.1899,2,0,0,0,0,0,0,4,0,0.15,0,https://blog.amazon.com/terms-of-service,0
50,19,23,0,2,1,0,0,0,4,0,0,0.0,0.84,0,1,0,1,0,0,4.1406,3.7871,0,0,0,0,0,0,0,3,0,0.09,0,https://app.theguardian.com/explore/popular-topics,0
76,17,28,23,2,2,0,1,3,4,0,5,0.0658,0.7368,0,0,0,1,0,0,4.7448,3.6169,1,0,0,0,0,0,0,4,0,0.18,0,http://blog.hdfcbank.com/help-center/contact-support?ref=nav&q=test&id=71583,0
49,35,7,0,1,3,0,0,0,3,0,0,0.0,0.8367,0,0,0,0,0,1,4.3445,4.0144,2,1,0,1,1,1,1,12,1,0.89,2,http://customer-support-helpdesk-agent.cam/verify,1
46,26,13,0,1,3,0,0,0,4,0,0,0.0,0.8043,0,0,0,0,0,1,4.1456,3.6714,2,1,0,0,0,0,0,0,0,0.0,0,http://sbi-online-banking-kyc.icu/retail/login,1
45,17,6,13,2,0,0,1,1,3,0,2,0.0444,0.7778,0,1,0,1,0,0,4.5082,3.4548,1,0,0,0,0,0,0,0,0,0.0,0,https://dev.microsoft.com/watch?v=dQw4w9WgXcQ,0
26,13,6,0,2,0,0,0,0,3,0,0,0.0,0.7692,0,0,0,1,0,0,3.9791,3.2389,1,0,0,0,0,0,0,0,0,0.0,0,http://dev.arxiv.org/login,0
46,14,25,0,4,0,0,0,0,5,0,11,0.2391,0.5435,1,0,0,2,0,0,4.301,2.6385,2,0,1,1,1,0,1,9,0,0.76,2,http://168.150.131.17/signin/paypal/index.html,1
75,21,22,23,2,1,0,1,3,5,0,6,0.08,0.72,0,1,0,1,0,0,4.6072,3.6304,1,0,0,0,0,0,0,2,0,0.33,0,https://support.instagram.com/docs/v2/api-reference?ref=nav&q=test&id=12747,0
66,17,17,23,2,0,0,1,3,4,0,5,0.0758,0.7273,0,1,0,1,0,0,4.6363,3.1019,0,0,0,0,0,0,0,0,0,0.0,0,https://api.icicibank.com/profile/settings?ref=nav&q=test&id=54126,0
80,18,30,23,3,0,0,1,3,5,0,5,0.0625,0.75,0,1,0,1,0,0,4.5828,3.7255,0,0,0,0,0,0,0,0,0,0.0,0,https://blog.pinterest.com/download/latest/installer.exe?ref=nav&q=test&id=72138,0
70,18,6,37,2,0,0,2,4,3,0,7,0.1,0.7,0,1,0,1,0,0,4.8294,3.4613,0,0,0,0,0,0,0,0,0,0.0,0,https://dev.salesforce.com/watch?v=dQw4w9WgXcQ?ref=nav&q=test&id=11475,0
51,29,15,0,1,3,0,0,0,3,0,0,0.0,0.8431,0,0,0,0,0,1,4.2823,3.9783,2,1,0,1,1,1,1,12,0,0.9,2,http://instagram-copyright-appeal.tk/verify-account,1
31,17,6,0,2,0,0,0,0,3,0,0,0.0,0.8065,0,1,0,1,0,0,4.1313,3.4104,1,0,0,0,0,0,0,0,0,0.0,0,https://dev.icicibank.com/login,0
74,15,30,21,2,0,0,1,2,5,0,1,0.0135,0.8108,0,0,0,1,0,0,4.4064,3.5069,0,0,0,0,0,0,0,0,0,0.0,0,http://dev.mozilla.org/products/category/electronics?page=2&sort=price_asc,0
47,27,13,0,1,3,0,0,0,4,0,0,0.0,0.8085,0,0,0,0,0,1,4.1717,3.7821,2,1,0,0,0,0,0,0,0,0.0,0,http://sbi-online-banking-kyc.work/retail/login,1
47,14,7,18,1,0,0,1,1,3,0,0,0.0,0.8298,0,0,0,0,0,0,4.2485,3.2359,0,0,0,0,0,0,0,0,0,0.0,0,http://salesforce.com/search?q=machine+learning,0
42,28,7,0,1,3,0,0,0,3,0,0,0.0,0.8095,0,0,0,0,0,1,4.112,3.8249,3,1,0,0,0,0,0,0,0,0.0,0,http://claim-free-crypto-airdrop.ga/wallet,1
67,18,17,23,2,2,0,1,3,3,0,5,0.0746,0.7164,0,1,0,1,0,0,4.6535,3.6144,2,0,0,0,0,0,0,3,0,0.11,0,https://support.github.com/terms-of-service?ref=nav&q=test&id=75589,0
45,14,23,0,3,1,0,0,0,4,0,0,0.0,0.8,0,1,0,2,0,0,4.092,3.0391,0,0,1,0,0,0,0,0,0,0.0,0,https://blog.sbi.co.in/explore/popular-topics,0
65,17,40,0,2,1,0,0,0,6,0,6,0.0923,0.7538,0,1,0,1,0,0,4.4024,3.3816,1,0,0,0,0,0,0,3,0,0.18,0,https://support.yahoo.com/article/2026/08/technology-breakthrough,0
20,12,1,0,2,0,0,0,0,3,0,0,0.0,0.7,0,0,0,1,0,0,3.6464,3.0221,0,0,0,0,0,0,0,0,0,0.24,0,http://www.bing.com/,0
49,36,6,0,2,2,0,0,0,3,0,0,0.0,0.8367,0,0,0,1,0,1,4.3078,4.0169,4,1,1,1,1,0,1,2,0,0.88,2,http://wellsfargo.banking-access-service.tk/login,1
60,11,17,23,2,0,0,1,3,4,0,5,0.0833,0.7,0,1,0,1,0,0,4.5647,2.914,0,0,0,0,0,0,0,3,0,0.18,0,https://blog.gov.in/profile/settings?ref=nav&q=test&id=49827,0
42,30,5,0,1,3,0,0,0,3,0,0,0.0,0.8095,0,0,0,0,0,1,4.1533,3.9811,3,1,0,0,0,0,0,0,0,0.0,0,http://banking-portal-secure-entry.tk/auth,1
46,34,5,0,1,3,0,0,0,3,0,0,0.0,0.8261,0,0,0,0,0,1,4.284,3.9987,4,1,0,1,1,1,1,2,1,0.69,1,http://secure-wellsfargo-banking-alert.cf/auth,1
43,29,7,0,1,3,0,0,0,3,0,0,0.0,0.814,0,0,0,0,0,1,4.2047,3.9354,3,1,0,1,1,1,1,9,1,0.86,2,http://claim-free-crypto-airdrop.fun/wallet,1
37,12,17,0,2,2,0,0,0,3,0,0,0.0,0.7838,0,1,0,1,0,0,4.1141,2.8554,1,0,0,0,0,0,0,0,0,0.0,0,https://www.imdb.com/terms-of-service,0
39,14,17,0,2,0,0,0,0,4,0,0,0.0,0.8205,0,1,0,1,0,0,3.9736,3.3249,0,0,0,0,0,0,0,3,0,0.27,0,https://blog.twitch.tv/profile/settings,0
73,21,6,37,2,0,0,2,4,3,0,7,0.0959,0.7123,0,1,0,1,0,0,4.9263,3.6897,0,0,0,0,0,0,0,0,0,0.0,0,https://dev.bankofamerica.com/watch?v=dQw4w9WgXcQ?ref=nav&q=test&id=12302,0
48,15,25,0,2,2,0,0,0,4,0,0,0.0,0.8125,0,1,0,1,0,0,4.1654,3.2402,0,0,0,0,0,0,0,0,0,0.0,0,https://api.mozilla.org/about-us/leadership-team,0
69,13,18,30,3,0,0,1,1,4,0,15,0.2174,0.6377,1,0,0,2,0,0,4.7827,2.6032,3,0,0,1,1,0,1,7,1,0.87,2,http://132.157.36.31/auth/verification?token=apn0nx182xfujwealzvwa5er,1
49,34,8,0,1,3,0,0,0,3,0,0,0.0,0.8367,0,0,0,0,0,1,4.1579,3.9369,1,1,0,1,1,1,1,4,1,0.67,2,http://metamask-wallet-recovery-phrase.cf/connect,1
49,37,5,0,1,3,0,0,0,3,0,0,0.0,0.8367,0,0,0,0,0,1,4.2878,3.9927,4,1,0,0,0,0,0,0,0,0.0,0,http://secure-wellsfargo-banking-alert.click/auth,1
33,19,7,0,1,1,0,0,0,3,0,1,0.0303,0.7879,0,0,0,0,0,0,4.165,3.8269,2,0,0,0,0,0,0,0,0,0.0,0,http://paypa1-security.com/webscr,1
50,17,1,23,2,0,0,1,3,3,0,5,0.1,0.66,0,1,0,1,0,0,4.5913,3.4548,0,0,0,0,0,0,0,0,0,0.0,0,https://api.instagram.com/?ref=nav&q=test&id=30754,0
30,17,6,0,1,3,0,0,0,3,0,0,0.0,0.7333,0,0,1,0,0,1,4.2566,3.4548,0,0,0,1,1,1,1,8,1,0.84,1,http://xn--gogle-qqa.com/drive,1
49,31,11,0,1,3,0,0,0,4,0,3,0.0612,0.7551,0,0,0,0,0,1,4.4082,3.9779,4,1,0,1,1,1,1,3,1,0.9,1,http://microsoft-365-password-reset.cf/auth/login,1
47,13,27,0,3,2,0,0,0,4,0,10,0.2128,0.5745,1,0,0,2,0,0,4.5967,2.7193,3,0,1,1,1,1,1,4,1,0.94,1,http://44.81.250.185/secure/update-banking-info,1
73,15,7,42,2,0,0,2,4,3,0,5,0.0685,0.726,0,1,0,1,0,0,4.633,3.0062,0,0,0,0,0,0,0,3,0,0.29,0,https://docs.docker.com/search?q=machine+learning?ref=nav&q=test&id=62669,0
47,13,27,0,3,2,0,0,0,4,0,10,0.2128,0.5745,1,0,0,2,0,0,4.6232,2.8151,3,0,1,1,1,1,1,3,0,0.91,2,http://21.156.187.23/secure/update-banking-info,1
69,13,18,30,3,0,0,1,1,4,0,17,0.2464,0.6087,1,0,0,2,0,0,4.8288,2.8731,3,0,0,1,1,1,1,8,1,0.78,0,http://176.10.52.208/auth/verification?token=3qv6gc29kltafkhk017xevjr,1
78,10,36,23,1,3,0,1,3,5,0,13,0.1667,0.6282,0,1,0,0,0,0,4.8506,2.7219,1,0,0,0,0,0,0,0,0,0.0,0,https://amazon.com/questions/12345678/how-to-fix-error?ref=nav&q=test&id=24662,0
43,29,7,0,1,3,0,0,0,3,0,0,0.0,0.814,0,0,0,0,0,1,4.2047,3.9354,3,1,0,1,1,0,1,9,1,0.65,0,http://claim-free-crypto-airdrop.xyz/wallet,1
46,16,22,0,2,1,0,0,0,5,0,1,0.0217,0.7826,0,1,0,1,0,0,4.363,3.375,0,0,0,0,0,0,0,0,0,0.0,0,https://blog.walmart.com/docs/v2/api-reference,0
70,18,6,37,2,0,0,2,4,3,0,7,0.1,0.7,0,1,0,1,0,0,4.8238,3.128,1,0,0,0,0,0,0,4,0,0.19,0,https://docs.microsoft.com/watch?v=dQw4w9WgXcQ?ref=nav&q=test&id=88610,0
54,16,30,0,3,0,0,0,0,5,0,0,0.0,0.8333,0,1,0,1,0,0,4.1651,3.5,0,0,0,0,0,0,0,0,0,0.12,0,https://mail.youtube.com/download/latest/installer.exe,0
47,13,27,0,3,2,0,0,0,4,0,10,0.2128,0.5745,1,0,0,2,0,0,4.5967,2.7193,3,0,1,0,0,0,0,0,0,0.0,0,http://43.211.91.187/secure/update-banking-info,1
49,20,7,14,3,1,0,1,1,3,0,0,0.0,0.7755,0,0,0,2,0,0,4.5019,3.4087,4,1,1,1,1,1,1,8,1,0.77,0,http://login.paypal.com.top/webscr?cmd=_login-run,1
63,15,40,0,2,1,0,0,0,6,0,6,0.0952,0.746,0,1,0,1,0,0,4.4344,3.1069,0,0,0,0,0,0,0,3,0,0.15,0,https://blog.zomato.com/article/2026/08/technology-breakthrough,0
27,13,6,0,2,0,0,0,0,3,0,0,0.0,0.7778,0,1,0,1,0,0,4.1064,3.2389,1,0,0,1,1,0,0,2,0,0.18,0,https://docs.ebay.com/login,0
52,18,7,18,2,0,0,1,1,3,0,0,0.0,0.8269,0,1,0,1,0,0,4.3681,3.3921,1,0,0,0,0,0,0,2,0,0.15,0,https://www.wellsfargo.com/search?q=machine+learning,0
73,14,30,21,2,0,0,1,2,5,0,1,0.0137,0.8082,0,0,0,1,0,0,4.2992,3.3788,0,0,0,0,0,0,0,4,0,0.12,0,http://api.docker.com/products/category/electronics?page=2&sort=price_asc,0
50,32,11,0,1,3,0,0,0,3,0,0,0.0,0.84,0,0,0,0,0,1,4.2109,3.9056,3,1,0,0,0,0,0,0,0,0.0,0,http://unauthorized-login-detected.buzz/secure-now,1
68,8,30,21,1,0,0,1,2,5,0,1,0.0147,0.8088,0,1,0,0,0,0,4.3416,2.75,0,0,0,0,0,0,0,1,0,0.19,0,https://imdb.com/products/category/electronics?page=2&sort=price_asc,0
47,34,6,0,1,3,0,0,0,3,0,0,0.0,0.8298,0,0,0,0,0,1,4.1334,3.8559,2,1,0,1,1,1,1,10,0,0.72,2,http://icici-rewards-points-redemption.ga/claim,1
48,17,23,0,2,1,0,0,0,4,0,0,0.0,0.8333,0,1,0,1,0,0,3.8525,3.3816,2,0,0,0,0,0,0,0,0,0.0,0,https://support.apple.com/explore/popular-topics,0
50,17,25,0,2,2,0,0,0,4,0,0,0.0,0.82,0,1,0,1,0,0,4.3113,3.6169,0,0,0,0,0,0,0,1,0,0.26,0,https://mail.hdfcbank.com/about-us/leadership-team,0
63,19,9,27,2,2,0,1,1,5,0,0,0.0,0.7937,0,0,0,0,0,0,4.2281,3.0761,1,1,0,0,0,0,0,0,0,0.0,0,http://suspicious-site.sbs/redirect?url=http://victim-login.com,1
35,13,15,0,3,0,0,0,0,4,0,10,0.2857,0.4857,1,0,0,2,0,0,4.1719,2.6612,1,0,1,1,1,1,1,8,1,0.84,0,http://113.27.54.223/banking/online,1
49,20,7,14,3,1,0,1,1,3,0,0,0.0,0.7755,0,0,0,2,0,0,4.6497,3.5842,4,1,1,0,0,0,0,0,0,0.0,0,http://login.paypal.com.xyz/webscr?cmd=_login-run,1
54,15,7,23,2,0,0,1,3,3,0,5,0.0926,0.6852,0,1,0,1,0,0,4.6272,3.0062,1,0,0,1,1,0,0,3,0,0.1,0,https://mail.zomato.com/signin?ref=nav&q=test&id=13537,0
47,35,5,0,1,3,0,0,0,3,0,0,0.0,0.8298,0,0,0,0,0,1,4.2646,4.0716,4,1,0,0,0,0,0,0,0,0.0,0,http://secure-wellsfargo-banking-alert.top/auth,1
50,36,7,0,1,3,0,0,0,3,0,0,0.0,0.84,0,0,0,0,0,1,4.2962,3.8292,3,1,0,1,1,1,1,6,0,0.74,0,http://coinbase-account-suspended-notice.gq/verify,1
54,10,36,0,1,3,0,0,0,5,0,8,0.1481,0.6667,0,1,0,0,0,0,4.6764,2.9219,1,0,0,0,0,0,0,1,0,0.3,0,https://paypal.com/questions/12345678/how-to-fix-error,0
30,17,6,0,1,3,0,0,0,3,0,0,0.0,0.7333,0,0,1,0,0,1,4.2566,3.4548,0,0,0,0,0,0,0,0,0,0.0,0,http://xn--gogle-qqa.com/drive,1
44,15,22,0,2,1,0,0,0,5,0,1,0.0227,0.7727,0,0,0,1,0,0,4.235,3.0062,1,0,0,0,0,0,0,0,0,0.22,0,http://mail.amazon.com/docs/v2/api-reference,0
43,29,7,0,1,3,0,0,0,3,0,0,0.0,0.814,0,0,0,0,0,1,4.2047,3.9354,3,1,0,1,1,1,1,12,1,0.93,1,http://claim-free-crypto-airdrop.fun/wallet,1
46,30,9,0,1,2,0,0,0,3,0,0,0.0,0.8478,0,0,0,0,0,1,4.1478,3.7078,2,1,0,0,0,0,0,0,0,0.0,0,http://binance-kyc-verification.click/security,1
51,7,36,0,1,3,0,0,0,5,0,8,0.1569,0.6471,0,1,0,0,0,0,4.5845,2.2359,0,0,0,0,0,0,0,0,0,0.07,0,https://bbc.com/questions/12345678/how-to-fix-error,0
49,31,11,0,1,3,0,0,0,4,0,3,0.0612,0.7551,0,0,0,0,0,1,4.4082,3.9779,4,1,0,1,1,1,1,2,1,0.88,0,http://microsoft-365-password-reset.cf/auth/login,1
44,29,8,0,1,3,0,0,0,3,0,0,0.0,0.8182,0,0,0,0,0,1,4.2656,3.8833,2,1,0,0,0,0,0,0,0,0.0,0,http://verify-your-identity-now.buzz/confirm,1
51,17,27,0,2,1,0,0,0,7,0,0,0.0,0.7843,0,0,0,0,0,0,4.2327,3.8522,4,1,0,1,1,1,1,8,0,0.7,2,http://portal-service.gq//account/verify//login.php,1
81,13,36,23,2,3,0,1,3,5,0,13,0.1605,0.6296,0,1,0,1,0,0,4.8432,3.0851,1,0,0,0,0,0,0,0,0,0.12,0,https://app.chase.com/questions/12345678/how-to-fix-error?ref=nav&q=test&id=64113,0
29,16,6,0,2,0,0,0,0,3,0,0,0.0,0.7931,0,0,0,1,0,0,3.9783,3.2028,1,0,0,0,0,0,0,0,0,0.0,0,http://app.facebook.com/login,0
56,12,36,0,2,3,0,0,0,5,0,8,0.1429,0.6607,0,1,0,1,0,0,4.662,2.6887,0,0,0,0,0,0,0,0,0,0.0,0,https://blog.bbc.com/questions/12345678/how-to-fix-error,0
54,41,6,0,4,1,0,0,0,3,0,0,0.0,0.8333,0,0,0,3,1,0,4.2094,3.9828,3,1,1,1,1,1,1,11,1,0.82,1,http://appleid.apple.com.verify-identity.monster/login,1
72,14,7,42,2,0,0,2,4,3,0,5,0.0694,0.7222,0,1,0,1,0,0,4.7585,2.8424,0,0,0,0,0,0,0,0,0,0.0,0,https://www.zomato.com/search?q=machine+learning?ref=nav&q=test&id=64539,0
54,41,6,0,2,2,0,0,0,3,0,0,0.0,0.8519,0,0,0,1,0,1,4.3102,4.0347,4,1,1,0,0,0,0,0,0,0.0,0,http://wellsfargo.banking-access-service.monster/login,1
61,13,40,0,1,1,0,0,0,6,0,6,0.0984,0.7541,0,1,0,0,0,0,4.3975,3.3927,0,0,0,0,0,0,0,0,0,0.1,0,https://pinterest.com/article/2026/08/technology-breakthrough,0
52,37,7,0,4,1,0,0,0,3,0,0,0.0,0.8269,0,1,0,3,1,0,4.2273,3.8819,3,1,1,0,0,0,0,0,0,0.0,0,https://appleid.apple.com.account-recovery.cf/verify,1
84,12,40,23,2,1,0,1,3,6,0,11,0.131,0.6786,0,1,0,1,0,0,4.8647,3.2516,0,0,0,0,0,0,0,0,0,0.0,0,https://dev.ebay.com/article/2026/08/technology-breakthrough?ref=nav&q=test&id=35635,0
50,37,6,0,4,1,0,0,0,3,0,0,0.0,0.82,0,0,0,3,1,0,4.2693,4.0203,3,1,1,1,1,1,1,6,1,0.67,0,http://appleid.apple.com.verify-identity.sbs/login,1
70,13,7,42,2,0,0,2,4,3,0,5,0.0714,0.7143,0,0,0,1,0,0,4.6457,3.0851,0,0,0,0,0,0,0,4,0,0.05,0,http://api.arxiv.org/search?q=machine+learning?ref=nav&q=test&id=38723,0
43,29,7,0,1,3,0,0,0,3,0,0,0.0,0.814,0,0,0,0,0,1,4.2047,3.9354,3,1,0,0,0,0,0,0,0,0.0,0,http://claim-free-crypto-airdrop.xyz/wallet,1
44,28,9,0,1,2,0,0,0,3,0,0,0.0,0.8409,0,0,0,0,0,1,4.1613,3.7804,2,1,0,1,1,0,1,12,1,0.85,1,http://binance-kyc-verification.fun/security,1
78,19,30,21,2,0,0,1,2,5,0,1,0.0128,0.8205,0,0,0,1,0,0,4.2813,3.6163,1,0,0,0,0,0,0,0,0,0.0,0,http://support.nytimes.com/products/category/electronics?page=2&sort=price_asc,0
54,34,13,0,1,3,0,0,0,4,0,0,0.0,0.8333,0,0,0,0,0,1,4.3868,4.1751,3,1,0,0,0,0,0,0,0,0.0,0,http://hdfc-netbanking-customer-care.buzz/secure/login,1
33,19,7,0,1,1,0,0,0,3,0,1,0.0303,0.7879,0,0,0,0,0,0,4.165,3.8269,2,0,0,1,1,1,1,11,0,0.81,2,http://paypa1-security.com/webscr,1
56,35,14,0,2,2,0,0,0,4,0,0,0.0,0.8393,0,0,0,1,0,1,4.2984,4.0687,5,1,0,0,0,0,0,0,0,0.0,0,http://secure.netflix-payment-update.click/account/login,1
47,22,17,0,2,0,0,0,0,4,0,0,0.0,0.8511,0,1,0,1,0,0,3.9507,3.4251,0,0,0,0,0,0,0,0,0,0.0,0,https://mail.geeksforgeeks.org/profile/settings,0
51,18,1,23,2,0,0,1,3,3,0,5,0.098,0.6667,0,1,0,1,0,0,4.5692,3.5033,0,0,0,0,0,0,0,0,0,0.0,0,https://api.salesforce.com/?ref=nav&q=test&id=85645,0
36,22,7,0,2,0,0,0,0,3,0,0,0.0,0.8333,0,0,0,1,0,0,4.1972,3.6978,2,0,0,1,1,0,0,0,0,0.24,0,http://support.cloudflare.com/signin,0
46,22,17,0,2,0,0,0,0,4,0,0,0.0,0.8478,0,0,0,1,0,0,4.0024,3.5726,1,0,0,0,0,0,0,0,0,0.0,0,http://support.salesforce.com/profile/settings,0
34,20,7,0,1,3,0,0,0,3,0,1,0.0294,0.7353,0,0,1,0,0,1,4.1163,3.6464,1,0,0,0,0,0,0,0,0,0.0,0,http://xn--mcrosoft-p1a.com/update,1
76,18,7,42,2,0,0,2,4,3,0,5,0.0658,0.7368,0,1,0,1,0,0,4.6231,3.4613,0,0,0,0,0,0,0,0,0,0.0,0,https://dev.salesforce.com/search?q=machine+learning?ref=nav&q=test&id=31237,0
55,19,28,0,2,2,0,0,0,4,0,0,0.0,0.8364,0,1,0,1,0,0,4.1855,3.5766,2,0,0,0,0,0,0,0,0,0.0,0,https://mail.wellsfargo.com/help-center/contact-support,0
25,18,0,0,2,0,0,0,0,2,0,0,0.0,0.8,0,0,0,1,0,0,3.7533,3.4613,2,0,0,0,0,0,0,0,0,0.0,0,http://support.amazon.com,0
55,21,7,18,2,0,0,1,1,3,0,0,0.0,0.8364,0,1,0,1,0,0,4.354,3.6538,1,0,0,0,0,0,0,0,0,0.0,0,https://support.icicibank.com/search?q=machine+learning,0
65,14,6,36,2,0,0,2,4,3,0,6,0.0923,0.6923,0,1,0,1,0,0,4.7339,3.0391,1,0,0,0,0,0,0,3,0,0.18,0,https://docs.chase.com/watch?v=dQw4w9WgXcQ?ref=nav&q=test&id=7676,0
73,16,25,23,2,2,0,1,3,4,0,5,0.0685,0.726,0,1,0,1,0,0,4.7255,3.5,0,0,0,0,0,0,0,0,0,0.0,0,https://app.hdfcbank.com/about-us/leadership-team?ref=nav&q=test&id=93606,0
44,12,1,22,1,0,0,1,3,3,0,4,0.0909,0.6591,0,1,0,0,0,0,4.6069,3.4183,0,0,0,0,0,0,0,0,0,0.0,0,https://hdfcbank.com/?ref=nav&q=test&id=4822,0
36,21,7,0,2,0,0,0,0,3,0,0,0.0,0.8333,0,1,0,1,0,0,3.8292,3.3447,3,0,0,1,1,0,0,4,0,0.13,0,https://support.microsoft.com/signin,0
45,13,25,0,4,0,0,0,0,5,0,10,0.2222,0.5556,1,0,0,2,0,0,4.3223,2.7193,2,0,1,0,0,0,0,0,0,0.0,0,http://43.22.192.250/signin/paypal/index.html,1
47,9,6,23,1,0,0,1,3,3,0,5,0.1064,0.6596,0,1,0,0,0,0,4.7244,2.9477,1,0,0,0,0,0,0,0,0,0.0,0,https://adobe.com/login?ref=nav&q=test&id=52014,0
63,19,9,27,2,2,0,1,1,5,0,0,0.0,0.7937,0,0,0,0,0,0,4.2641,3.3264,1,1,0,0,0,0,0,0,0,0.0,0,http://suspicious-site.fun/redirect?url=http://victim-login.com,1
56,13,36,0,2,3,0,0,0,5,0,8,0.1429,0.6607,0,0,0,1,0,0,4.5596,3.027,0,0,0,0,0,0,0,0,0,0.0,0,http://www.quora.com/questions/12345678/how-to-fix-error,0
35,13,15,0,3,0,0,0,0,4,0,10,0.2857,0.4857,1,0,0,2,0,0,4.3077,3.027,1,0,1,0,0,0,0,0,0,0.0,0,http://157.249.3.107/banking/online,1
50,37,6,0,4,1,0,0,0,3,0,0,0.0,0.82,0,0,0,3,1,0,4.2693,4.0203,3,1,1,1,1,1,1,6,0,0.79,2,http://appleid.apple.com.verify-identity.sbs/login,1
51,17,7,18,2,0,0,1,1,3,0,0,0.0,0.8235,0,1,0,1,0,0,4.3344,3.2928,0,0,0,0,0,0,0,4,0,0.1,0,https://app.wikipedia.org/search?q=machine+learning,0
48,15,26,0,2,1,0,0,0,6,0,0,0.0,0.7708,0,0,0,0,0,0,4.1969,3.5069,3,1,1,0,0,0,0,0,0,0.0,0,http://auth-check.work/https://paypal.com/signin,1
77,15,30,23,3,0,0,1,3,5,0,5,0.0649,0.7403,0,1,0,1,0,0,4.5796,3.2402,0,0,0,0,0,0,0,0,0,0.0,0,https://mail.gitlab.com/download/latest/installer.exe?ref=nav&q=test&id=22076,0
63,17,38,0,2,1,0,0,0,6,0,0,0.0,0.8413,0,1,0,1,0,0,4.0176,3.4548,0,0,0,0,0,0,0,2,0,0.08,0,https://www.pinterest.com/repos/organization/repo-name/releases,0
53,15,30,0,3,0,0,0,0,5,0,0,0.0,0.8302,0,1,0,1,0,0,4.0042,3.3736,0,0,0,0,0,0,0,2,0,0.06,0,https://mail.reddit.com/download/latest/installer.exe,0
73,17,25,23,2,2,0,1,3,4,0,5,0.0685,0.726,0,0,0,1,0,0,4.6845,3.3372,1,0,0,0,0,0,0,0,0,0.0,0,http://app.microsoft.com/about-us/leadership-team?ref=nav&q=test&id=43125,0
81,14,36,23,2,3,0,1,3,5,0,13,0.1605,0.6296,0,0,0,1,0,0,4.8905,3.182,1,0,0,0,0,0,0,1,0,0.19,0,http://api.google.com/questions/12345678/how-to-fix-error?ref=nav&q=test&id=11345,0
63,19,9,27,2,2,0,1,1,5,0,0,0.0,0.7937,0,0,0,0,0,0,4.2463,3.3661,1,1,0,0,0,0,0,0,0,0.0,0,http://suspicious-site.cam/redirect?url=http://victim-login.com,1
24,16,0,0,2,0,0,0,0,2,0,0,0.0,0.7917,0,1,0,1,0,0,3.9702,3.5,0,0,0,0,0,0,0,0,0,0.0,0,https://mail.youtube.com,0
98,14,30,45,2,0,0,2,5,5,0,6,0.0612,0.7449,0,1,0,1,0,0,4.6098,2.8963,1,0,0,0,0,0,0,0,0,0.27,0,https://app.amazon.com/products/category/electronics?page=2&sort=price_asc?ref=nav&q=test&id=53572,0
49,35,7,0,1,3,0,0,0,3,0,0,0.0,0.8367,0,0,0,0,0,1,4.2903,3.9929,5,1,0,0,0,0,0,0,0,0.0,0,http://paypal-account-security-update.work/verify,1
45,13,25,0,4,0,0,0,0,5,0,10,0.2222,0.5556,1,0,0,2,0,0,4.35,2.8151,2,0,1,1,1,1,1,12,1,0.75,2,http://164.198.175.6/signin/paypal/index.html,1
40,15,17,0,2,0,0,0,0,4,0,0,0.0,0.825,0,1,0,1,0,0,4.0939,3.6402,1,0,0,0,0,0,0,4,0,0.12,0,https://dev.netflix.com/profile/settings,0
46,13,1,23,2,0,0,1,3,3,0,5,0.1087,0.6304,0,1,0,1,0,0,4.6482,3.2389,0,0,0,0,0,0,0,0,0,0.0,0,https://docs.bing.com/?ref=nav&q=test&id=92644,0
45,31,7,0,1,3,0,0,0,3,0,0,0.0,0.8222,0,0,0,0,0,1,4.1023,3.8087,3,1,0,0,0,0,0,0,0,0.0,0,http://claim-free-crypto-airdrop.click/wallet,1
61,13,40,0,2,1,0,0,0,6,0,6,0.0984,0.7377,0,1,0,1,0,0,4.5046,3.2389,0,0,0,0,0,0,0,0,0,0.0,0,https://docs.bing.com/article/2026/08/technology-breakthrough,0
54,39,8,0,1,3,0,0,0,3,0,0,0.0,0.8519,0,0,0,0,0,1,4.08,3.8872,1,1,0,1,1,1,1,7,0,0.92,1,http://metamask-wallet-recovery-phrase.monster/connect,1
40,26,7,0,1,2,0,0,0,3,0,1,0.025,0.8,0,0,0,0,0,1,4.2842,4.1329,3,0,0,1,1,1,1,6,1,0.9,0,http://netfl1x-billing-update.com/signin,1
76,36,5,27,1,3,0,1,1,3,0,10,0.1316,0.7368,0,0,0,0,0,1,4.8629,3.9512,1,1,0,0,0,0,0,0,0,0.0,0,http://google-drive-shared-document.monster/view?id=0t776vfcaqd12ar6b0s9i5xm,1
46,13,7,18,2,0,0,1,1,3,0,0,0.0,0.8043,0,0,0,1,0,0,4.3196,3.2389,1,0,0,0,0,0,0,1,0,0.1,0,http://dev.apple.com/search?q=machine+learning,0
48,30,11,0,1,3,0,0,0,3,0,0,0.0,0.8333,0,0,0,0,0,1,4.2173,3.9232,3,1,0,0,0,0,0,0,0,0.0,0,http://unauthorized-login-detected.ml/secure-now,1
91,19,40,23,2,1,0,1,3,6,0,11,0.1209,0.7033,0,1,0,1,0,0,4.8961,3.5766,0,0,0,0,0,0,0,0,0,0.0,0,https://docs.aliexpress.com/article/2026/08/technology-breakthrough?ref=nav&q=test&id=12945,0
51,29,15,0,1,3,0,0,0,3,0,0,0.0,0.8431,0,0,0,0,0,1,4.2823,3.9783,2,1,0,0,0,0,0,0,0,0.0,0,http://instagram-copyright-appeal.tk/verify-account,1
43,28,8,0,1,3,0,0,0,3,0,0,0.0,0.814,0,0,0,0,0,1,4.1116,3.6995,2,1,0,1,1,1,1,8,1,0.73,2,http://verify-your-identity-now.fun/confirm,1
38,13,18,0,4,0,0,0,0,4,0,10,0.2632,0.5,1,0,0,2,0,0,4.0477,2.7193,2,0,1,0,0,0,0,0,0,0.0,0,http://59.93.238.211/paypal/signin.php,1
90,18,40,23,2,1,0,1,3,6,0,12,0.1333,0.6889,0,1,0,1,0,0,4.8985,3.3502,0,0,0,0,0,0,0,1,0,0.31,0,https://mail.w3schools.com/article/2026/08/technology-breakthrough?ref=nav&q=test&id=65958,0
59,11,17,23,2,2,0,1,3,3,0,5,0.0847,0.678,0,0,0,1,0,0,4.5393,2.7322,1,0,0,0,0,0,0,3,0,0.12,0,http://app.cnn.com/terms-of-service?ref=nav&q=test&id=66096,0
44,28,9,0,1,2,0,0,0,3,0,0,0.0,0.8409,0,0,0,0,0,1,4.1813,3.7534,2,1,0,0,0,0,0,0,0,0.0,0,http://binance-kyc-verification.cam/security,1
97,13,30,45,2,0,0,2,5,5,0,6,0.0619,0.7423,0,1,0,1,0,0,4.6054,3.027,0,0,0,0,0,0,0,0,0,0.0,0,https://app.twitch.tv/products/category/electronics?page=2&sort=price_asc?ref=nav&q=test&id=86039,0
43,29,7,0,1,3,0,0,0,3,0,0,0.0,0.814,0,0,0,0,0,1,4.2047,3.9354,3,1,0,1,1,1,1,9,1,0.65,2,http://claim-free-crypto-airdrop.xyz/wallet,1
50,35,8,0,1,3,0,0,0,3,0,0,0.0,0.84,0,0,0,0,0,1,4.0929,3.8757,1,1,0,0,0,0,0,0,0,0.0,0,http://metamask-wallet-recovery-phrase.top/connect,1
72,14,7,42,2,0,0,2,4,3,0,5,0.0694,0.7222,0,1,0,1,0,0,4.687,3.182,0,0,0,0,0,0,0,0,0,0.0,0,https://dev.zomato.com/search?q=machine+learning?ref=nav&q=test&id=52114,0
37,15,15,0,3,0,0,0,0,4,0,12,0.3243,0.4595,1,0,0,2,0,0,4.1008,2.5056,1,0,1,1,1,1,1,8,1,0.73,2,http://145.250.254.214/banking/online,1
41,28,6,0,1,2,0,0,0,3,0,0,0.0,0.8293,0,0,0,0,0,1,4.269,3.9408,4,1,0,1,1,1,1,9,1,0.78,2,http://account-security-update.work/login,1
49,11,30,0,3,0,0,0,0,5,0,0,0.0,0.8163,0,1,0,1,0,0,4.0588,3.0958,0,0,0,0,0,0,0,2,0,0.15,0,https://docs.gov.in/download/latest/installer.exe,0
51,14,30,0,3,0,0,0,0,5,0,0,0.0,0.8235,0,0,0,1,0,0,4.0829,3.3788,1,0,0,0,0,0,0,0,0,0.0,0,http://dev.paypal.com/download/latest/installer.exe,0
44,30,7,0,1,3,0,0,0,3,0,0,0.0,0.8182,0,0,0,0,0,1,4.2656,4.0151,3,1,0,1,1,1,1,4,1,0.73,0,http://claim-free-crypto-airdrop.buzz/wallet,1
47,15,25,0,4,0,0,0,0,5,0,12,0.2553,0.5319,1,0,0,2,0,0,4.3497,2.7899,2,0,1,0,0,0,0,0,0,0.0,0,http://199.106.152.146/signin/paypal/index.html,1
35,13,15,0,3,0,0,0,0,4,0,10,0.2857,0.4857,1,0,0,2,0,0,4.1363,2.5654,1,0,1,1,1,1,1,2,0,0.95,2,http://172.22.204.19/banking/online,1
39,14,17,0,2,2,0,0,0,3,0,0,0.0,0.7949,0,1,0,1,0,0,4.0385,2.9502,1,0,0,0,0,0,0,0,0,0.0,0,https://docs.yahoo.com/terms-of-service,0
43,29,7,0,1,2,0,0,0,3,0,0,0.0,0.8372,0,0,0,0,0,1,4.2863,4.0733,4,1,0,1,1,0,1,12,1,0.69,0,http://paypal-account-verify.monster/signin,1
52,18,27,0,2,1,0,0,0,7,0,0,0.0,0.7885,0,0,0,0,0,0,4.197,3.9477,4,1,0,0,0,0,0,0,0,0.0,0,http://portal-service.fun//account/verify//login.php,1
45,15,22,0,2,1,0,0,0,5,0,1,0.0222,0.7778,0,1,0,1,0,0,4.3391,3.2402,0,0,0,0,0,0,0,4,0,0.24,0,https://blog.gitlab.com/docs/v2/api-reference,0
44,12,25,0,4,0,0,0,0,5,0,9,0.2045,0.5682,1,0,0,2,0,0,4.3088,2.6887,2,0,1,1,1,1,1,4,0,0.65,1,http://49.73.110.40/signin/paypal/index.html,1
75,14,30,23,2,0,0,1,3,5,0,5,0.0667,0.7467,0,0,0,0,0,0,4.6148,3.3249,0,0,0,0,0,0,0,2,0,0.34,0,http://huggingface.co/download/latest/installer.exe?ref=nav&q=test&id=35065,0
61,9,6,37,2,0,0,2,4,3,0,7,0.1148,0.6557,0,1,0,1,0,0,4.8261,2.7255,0,0,1,0,0,0,0,0,0,0.17,0,https://sbi.co.in/watch?v=dQw4w9WgXcQ?ref=nav&q=test&id=73719,0
35,13,15,0,3,0,0,0,0,4,0,10,0.2857,0.4857,1,0,0,2,0,0,4.229,2.8151,1,0,1,1,1,1,1,7,0,0.92,1,http://68.21.192.130/banking/online,1
57,21,28,0,2,2,0,0,0,4,0,0,0.0,0.8421,0,1,0,1,0,0,4.0736,3.3088,1,0,0,0,0,0,0,2,0,0.15,0,https://api.geeksforgeeks.org/help-center/contact-support,0
77,16,30,23,3,0,0,1,3,5,0,5,0.0649,0.7403,0,0,0,1,0,0,4.6128,3.3278,0,0,0,0,0,0,0,0,0,0.0,0,http://docs.spotify.com/download/latest/installer.exe?ref=nav&q=test&id=92364,0
47,14,26,0,2,1,0,0,0,6,0,0,0.0,0.766,0,0,0,0,0,0,4.0518,3.182,3,1,1,1,1,1,1,5,1,0.77,2,http://auth-check.icu/https://paypal.com/signin,1
50,32,11,0,1,3,0,0,0,3,0,0,0.0,0.84,0,0,0,0,0,1,4.2109,3.9917,3,1,0,0,0,0,0,0,0,0.0,0,http://unauthorized-login-detected.work/secure-now,1
49,35,7,0,1,3,0,0,0,3,0,0,0.0,0.8367,0,0,0,0,0,1,4.3291,4.05,2,1,0,1,1,1,1,9,1,0.84,0,http://customer-support-helpdesk-agent.icu/verify,1
37,15,15,0,3,0,0,0,0,4,0,12,0.3243,0.4595,1,0,0,2,0,0,4.1957,2.7396,1,0,1,1,1,1,1,5,1,0.66,0,http://140.252.157.240/banking/online,1
30,16,6,0,2,0,0,0,0,3,0,0,0.0,0.8,0,1,0,1,0,0,3.9899,3.4528,1,0,0,1,1,0,0,4,0,0.07,0,https://app.flipkart.com/login,0
40,15,17,0,2,2,0,0,0,3,0,0,0.0,0.8,0,1,0,1,0,0,4.0062,3.3736,1,0,0,0,0,0,0,0,0,0.0,0,https://docs.target.com/terms-of-service,0
58,15,36,0,2,3,0,0,0,5,0,8,0.1379,0.6724,0,0,0,1,0,0,4.4591,3.0566,1,0,0,0,0,0,0,0,0,0.0,0,http://support.zoom.us/questions/12345678/how-to-fix-error,0
47,34,6,0,1,3,0,0,0,3,0,0,0.0,0.8298,0,0,0,0,0,1,4.0909,3.8559,2,1,0,0,0,0,0,0,0,0.0,0,http://icici-rewards-points-redemption.ml/claim,1
37,12,18,0,4,0,0,0,0,4,0,9,0.2432,0.5135,1,0,0,2,0,0,3.9564,2.4591,2,0,1,1,1,1,1,2,1,0.7,1,http://52.158.101.2/paypal/signin.php,1
64,18,38,0,2,1,0,0,0,6,0,0,0.0,0.8438,0,1,0,1,0,0,4.1169,3.3921,1,0,0,0,0,0,0,2,0,0.13,0,https://www.wellsfargo.com/repos/organization/repo-name/releases,0
49,36,6,0,2,2,0,0,0,3,0,0,0.0,0.8367,0,0,0,1,0,1,4.3386,3.9959,4,1,1,1,1,1,1,6,1,0.88,1,http://wellsfargo.banking-access-service.gq/login,1
40,16,17,0,2,2,0,0,0,3,0,0,0.0,0.8,0,0,0,1,0,0,4.2464,3.5,1,0,0,0,0,0,0,1,0,0.2,0,http://app.linkedin.com/terms-of-service,0
22,13,1,0,3,0,0,0,0,3,0,0,0.0,0.6818,0,1,0,2,0,0,3.5383,2.9689,0,0,1,0,0,0,0,0,0,0.0,0,https://api.sbi.co.in/,0
57,21,28,0,2,2,0,0,0,4,0,0,0.0,0.8421,0,1,0,1,0,0,3.8584,3.4633,1,0,0,0,0,0,0,0,0,0.0,0,https://support.pinterest.com/help-center/contact-support,0
42,28,7,0,1,2,0,0,0,3,0,0,0.0,0.8333,0,0,0,0,0,1,4.0033,3.7359,0,1,0,1,1,1,1,2,0,0.67,1,http://immediate-action-required.cf/notice,1
49,36,6,0,1,3,0,0,0,3,0,0,0.0,0.8367,0,0,0,0,0,1,4.267,4.0067,2,1,0,0,0,0,0,0,0,0.0,0,http://icici-rewards-points-redemption.buzz/claim,1
40,26,7,0,1,2,0,0,0,3,0,1,0.025,0.8,0,0,0,0,0,1,4.2842,4.1329,3,0,0,1,1,1,1,2,0,0.78,0,http://netfl1x-billing-update.com/signin,1
52,15,30,0,3,0,0,0,0,5,0,0,0.0,0.8269,0,0,0,1,0,0,3.9486,2.9232,0,0,0,0,0,0,0,0,0,0.0,0,http://www.twitter.com/download/latest/installer.exe,0
46,10,28,0,1,2,0,0,0,4,0,0,0.0,0.8261,0,1,0,0,0,0,3.882,3.1219,1,0,0,0,0,0,0,0,0,0.08,0,https://target.com/help-center/contact-support,0
54,17,30,0,3,0,0,0,0,5,0,0,0.0,0.8333,0,0,0,1,0,0,4.0929,3.4548,0,0,0,0,0,0,0,0,0,0.0,0,http://www.instagram.com/download/latest/installer.exe,0
49,15,7,18,2,0,0,1,1,3,0,0,0.0,0.8163,0,1,0,1,0,0,4.2978,3.3736,0,0,0,0,0,0,0,0,0,0.0,0,https://blog.target.com/search?q=machine+learning,0
72,32,5,27,1,3,0,1,1,3,0,5,0.0694,0.7917,0,0,0,0,0,1,4.8429,4.1792,1,1,0,0,0,0,0,0,0,0.0,0,http://google-drive-shared-document.xyz/view?id=xs9h0vj9z9ic7hwqaeykzuja,1
43,27,9,0,1,2,0,0,0,3,0,0,0.0,0.8372,0,0,0,0,0,1,4.2023,3.7821,2,1,0,0,0,0,0,0,0,0.0,0,http://binance-kyc-verification.ga/security,1
18,10,0,0,1,0,0,0,0,2,0,0,0.0,0.7778,0,1,0,0,0,0,3.5724,2.9219,1,0,0,0,0,0,0,0,0,0.0,0,https://paypal.com,0
72,14,7,42,2,0,0,2,4,3,0,5,0.0694,0.7222,0,1,0,1,0,0,4.7052,3.5216,0,0,0,0,0,0,0,1,0,0.33,0,https://api.github.com/search?q=machine+learning?ref=nav&q=test&id=48308,0
71,31,5,27,1,3,0,1,1,3,0,4,0.0563,0.8028,0,0,0,0,0,1,4.6505,4.0424,1,1,0,0,0,0,0,0,0,0.0,0,http://google-drive-shared-document.tk/view?id=egs4xxmp9t01veddycgvantp,1
54,39,7,0,4,1,0,0,0,3,0,0,0.0,0.8333,0,1,0,3,1,0,4.32,3.9646,3,1,1,1,1,0,0,12,1,0.72,0,https://appleid.apple.com.account-recovery.work/verify,1
48,14,27,0,3,2,0,0,0,4,0,11,0.2292,0.5625,1,0,0,2,0,0,4.5637,2.6106,3,0,1,1,1,0,1,6,0,0.82,2,http://196.79.115.100/secure/update-banking-info,1
39,14,18,0,4,0,0,0,0,4,0,11,0.2821,0.4872,1,0,0,2,0,0,3.9208,2.3527,2,0,1,1,1,0,1,3,1,0.77,2,http://54.214.229.229/paypal/signin.php,1
40,15,17,0,2,0,0,0,0,4,0,0,0.0,0.825,0,1,0,1,0,0,4.1939,3.5069,0,0,0,0,0,0,0,0,0,0.0,0,https://dev.walmart.com/profile/settings,0
33,19,7,0,1,1,0,0,0,3,0,1,0.0303,0.7879,0,0,0,0,0,0,4.165,3.8269,2,0,0,1,1,1,1,6,1,0.81,2,http://paypa1-security.com/webscr,1
53,19,27,0,2,1,0,0,0,7,0,0,0.0,0.7925,0,0,0,0,0,0,4.2578,3.7871,4,1,0,1,1,0,1,4,1,0.74,2,http://portal-service.work//account/verify//login.php,1
76,16,30,21,2,0,0,1,2,5,0,1,0.0132,0.8158,0,1,0,1,0,0,4.3675,3.625,1,0,0,0,0,0,0,0,0,0.0,0,https://docs.netflix.com/products/category/electronics?page=2&sort=price_asc,0
54,33,14,0,2,2,0,0,0,4,0,0,0.0,0.8333,0,0,0,1,0,1,4.3449,4.0637,5,1,0,0,0,0,0,0,0,0.0,0,http://secure.netflix-payment-update.xyz/account/login,1
40,26,7,0,1,2,0,0,0,3,0,1,0.025,0.8,0,0,0,0,0,1,4.2842,4.1329,3,0,0,0,0,0,0,0,0,0.0,0,http://netfl1x-billing-update.com/signin,1
23,15,0,0,2,0,0,0,0,2,0,0,0.0,0.7826,0,1,0,1,0,0,3.969,3.3232,0,0,0,0,0,0,0,0,0,0.0,0,https://blog.medium.com,0
51,18,7,18,2,0,0,1,1,3,0,0,0.0,0.8235,0,0,0,1,0,0,4.2508,3.4613,0,0,0,0,0,0,0,0,0,0.24,0,http://app.aliexpress.com/search?q=machine+learning,0
21,13,1,0,2,0,0,0,0,3,0,0,0.0,0.7143,0,0,0,1,0,0,3.6538,3.027,0,0,0,0,0,0,0,0,0,0.0,0,http://www.slack.com/,0
50,35,8,0,1,3,0,0,0,3,0,0,0.0,0.84,0,0,0,0,0,1,4.0889,3.8297,1,1,0,0,0,0,0,0,0,0.0,0,http://metamask-wallet-recovery-phrase.cam/connect,1
52,23,22,0,1,3,0,0,0,4,0,0,0.0,0.8269,0,0,0,0,0,1,4.1491,3.6753,4,1,0,1,1,1,1,9,1,0.71,2,http://chase-security-alert.cf/auth/confirm-identity,1
77,22,23,23,2,1,0,1,3,4,0,5,0.0649,0.7532,0,1,0,1,0,0,4.705,3.6978,0,0,0,0,0,0,0,0,0,0.0,0,https://docs.stackoverflow.com/explore/popular-topics?ref=nav&q=test&id=91703,0
40,11,22,0,2,1,0,0,0,5,0,1,0.025,0.75,0,0,0,1,0,0,4.2439,3.0958,0,0,0,0,0,0,0,0,0,0.0,0,http://api.zoom.us/docs/v2/api-reference,0
67,10,7,42,2,0,0,2,4,3,0,5,0.0746,0.7015,0,0,0,1,0,0,4.6894,2.6464,0,0,0,0,0,0,0,0,0,0.0,0,http://www.gov.in/search?q=machine+learning?ref=nav&q=test&id=65990,0
46,13,26,0,2,1,0,0,0,6,0,0,0.0,0.7609,0,0,0,0,0,0,4.0915,3.1808,3,1,1,0,0,0,0,0,0,0.0,0,http://auth-check.cf/https://paypal.com/signin,1
48,13,28,0,2,2,0,0,0,4,0,0,0.0,0.8125,0,0,0,1,0,0,4.0459,3.2389,1,0,0,0,0,0,0,0,0,0.0,0,http://api.adobe.com/help-center/contact-support,0
47,15,0,23,2,0,0,1,3,2,0,5,0.1064,0.6596,0,1,0,1,0,0,4.5785,3.0566,1,0,0,0,0,0,0,4,0,0.28,0,https://support.zoom.us?ref=nav&q=test&id=74512,0
81,14,36,22,1,3,0,1,3,5,0,12,0.1481,0.6543,0,1,0,0,0,0,4.7962,3.2359,0,0,0,0,0,0,0,4,0,0.34,0,https://salesforce.com/questions/12345678/how-to-fix-error?ref=nav&q=test&id=2283,0
45,33,5,0,1,3,0,0,0,3,0,0,0.0,0.8222,0,0,0,0,0,1,4.2275,4.0209,3,1,0,0,0,0,0,0,0,0.0,0,http://banking-portal-secure-entry.click/auth,1
51,17,27,0,2,1,0,0,0,7,0,0,0.0,0.7843,0,0,0,0,0,0,4.1787,3.7345,4,1,0,0,0,0,0,0,0,0.0,0,http://portal-service.ga//account/verify//login.php,1
38,24,7,0,1,2,0,0,0,3,0,0,0.0,0.8158,0,0,0,0,0,1,4.2539,3.9702,4,1,0,0,0,0,0,0,0,0.0,0,http://paypal-account-verify.tk/signin,1
72,32,5,27,1,3,0,1,1,3,0,10,0.1389,0.7222,0,0,0,0,0,1,4.9038,4.1792,1,1,0,1,1,0,1,4,1,0.78,2,http://google-drive-shared-document.xyz/view?id=nrzw3j7sk76bj62lv777al4e,1
69,13,18,30,3,0,0,1,1,4,0,13,0.1884,0.6667,1,0,0,2,0,0,4.8616,2.6612,3,0,0,0,0,0,0,0,0,0.0,0,http://21.218.95.169/auth/verification?token=vqdnytqx38lwo2yjdqhpigor,1
41,28,6,0,1,2,0,0,0,3,0,0,0.0,0.8293,0,0,0,0,0,1,4.2571,3.8963,4,1,0,1,1,0,1,2,0,0.88,0,http://account-security-update.buzz/login,1
53,33,13,0,1,3,0,0,0,4,0,0,0.0,0.8302,0,0,0,0,0,1,4.4615,4.2862,3,1,0,0,0,0,0,0,0,0.0,0,http://hdfc-netbanking-customer-care.xyz/secure/login,1
23,14,1,0,2,0,0,0,0,3,0,0,0.0,0.7391,0,1,0,1,0,0,3.6425,3.0391,0,0,0,0,0,0,0,4,0,0.11,0,https://docs.slack.com/,0
48,30,11,0,1,3,0,0,0,3,0,0,0.0,0.8333,0,0,0,0,0,1,4.2173,3.9232,3,1,0,0,0,0,0,0,0,0.0,0,http://unauthorized-login-detected.gq/secure-now,1
57,28,22,0,1,3,0,0,0,4,0,0,0.0,0.8421,0,0,0,0,0,1,4.1462,3.7979,4,1,0,0,0,0,0,0,0,0.0,0,http://chase-security-alert.monster/auth/confirm-identity,1
60,15,38,0,2,1,0,0,0,6,0,0,0.0,0.8333,0,0,0,1,0,0,4.1172,3.5069,0,0,0,0,0,0,0,0,0,0.0,0,http://dev.nytimes.com/repos/organization/repo-name/releases,0
48,30,11,0,1,3,0,0,0,3,0,0,0.0,0.8333,0,0,0,0,0,1,4.2173,3.9232,3,1,0,1,1,0,1,10,0,0.94,1,http://unauthorized-login-detected.gq/secure-now,1
28,14,7,0,2,0,0,0,0,3,0,0,0.0,0.7857,0,0,0,1,0,0,3.9138,3.3788,1,0,0,0,0,0,0,0,0,0.0,0,http://app.reddit.com/signin,0
72,15,25,23,2,0,0,1,3,5,0,5,0.0694,0.7361,0,1,0,1,0,0,4.7043,3.3232,0,0,0,0,0,0,0,1,0,0.13,0,https://www.spotify.com/user/dashboard/analytics?ref=nav&q=test&id=25105,0
53,14,7,23,2,0,0,1,3,3,0,5,0.0943,0.6792,0,1,0,1,0,0,4.5151,3.182,1,0,0,1,1,0,0,0,0,0.1,0,https://mail.twitch.tv/signin?ref=nav&q=test&id=94901,0
42,28,7,0,1,3,0,0,0,3,0,0,0.0,0.8095,0,0,0,0,0,1,4.1033,3.8518,3,1,0,0,0,0,0,0,0,0.0,0,http://claim-free-crypto-airdrop.tk/wallet,1
42,30,5,0,1,3,0,0,0,3,0,0,0.0,0.8095,0,0,0,0,0,1,4.2462,4.0729,3,1,0,1,1,0,1,10,0,0.88,0,http://banking-portal-secure-entry.ml/auth,1
42,28,7,0,1,2,0,0,0,3,0,0,0.0,0.8333,0,0,0,0,0,1,4.0033,3.709,0,1,0,0,0,0,0,0,0,0.0,0,http://immediate-action-required.ga/notice,1
42,30,5,0,1,3,0,0,0,3,0,0,0.0,0.8095,0,0,0,0,0,1,4.2462,4.0729,3,1,0,0,0,0,0,0,0,0.0,0,http://banking-portal-secure-entry.gq/auth,1
43,27,9,0,1,2,0,0,0,3,0,0,0.0,0.8372,0,0,0,0,0,1,4.2664,3.8842,2,1,0,0,0,0,0,0,0,0.0,0,http://binance-kyc-verification.ml/security,1
46,26,13,0,1,3,0,0,0,4,0,0,0.0,0.8043,0,0,0,0,0,1,4.1456,3.6714,2,1,0,0,0,0,0,0,0,0.0,0,http://sbi-online-banking-kyc.icu/retail/login,1
49,31,11,0,1,3,0,0,0,3,0,0,0.0,0.8367,0,0,0,0,0,1,4.1833,3.889,3,1,0,1,1,1,1,9,0,0.76,1,http://unauthorized-login-detected.fun/secure-now,1
34,20,7,0,1,3,0,0,0,3,0,1,0.0294,0.7353,0,0,1,0,0,1,4.1163,3.6464,1,0,0,1,1,1,1,12,1,0.83,0,http://xn--mcrosoft-p1a.com/update,1
61,13,17,23,2,0,0,1,3,4,0,5,0.082,0.7049,0,0,0,1,0,0,4.6885,3.027,0,0,0,0,0,0,0,0,0,0.0,0,http://www.slack.com/profile/settings?ref=nav&q=test&id=49714,0
34,19,7,0,2,0,0,0,0,3,0,0,0.0,0.8235,0,1,0,1,0,0,3.9987,3.7871,1,0,0,0,0,0,0,0,0,0.0,0,https://api.theguardian.com/signin,0
54,36,11,0,1,3,0,0,0,4,0,3,0.0556,0.7778,0,0,0,0,0,1,4.3431,3.9512,4,1,0,0,0,0,0,0,0,0.0,0,http://microsoft-365-password-reset.monster/auth/login,1
47,11,28,0,2,2,0,0,0,4,0,0,0.0,0.8085,0,1,0,1,0,0,3.9325,2.914,1,0,0,0,0,0,0,0,0,0.0,0,https://api.cnn.com/help-center/contact-support,0
39,14,18,0,4,0,0,0,0,4,0,11,0.2821,0.4872,1,0,0,2,0,0,3.9721,2.4956,2,0,1,0,0,0,0,0,0,0.0,0,http://155.18.101.134/paypal/signin.php,1
52,32,13,0,1,3,0,0,0,4,0,0,0.0,0.8269,0,0,0,0,0,1,4.3037,4.0695,3,1,0,0,0,0,0,0,0,0.0,0,http://hdfc-netbanking-customer-care.ga/secure/login,1
74,15,30,21,2,0,0,1,2,5,0,1,0.0135,0.8108,0,0,0,1,0,0,4.3158,3.0566,1,0,0,0,0,0,0,0,0,0.0,0,http://mail.paypal.com/products/category/electronics?page=2&sort=price_asc,0
42,18,17,0,2,2,0,0,0,3,0,0,0.0,0.8095,0,0,0,1,0,0,4.0557,3.3921,2,0,0,0,0,0,0,1,0,0.19,0,http://blog.microsoft.com/terms-of-service,0
51,36,8,0,1,3,0,0,0,3,0,0,0.0,0.8431,0,0,0,0,0,1,4.2972,4.0833,1,1,0,0,0,0,0,0,0,0.0,0,http://metamask-wallet-recovery-phrase.buzz/connect,1
40,13,6,13,2,0,0,1,1,3,0,2,0.05,0.75,0,0,0,1,0,0,4.2964,3.027,0,0,0,0,0,0,0,3,0,0.3,0,http://www.arxiv.org/watch?v=dQw4w9WgXcQ,0
65,18,40,0,2,1,0,0,0,6,0,6,0.0923,0.7538,0,0,0,1,0,0,4.5669,3.7255,1,0,0,0,0,0,0,0,0,0.25,0,http://dev.wellsfargo.com/article/2026/08/technology-breakthrough,0
22,13,1,0,2,0,0,0,0,3,0,0,0.0,0.7273,0,1,0,1,0,0,3.6978,3.0851,0,0,0,0,0,0,0,0,0,0.0,0,https://api.arxiv.org/,0
47,34,6,0,1,3,0,0,0,3,0,0,0.0,0.8298,0,0,0,0,0,1,4.1334,3.8559,2,1,0,0,0,0,0,0,0,0.0,0,http://icici-rewards-points-redemption.ga/claim,1
50,37,6,0,2,2,0,0,0,3,0,0,0.0,0.84,0,0,0,1,0,1,4.268,3.8846,4,1,1,0,0,0,0,0,0,0.0,0,http://wellsfargo.banking-access-service.sbs/login,1
51,38,6,0,4,1,0,0,0,3,0,0,0.0,0.8235,0,0,0,3,1,0,4.3248,4.09,3,1,1,0,0,0,0,0,0,0.0,0,http://appleid.apple.com.verify-identity.buzz/login,1
48,30,11,0,1,3,0,0,0,3,0,0,0.0,0.8333,0,0,0,0,0,1,4.1756,3.8566,3,1,0,1,1,1,1,10,0,0.78,2,http://unauthorized-login-detected.ga/secure-now,1
51,29,15,0,1,3,0,0,0,3,0,0,0.0,0.8431,0,0,0,0,0,1,4.2804,3.9354,2,1,0,1,1,0,1,7,0,0.88,2,http://instagram-copyright-appeal.ml/verify-account,1
53,24,7,14,3,1,0,1,1,3,0,0,0.0,0.7925,0,0,0,2,0,0,4.5196,3.7721,4,1,1,1,1,1,1,9,0,0.7,2,http://login.paypal.com.monster/webscr?cmd=_login-run,1
74,15,30,21,2,0,0,1,2,5,0,1,0.0135,0.8108,0,0,0,1,0,0,4.2827,3.2402,1,0,0,0,0,0,0,0,0,0.0,0,http://docs.paypal.com/products/category/electronics?page=2&sort=price_asc,0
50,35,8,0,1,3,0,0,0,3,0,0,0.0,0.84,0,0,0,0,0,1,4.0929,3.8757,1,1,0,1,1,1,1,4,0,0.93,1,http://metamask-wallet-recovery-phrase.top/connect,1
54,33,14,0,2,2,0,0,0,4,0,0,0.0,0.8333,0,0,0,1,0,1,4.3309,4.0408,5,1,0,1,1,1,1,3,1,0.67,0,http://secure.netflix-payment-update.sbs/account/login,1
69,13,25,22,2,0,0,1,3,5,0,4,0.058,0.7391,0,1,0,1,0,0,4.6396,3.027,0,0,0,0,0,0,0,0,0,0.34,0,https://www.adobe.com/user/dashboard/analytics?ref=nav&q=test&id=3983,0
44,10,27,0,3,2,0,0,0,4,0,7,0.1591,0.6136,1,0,0,2,0,0,4.51,2.371,3,0,1,0,0,0,0,0,0,0.0,0,http://26.2.82.97/secure/update-banking-info,1
95,25,38,23,2,1,0,1,3,6,0,5,0.0526,0.7789,0,1,0,1,0,0,4.4602,3.3231,1,0,0,0,0,0,0,1,0,0.24,0,https://support.geeksforgeeks.org/repos/organization/repo-name/releases?ref=nav&q=test&id=30316,0
46,26,13,0,1,3,0,0,0,4,0,0,0.0,0.8043,0,0,0,0,0,1,4.1705,3.7193,2,1,0,1,1,0,1,6,0,0.79,1,http://sbi-online-banking-kyc.cam/retail/login,1
38,24,7,0,1,2,0,0,0,3,0,0,0.0,0.8158,0,0,0,0,0,1,4.2141,3.8554,4,1,0,1,1,1,1,4,0,0.79,1,http://paypal-account-verify.cf/signin,1
39,25,7,0,1,2,0,0,0,3,0,0,0.0,0.8205,0,0,0,0,0,1,4.2143,3.8937,4,1,0,1,1,1,1,9,1,0.75,1,http://paypal-account-verify.fun/signin,1
17,9,0,0,1,0,0,0,0,2,0,0,0.0,0.7647,0,1,0,0,0,0,3.6169,2.9477,0,0,0,0,0,0,0,0,0,0.0,0,https://slack.com,0
74,15,28,23,2,2,0,1,3,4,0,5,0.0676,0.7297,0,0,0,1,0,0,4.5612,3.3232,1,0,0,0,0,0,0,0,0,0.0,0,http://dev.twitter.com/help-center/contact-support?ref=nav&q=test&id=83479,0
53,38,7,0,4,1,0,0,0,3,0,0,0.0,0.8302,0,1,0,3,1,0,4.2306,3.85,3,1,1,1,1,0,0,8,1,0.72,0,https://appleid.apple.com.account-recovery.icu/verify,1
46,14,25,0,4,0,0,0,0,5,0,11,0.2391,0.5435,1,0,0,2,0,0,4.2761,2.5567,2,0,1,0,0,0,0,0,0,0.0,0,http://99.216.245.229/signin/paypal/index.html,1
49,31,11,0,1,3,0,0,0,3,0,0,0.0,0.8367,0,0,0,0,0,1,4.1371,3.8245,3,1,0,0,0,0,0,0,0,0.0,0,http://unauthorized-login-detected.icu/secure-now,1
25,16,1,0,2,0,0,0,0,3,0,0,0.0,0.76,0,1,0,1,0,0,3.8333,3.625,1,0,0,0,0,0,0,0,0,0.0,0,https://support.ebay.com/,0
53,15,30,0,3,0,0,0,0,5,0,0,0.0,0.8302,0,1,0,1,0,0,4.0635,3.1069,0,0,0,0,0,0,0,4,0,0.3,0,https://mail.medium.com/download/latest/installer.exe,0
48,34,7,0,1,3,0,0,0,3,0,0,0.0,0.8333,0,0,0,0,0,1,4.2904,3.962,2,1,0,1,1,1,1,5,1,0.81,0,http://customer-support-helpdesk-agent.tk/verify,1
30,17,6,0,1,3,0,0,0,3,0,0,0.0,0.7333,0,0,1,0,0,1,4.2566,3.4548,0,0,0,0,0,0,0,0,0,0.0,0,http://xn--gogle-qqa.com/drive,1
52,18,27,0,2,1,0,0,0,7,0,0,0.0,0.7885,0,0,0,0,0,0,4.2884,3.9477,4,1,0,1,1,1,1,9,1,0.89,2,http://portal-service.xyz//account/verify//login.php,1
52,14,30,0,3,0,0,0,0,5,0,0,0.0,0.8269,0,1,0,1,0,0,4.1978,3.3249,0,0,0,0,0,0,0,2,0,0.11,0,https://www.github.com/download/latest/installer.exe,0
49,36,6,0,4,1,0,0,0,3,0,0,0.0,0.8163,0,0,0,3,1,0,4.1792,3.9267,3,1,1,1,1,1,1,12,0,0.78,2,http://appleid.apple.com.verify-identity.tk/login,1
36,14,15,0,3,0,0,0,0,4,0,11,0.3056,0.4722,1,0,0,2,0,0,4.2391,2.8424,1,0,1,1,1,1,1,7,0,0.92,0,http://91.132.158.237/banking/online,1
40,15,18,0,4,0,0,0,0,4,0,12,0.3,0.475,1,0,0,2,0,0,4.0414,2.6826,2,0,1,0,0,0,0,0,0,0.0,0,http://178.115.119.250/paypal/signin.php,1
44,14,22,0,2,1,0,0,0,5,0,1,0.0227,0.7727,0,1,0,1,0,0,4.3714,3.3249,0,0,0,0,0,0,0,2,0,0.29,0,https://www.gitlab.com/docs/v2/api-reference,0
62,14,40,0,2,1,0,0,0,6,0,6,0.0968,0.7419,0,1,0,1,0,0,4.5649,2.9852,0,0,0,0,0,0,0,0,0,0.08,0,https://www.medium.com/article/2026/08/technology-breakthrough,0
48,16,1,23,2,0,0,1,3,3,0,5,0.1042,0.6458,0,0,0,1,0,0,4.6709,3.625,1,0,0,0,0,0,0,0,0,0.0,0,http://docs.netflix.com/?ref=nav&q=test&id=43650,0
68,11,25,23,2,2,0,1,3,4,0,5,0.0735,0.7059,0,1,0,1,0,0,4.6722,2.7322,0,0,0,0,0,0,0,0,0,0.0,0,https://app.bbc.com/about-us/leadership-team?ref=nav&q=test&id=86649,0
38,24,7,0,1,2,0,0,0,3,0,0,0.0,0.8158,0,0,0,0,0,1,4.2141,3.8554,4,1,0,0,0,0,0,0,0,0.0,0,http://paypal-account-verify.cf/signin,1
53,39,7,0,1,3,0,0,0,3,0,0,0.0,0.8491,0,0,0,0,0,1,4.2697,3.9359,2,1,0,0,0,0,0,0,0,0.0,0,http://customer-support-helpdesk-agent.monster/verify,1
45,13,25,0,4,0,0,0,0,5,0,10,0.2222,0.5556,1,0,0,2,0,0,4.2334,2.4116,2,0,1,0,0,0,0,0,0,0.0,0,http://172.82.226.61/signin/paypal/index.html,1
85,13,40,23,2,1,0,1,3,6,0,11,0.1294,0.6824,0,1,0,1,0,0,4.9117,3.2389,0,0,0,0,0,0,0,0,0,0.0,0,https://mail.ebay.com/article/2026/08/technology-breakthrough?ref=nav&q=test&id=51978,0
51,37,7,0,1,3,0,0,0,3,0,0,0.0,0.8431,0,0,0,0,0,1,4.1627,3.6585,3,1,0,0,0,0,0,0,0,0.0,0,http://coinbase-account-suspended-notice.icu/verify,1
54,39,7,0,4,1,0,0,0,3,0,0,0.0,0.8333,0,1,0,3,1,0,4.32,3.9646,3,1,1,0,0,0,0,0,0,0.0,0,https://appleid.apple.com.account-recovery.work/verify,1
46,15,23,0,2,1,0,0,0,4,0,0,0.0,0.8261,0,1,0,1,0,0,4.1435,3.1899,0,0,0,0,0,0,0,0,0,0.0,0,https://blog.kaggle.com/explore/popular-topics,0
32,8,17,0,1,2,0,0,0,3,0,0,0.0,0.7812,0,0,0,0,0,0,4.1167,3.0,1,0,0,0,0,0,0,0,0,0.0,0,http://bing.com/terms-of-service,0
49,34,8,0,1,3,0,0,0,3,0,0,0.0,0.8367,0,0,0,0,0,1,4.1579,3.9369,1,1,0,0,0,0,0,0,0,0.0,0,http://metamask-wallet-recovery-phrase.cf/connect,1
45,15,23,0,2,1,0,0,0,4,0,0,0.0,0.8222,0,0,0,1,0,0,4.1722,3.1899,1,0,0,0,0,0,0,1,0,0.15,0,http://blog.amazon.com/explore/popular-topics,0
44,7,6,23,1,0,0,1,3,3,0,5,0.1136,0.6364,0,0,0,0,0,0,4.5272,2.8074,1,0,0,0,0,0,0,0,0,0.0,0,http://nih.gov/login?ref=nav&q=test&id=91522,0
67,11,18,30,3,0,0,1,1,4,0,14,0.209,0.6418,1,0,0,2,0,0,4.894,2.6635,3,0,0,1,1,1,1,6,1,0.66,2,http://32.20.70.14/auth/verification?token=k9mr8q5onisb9wppdto39uym,1
70,14,18,30,3,0,0,1,1,4,0,17,0.2429,0.6143,1,0,0,2,0,0,4.8879,2.7534,3,0,0,1,1,1,1,12,0,0.75,0,http://178.112.45.219/auth/verification?token=mr0zj2cesnbwzssu27jr8x4a,1
28,15,6,0,2,0,0,0,0,3,0,0,0.0,0.7857,0,0,0,1,0,0,3.9947,3.3232,1,0,0,0,0,0,0,0,0,0.0,0,http://blog.docker.com/login,0
45,29,9,0,1,2,0,0,0,3,0,0,0.0,0.8444,0,0,0,0,0,1,4.2502,3.9094,2,1,0,0,0,0,0,0,0,0.0,0,http://binance-kyc-verification.buzz/security,1
48,35,6,0,1,3,0,0,0,3,0,0,0.0,0.8333,0,0,0,0,0,1,4.0684,3.797,2,1,0,0,0,0,0,0,0,0.0,0,http://icici-rewards-points-redemption.cam/claim,1
34,12,15,0,3,0,0,0,0,4,0,9,0.2647,0.5,1,0,0,2,0,0,4.2195,2.7925,1,0,1,0,0,0,0,0,0,0.0,0,http://150.227.4.92/banking/online,1
39,25,7,0,1,2,0,0,0,3,0,0,0.0,0.8205,0,0,0,0,0,1,4.1823,3.8635,4,1,0,1,1,0,1,12,1,0.7,1,http://paypal-account-verify.top/signin,1
28,20,0,0,2,0,0,0,0,2,0,0,0.0,0.8214,0,1,0,1,0,0,4.0661,3.8219,0,0,0,0,0,0,0,1,0,0.34,0,https://docs.theguardian.com,0
51,17,27,0,2,1,0,0,0,7,0,0,0.0,0.7843,0,0,0,0,0,0,4.2179,3.7345,4,1,0,0,0,0,0,0,0,0.0,0,http://portal-service.ml//account/verify//login.php,1
48,18,22,0,2,1,0,0,0,5,0,1,0.0208,0.7917,0,1,0,1,0,0,4.2726,3.6144,1,0,0,0,0,0,0,0,0,0.2,0,https://app.wellsfargo.com/docs/v2/api-reference,0
50,37,6,0,2,2,0,0,0,3,0,0,0.0,0.84,0,0,0,1,0,1,4.268,3.8846,4,1,1,0,0,0,0,0,0,0.0,0,http://wellsfargo.banking-access-service.sbs/login,1
71,11,30,21,2,0,0,1,2,5,0,1,0.0141,0.8028,0,1,0,1,0,0,4.3134,2.914,0,0,0,0,0,0,0,0,0,0.0,0,https://app.zoom.us/products/category/electronics?page=2&sort=price_asc,0
67,10,25,23,2,2,0,1,3,4,0,5,0.0746,0.7015,0,1,0,1,0,0,4.6214,2.9219,0,0,0,0,0,0,0,0,0,0.0,0,https://dev.gov.in/about-us/leadership-team?ref=nav&q=test&id=32722,0
57,19,30,0,3,0,0,0,0,5,0,0,0.0,0.8421,0,1,0,1,0,0,4.1575,3.4316,1,0,0,0,0,0,0,0,0,0.0,0,https://support.youtube.com/download/latest/installer.exe,0
22,13,1,0,2,0,0,0,0,3,0,0,0.0,0.7273,0,1,0,1,0,0,3.4429,3.027,0,0,0,0,0,0,0,1,0,0.32,0,https://dev.twitch.tv/,0
65,12,22,23,2,1,0,1,3,5,0,6,0.0923,0.6769,0,0,0,1,0,0,4.6218,3.085,0,0,0,0,0,0,0,0,0,0.0,0,http://dev.imdb.com/docs/v2/api-reference?ref=nav&q=test&id=68700,0
49,16,25,0,2,0,0,0,0,5,0,0,0.0,0.8367,0,1,0,1,0,0,4.1404,3.3278,0,0,0,0,0,0,0,4,0,0.17,0,https://mail.twitter.com/user/dashboard/analytics,0
34,20,7,0,1,3,0,0,0,3,0,1,0.0294,0.7353,0,0,1,0,0,1,4.1163,3.6464,1,0,0,1,1,1,1,8,1,0.71,0,http://xn--mcrosoft-p1a.com/update,1
53,38,7,0,4,1,0,0,0,3,0,0,0.0,0.8302,0,1,0,3,1,0,4.2306,3.85,3,1,1,1,1,1,0,2,1,0.81,2,https://appleid.apple.com.account-recovery.icu/verify,1
71,18,23,22,2,1,0,1,3,4,0,4,0.0563,0.7465,0,0,0,1,0,0,4.6603,3.5033,0,0,0,0,0,0,0,3,0,0.11,0,http://mail.wikipedia.org/explore/popular-topics?ref=nav&q=test&id=6090,0
46,12,27,0,3,2,0,0,0,4,0,9,0.1957,0.587,1,0,0,2,0,0,4.6318,2.8554,3,0,1,1,1,0,1,7,1,0.74,2,http://46.28.207.58/secure/update-banking-info,1
45,33,5,0,1,3,0,0,0,3,0,0,0.0,0.8222,0,0,0,0,0,1,4.2275,4.0209,3,1,0,1,1,0,1,6,1,0.93,2,http://banking-portal-secure-entry.click/auth,1
61,15,38,0,2,1,0,0,0,6,0,0,0.0,0.8361,0,1,0,1,0,0,3.9878,3.3736,0,0,0,0,0,0,0,0,0,0.0,0,https://mail.target.com/repos/organization/repo-name/releases,0
30,16,7,0,2,0,0,0,0,3,0,0,0.0,0.8,0,0,0,1,0,0,4.0314,3.4528,1,0,0,0,0,0,0,0,0,0.0,0,http://docs.mozilla.org/signin,0
66,18,17,23,2,2,0,1,3,3,0,5,0.0758,0.7121,0,0,0,1,0,0,4.5445,3.6835,1,0,0,0,0,0,0,0,0,0.0,0,http://dev.aliexpress.com/terms-of-service?ref=nav&q=test&id=82858,0
48,35,6,0,1,3,0,0,0,3,0,0,0.0,0.8333,0,0,0,0,0,1,4.0969,3.7999,2,1,0,0,0,0,0,0,0,0.0,0,http://icici-rewards-points-redemption.icu/claim,1
30,13,10,0,4,0,0,0,0,3,0,10,0.3333,0.4,1,0,0,2,0,0,3.9647,2.8151,1,0,0,1,1,1,1,5,1,0.84,2,http://219.113.48.77/login.php,1
47,13,7,18,2,0,0,1,1,3,0,0,0.0,0.8085,0,1,0,1,0,0,4.3176,3.0851,0,0,0,0,0,0,0,0,0,0.0,0,https://app.arxiv.org/search?q=machine+learning,0
48,34,7,0,1,3,0,0,0,3,0,0,0.0,0.8333,0,0,0,0,0,1,4.2645,3.9542,5,1,0,1,1,1,1,4,1,0.93,2,http://paypal-account-security-update.xyz/verify,1
71,31,5,27,1,3,0,1,1,3,0,8,0.1127,0.7465,0,0,0,0,0,1,4.8455,4.0424,1,1,0,0,0,0,0,0,0,0.0,0,http://google-drive-shared-document.tk/view?id=uyz17u561w2gurdsjhqgi33i,1
30,17,6,0,1,3,0,0,0,3,0,0,0.0,0.7333,0,0,1,0,0,1,4.0314,3.4548,1,0,0,0,0,0,0,0,0,0.0,0,http://xn--paypl-qqa.com/login,1
63,19,36,0,2,3,0,0,0,5,0,8,0.127,0.6984,0,1,0,1,0,0,4.6697,3.5766,1,0,0,0,0,0,0,0,0,0.0,0,https://docs.wellsfargo.com/questions/12345678/how-to-fix-error,0
79,19,28,23,2,2,0,1,3,4,0,5,0.0633,0.7468,0,1,0,1,0,0,4.6025,3.4316,1,0,0,0,0,0,0,2,0,0.28,0,https://docs.cloudflare.com/help-center/contact-support?ref=nav&q=test&id=31947,0
75,18,25,23,2,2,0,1,3,4,0,5,0.0667,0.7333,0,1,0,1,0,0,4.6683,3.7255,0,0,0,0,0,0,0,0,0,0.0,0,https://blog.pinterest.com/about-us/leadership-team?ref=nav&q=test&id=76397,0
51,13,7,23,2,0,0,1,3,3,0,5,0.098,0.6667,0,0,0,1,0,0,4.6817,3.3927,1,0,0,1,1,0,0,4,0,0.22,0,http://dev.slack.com/signin?ref=nav&q=test&id=96921,0
48,34,7,0,1,3,0,0,0,3,0,0,0.0,0.8333,0,0,0,0,0,1,4.33,3.9987,2,1,0,1,1,0,1,9,1,0.67,0,http://customer-support-helpdesk-agent.ml/verify,1
47,34,6,0,1,3,0,0,0,3,0,0,0.0,0.8298,0,0,0,0,0,1,4.1153,3.8337,2,1,0,1,1,1,1,10,0,0.89,1,http://icici-rewards-points-redemption.tk/claim,1
64,12,6,37,2,0,0,2,4,3,0,7,0.1094,0.6719,0,1,0,1,0,0,4.8728,3.2516,0,0,0,0,0,0,0,0,0,0.0,0,https://dev.ebay.com/watch?v=dQw4w9WgXcQ?ref=nav&q=test&id=96458,0
40,26,7,0,1,2,0,0,0,3,0,1,0.025,0.8,0,0,0,0,0,1,4.2842,4.1329,3,0,0,0,0,0,0,0,0,0.0,0,http://netfl1x-billing-update.com/signin,1
50,36,7,0,1,3,0,0,0,3,0,0,0.0,0.84,0,0,0,0,0,1,4.184,3.729,3,1,0,1,1,1,1,2,1,0.91,2,http://coinbase-account-suspended-notice.cf/verify,1
53,33,13,0,1,3,0,0,0,4,0,0,0.0,0.8302,0,0,0,0,0,1,4.3037,4.0667,3,1,0,1,1,0,1,10,1,0.94,2,http://hdfc-netbanking-customer-care.fun/secure/login,1
42,28,7,0,1,2,0,0,0,3,0,0,0.0,0.8333,0,0,0,0,0,1,4.0033,3.709,0,1,0,1,1,1,1,10,1,0.9,2,http://immediate-action-required.ml/notice,1
97,13,30,45,2,0,0,2,5,5,0,6,0.0619,0.7423,0,1,0,1,0,0,4.582,3.0851,0,0,0,0,0,0,0,0,0,0.22,0,https://api.arxiv.org/products/category/electronics?page=2&sort=price_asc?ref=nav&q=test&id=65956,0
69,21,17,23,2,2,0,1,3,3,0,5,0.0725,0.7246,0,0,0,1,0,0,4.5234,3.3447,3,0,0,0,0,0,0,0,0,0.0,0,http://support.microsoft.com/terms-of-service?ref=nav&q=test&id=70479,0
51,34,10,0,1,3,0,0,0,4,0,0,0.0,0.8235,0,0,0,0,0,1,4.0863,3.8666,2,1,0,1,1,1,1,12,0,0.65,0,http://amazon-unusual-activity-signin.xyz/ap/signin,1
62,13,17,23,2,0,0,1,3,4,0,5,0.0806,0.7097,0,1,0,1,0,0,4.6353,3.027,0,0,0,0,0,0,0,0,0,0.0,0,https://api.yahoo.com/profile/settings?ref=nav&q=test&id=53468,0
52,37,8,0,1,3,0,0,0,3,0,0,0.0,0.8462,0,0,0,0,0,1,4.1668,3.9492,1,1,0,1,1,0,1,12,1,0.87,1,http://metamask-wallet-recovery-phrase.click/connect,1
41,28,6,0,1,2,0,0,0,3,0,0,0.0,0.8293,0,0,0,0,0,1,4.2571,3.8963,4,1,0,0,0,0,0,0,0,0.0,0,http://account-security-update.buzz/login,1
29,15,6,0,2,0,0,0,0,3,0,0,0.0,0.7931,0,1,0,1,0,0,3.8573,3.2402,1,0,0,1,1,0,0,1,0,0.31,0,https://api.mozilla.org/login,0
29,15,6,0,2,0,0,0,0,3,0,0,0.0,0.7931,0,1,0,1,0,0,3.9263,3.3232,1,0,0,1,1,0,0,1,0,0.26,0,https://www.spotify.com/login,0
43,29,7,0,1,2,0,0,0,3,0,0,0.0,0.8372,0,0,0,0,0,1,4.0871,3.8235,0,1,0,0,0,0,0,0,0,0.0,0,http://immediate-action-required.sbs/notice,1
47,35,5,0,1,3,0,0,0,3,0,0,0.0,0.8298,0,0,0,0,0,1,4.2828,4.0144,4,1,0,1,1,1,1,12,1,0.88,2,http://secure-wellsfargo-banking-alert.icu/auth,1
76,18,7,42,2,0,0,2,4,3,0,5,0.0658,0.7368,0,1,0,1,0,0,4.7012,3.6144,1,0,0,0,0,0,0,4,0,0.18,0,https://app.wellsfargo.com/search?q=machine+learning?ref=nav&q=test&id=14261,0
75,15,30,21,2,0,0,1,2,5,0,1,0.0133,0.8133,0,1,0,1,0,0,4.4301,3.6402,1,0,0,0,0,0,0,4,0,0.07,0,https://dev.netflix.com/products/category/electronics?page=2&sort=price_asc,0
34,20,7,0,1,3,0,0,0,3,0,1,0.0294,0.7353,0,0,1,0,0,1,4.1163,3.6464,1,0,0,1,1,1,1,2,0,0.71,1,http://xn--mcrosoft-p1a.com/update,1
42,11,23,0,1,1,0,0,0,4,0,0,0.0,0.8333,0,1,0,0,0,0,4.0144,3.0958,0,0,0,0,0,0,0,4,0,0.26,0,https://walmart.com/explore/popular-topics,0
45,13,25,0,4,0,0,0,0,5,0,10,0.2222,0.5556,1,0,0,2,0,0,4.3668,2.8731,2,0,1,0,0,0,0,0,0,0.0,0,http://43.70.194.122/signin/paypal/index.html,1
49,36,6,0,4,1,0,0,0,3,0,0,0.0,0.8163,0,0,0,3,1,0,4.1713,3.8921,3,1,1,1,1,1,1,10,1,0.78,1,http://appleid.apple.com.verify-identity.cf/login,1
52,18,27,0,2,1,0,0,0,7,0,0,0.0,0.7885,0,0,0,0,0,0,4.197,3.9477,4,1,0,1,1,1,1,5,1,0.82,2,http://portal-service.fun//account/verify//login.php,1
48,36,5,0,1,3,0,0,0,3,0,0,0.0,0.8333,0,0,0,0,0,1,4.3397,4.086,4,1,0,0,0,0,0,0,0,0.0,0,http://secure-wellsfargo-banking-alert.buzz/auth,1
84,12,40,23,2,1,0,1,3,6,0,11,0.131,0.6786,0,1,0,1,0,0,4.8354,3.2516,0,0,0,0,0,0,0,0,0,0.27,0,https://docs.nih.gov/article/2026/08/technology-breakthrough?ref=nav&q=test&id=10524,0
51,34,10,0,1,3,0,0,0,4,0,0,0.0,0.8235,0,0,0,0,0,1,4.0199,3.7826,2,1,0,0,0,0,0,0,0,0.0,0,http://amazon-unusual-activity-signin.fun/ap/signin,1
52,18,27,0,2,1,0,0,0,7,0,0,0.0,0.7885,0,0,0,0,0,0,4.1636,3.7255,4,1,0,1,1,1,1,2,1,0.75,0,http://portal-service.icu//account/verify//login.php,1
47,14,1,23,2,0,0,1,3,3,0,5,0.1064,0.6383,0,1,0,1,0,0,4.5967,3.2359,1,0,0,0,0,0,0,4,0,0.15,0,https://dev.amazon.com/?ref=nav&q=test&id=71872,0
42,30,5,0,1,3,0,0,0,3,0,0,0.0,0.8095,0,0,0,0,0,1,4.2462,4.0729,3,1,0,1,1,0,1,8,0,0.67,0,http://banking-portal-secure-entry.ml/auth,1
50,35,8,0,1,3,0,0,0,3,0,0,0.0,0.84,0,0,0,0,0,1,4.0929,3.8757,1,1,0,0,0,0,0,0,0,0.0,0,http://metamask-wallet-recovery-phrase.top/connect,1
71,31,5,27,1,3,0,1,1,3,0,7,0.0986,0.7606,0,0,0,0,0,1,4.9314,4.0424,1,1,0,0,0,0,0,0,0,0.0,0,http://google-drive-shared-document.tk/view?id=l27ixcljtbyd0zb5s4zfv34e,1
46,14,25,0,2,2,0,0,0,4,0,0,0.0,0.8043,0,0,0,1,0,0,4.1785,3.182,0,0,0,0,0,0,0,0,0,0.0,0,http://www.reddit.com/about-us/leadership-team,0
72,15,25,23,2,2,0,1,3,4,0,5,0.0694,0.7222,0,1,0,1,0,0,4.7216,3.6402,1,0,0,0,0,0,0,0,0,0.0,0,https://api.netflix.com/about-us/leadership-team?ref=nav&q=test&id=31942,0
46,12,7,18,1,0,0,1,1,3,0,0,0.0,0.8261,0,1,0,0,0,0,4.2925,3.2516,0,0,0,0,0,0,0,0,0,0.0,0,https://linkedin.com/search?q=machine+learning,0
49,36,6,0,4,1,0,0,0,3,0,0,0.0,0.8163,0,0,0,3,1,0,4.1458,3.8712,3,1,1,0,0,0,0,0,0,0.0,0,http://appleid.apple.com.verify-identity.ml/login,1
44,30,7,0,1,2,0,0,0,3,0,0,0.0,0.8409,0,0,0,0,0,1,4.0709,3.8151,0,1,0,0,0,0,0,0,0,0.0,0,http://immediate-action-required.work/notice,1
34,12,15,0,3,0,0,0,0,4,0,9,0.2647,0.5,1,0,0,2,0,0,4.1019,2.4591,1,0,1,1,1,1,1,3,0,0.85,2,http://112.237.55.2/banking/online,1
74,14,28,23,2,2,0,1,3,4,0,5,0.0676,0.7297,0,1,0,1,0,0,4.621,3.2359,2,0,0,0,0,0,0,4,0,0.16,0,https://blog.apple.com/help-center/contact-support?ref=nav&q=test&id=23102,0
45,25,13,0,1,3,0,0,0,4,0,0,0.0,0.8,0,0,0,0,0,1,4.1423,3.7035,2,1,0,1,1,1,1,2,0,0.79,1,http://sbi-online-banking-kyc.ml/retail/login,1
49,36,6,0,2,2,0,0,0,3,0,0,0.0,0.8367,0,0,0,1,0,1,4.3386,3.9959,4,1,1,1,1,1,1,9,1,0.82,0,http://wellsfargo.banking-access-service.gq/login,1
46,12,27,0,3,2,0,0,0,4,0,9,0.1957,0.587,1,0,0,2,0,0,4.5121,2.3962,3,0,1,0,0,0,0,0,0,0.0,0,http://148.15.156.5/secure/update-banking-info,1
52,14,30,0,3,0,0,0,0,5,0,0,0.0,0.8269,0,1,0,1,0,0,4.1006,3.3788,1,0,0,0,0,0,0,0,0,0.0,0,https://blog.chase.com/download/latest/installer.exe,0
46,30,9,0,1,2,0,0,0,3,0,0,0.0,0.8478,0,0,0,0,0,1,4.1478,3.7078,2,1,0,0,0,0,0,0,0,0.0,0,http://binance-kyc-verification.click/security,1
28,14,7,0,2,0,0,0,0,3,0,0,0.0,0.7857,0,0,0,1,0,0,3.8963,3.3788,1,0,0,0,0,0,0,0,0,0.0,0,http://api.reddit.com/signin,0
40,15,17,0,2,0,0,0,0,4,0,0,0.0,0.825,0,1,0,1,0,0,4.0251,3.0062,0,0,0,0,0,0,0,0,0,0.0,0,https://mail.zomato.com/profile/settings,0
49,20,7,14,3,1,0,1,1,3,0,0,0.0,0.7755,0,0,0,2,0,0,4.5273,3.4842,4,1,1,1,1,1,1,10,1,0.81,1,http://login.paypal.com.icu/webscr?cmd=_login-run,1
53,22,23,0,2,1,0,0,0,4,0,0,0.0,0.8491,0,1,0,1,0,0,4.2536,3.6292,0,0,0,0,0,0,0,1,0,0.35,0,https://docs.bankofamerica.com/explore/popular-topics,0
72,15,25,23,2,2,0,1,3,4,0,5,0.0694,0.7222,0,1,0,1,0,0,4.7372,3.3736,0,0,0,0,0,0,0,0,0,0.0,0,https://mail.docker.com/about-us/leadership-team?ref=nav&q=test&id=74310,0
47,13,27,0,3,2,0,0,0,4,0,10,0.2128,0.5745,1,0,0,2,0,0,4.6232,2.8151,3,0,1,0,0,0,0,0,0,0.0,0,http://83.119.78.120/secure/update-banking-info,1
48,34,7,0,1,3,0,0,0,3,0,0,0.0,0.8333,0,0,0,0,0,1,4.1811,3.881,5,1,0,1,1,1,1,10,1,0.78,2,http://paypal-account-security-update.fun/verify,1
52,23,22,0,1,3,0,0,0,4,0,0,0.0,0.8269,0,0,0,0,0,1,4.1491,3.6753,4,1,0,0,0,0,0,0,0,0.0,0,http://chase-security-alert.cf/auth/confirm-identity,1
80,18,30,23,3,0,0,1,3,5,0,5,0.0625,0.75,0,1,0,1,0,0,4.5756,3.6144,0,0,0,0,0,0,0,0,0,0.0,0,https://api.cloudflare.com/download/latest/installer.exe?ref=nav&q=test&id=67016,0
49,36,6,0,4,1,0,0,0,3,0,0,0.0,0.8163,0,0,0,3,1,0,4.1559,3.9267,3,1,1,0,0,0,0,0,0,0.0,0,http://appleid.apple.com.verify-identity.ga/login,1
30,17,6,0,1,3,0,0,0,3,0,0,0.0,0.7333,0,0,1,0,0,1,4.0314,3.4548,1,0,0,1,1,0,1,12,1,0.87,1,http://xn--paypl-qqa.com/login,1
64,16,40,0,2,1,0,0,0,6,0,6,0.0938,0.75,0,1,0,1,0,0,4.5367,3.4528,0,0,0,0,0,0,0,3,0,0.05,0,https://mail.dropbox.com/article/2026/08/technology-breakthrough,0
49,36,6,0,2,2,0,0,0,3,0,0,0.0,0.8367,0,0,0,1,0,1,4.2724,3.9058,4,1,1,0,0,0,0,0,0,0.0,0,http://wellsfargo.banking-access-service.ga/login,1
74,21,22,22,2,1,0,1,3,5,0,5,0.0676,0.7297,0,1,0,1,0,0,4.5979,3.6897,0,0,0,0,0,0,0,3,0,0.33,0,https://dev.bankofamerica.com/docs/v2/api-reference?ref=nav&q=test&id=7338,0
43,28,8,0,1,3,0,0,0,3,0,0,0.0,0.814,0,0,0,0,0,1,4.2047,3.9408,2,1,0,0,0,0,0,0,0,0.0,0,http://verify-your-identity-now.cam/confirm,1
70,14,18,30,3,0,0,1,1,4,0,20,0.2857,0.5714,1,0,0,2,0,0,4.8687,2.6106,3,0,0,0,0,0,0,0,0,0.0,0,http://32.159.162.116/auth/verification?token=405sqbv04ioslqwala85a63m,1
51,22,7,14,3,1,0,1,1,3,0,0,0.0,0.7843,0,0,0,2,0,0,4.5324,3.4474,4,1,1,0,0,0,0,0,0,0.0,0,http://login.paypal.com.click/webscr?cmd=_login-run,1
49,16,25,0,2,2,0,0,0,4,0,0,0.0,0.8163,0,1,0,1,0,0,4.2141,3.625,1,0,0,0,0,0,0,0,0,0.3,0,https://support.bing.com/about-us/leadership-team,0
30,16,6,0,2,0,0,0,0,3,0,0,0.0,0.8,0,1,0,1,0,0,4.0314,3.375,1,0,0,0,0,0,0,0,0,0.0,0,https://docs.walmart.com/login,0
40,26,7,0,1,2,0,0,0,3,0,1,0.025,0.8,0,0,0,0,0,1,4.2842,4.1329,3,0,0,1,1,1,1,11,1,0.72,2,http://netfl1x-billing-update.com/signin,1
40,15,17,0,2,2,0,0,0,3,0,0,0.0,0.8,0,1,0,1,0,0,4.1587,3.1396,1,0,0,0,0,0,0,0,0,0.0,0,https://www.dropbox.com/terms-of-service,0
40,26,7,0,1,2,0,0,0,3,0,0,0.0,0.825,0,0,0,0,0,1,4.3587,4.056,4,1,0,1,1,1,1,12,0,0.93,1,http://paypal-account-verify.buzz/signin,1
62,16,38,0,2,1,0,0,0,6,0,0,0.0,0.8387,0,1,0,1,0,0,4.1956,3.3278,0,0,0,0,0,0,0,0,0,0.0,0,https://dev.facebook.com/repos/organization/repo-name/releases,0
48,34,7,0,1,3,0,0,0,3,0,0,0.0,0.8333,0,0,0,0,0,1,4.1811,3.881,5,1,0,0,0,0,0,0,0,0.0,0,http://paypal-account-security-update.fun/verify,1
49,31,11,0,1,3,0,0,0,4,0,3,0.0612,0.7551,0,0,0,0,0,1,4.4082,4.0424,4,1,0,0,0,0,0,0,0,0.0,0,http://microsoft-365-password-reset.ml/auth/login,1
32,10,15,0,3,0,0,0,0,4,0,7,0.2188,0.5312,1,0,0,2,0,0,4.0778,2.371,1,0,1,1,1,0,1,3,1,0.74,0,http://84.46.49.2/banking/online,1
48,34,7,0,1,3,0,0,0,3,0,0,0.0,0.8333,0,0,0,0,0,1,4.2904,3.962,2,1,0,0,0,0,0,0,0,0.0,0,http://customer-support-helpdesk-agent.tk/verify,1
39,11,6,13,2,0,0,1,1,3,0,2,0.0513,0.7436,0,1,0,1,0,0,4.5094,3.0958,0,0,0,0,0,0,0,0,0,0.21,0,https://api.zoom.us/watch?v=dQw4w9WgXcQ,0
34,20,7,0,1,3,0,0,0,3,0,1,0.0294,0.7353,0,0,1,0,0,1,4.1163,3.6464,1,0,0,1,1,1,1,5,1,0.7,0,http://xn--mcrosoft-p1a.com/update,1
62,15,40,0,2,1,0,0,0,6,0,6,0.0968,0.7419,0,0,0,1,0,0,4.5649,3.6402,0,0,0,0,0,0,0,0,0,0.0,0,http://dev.spotify.com/article/2026/08/technology-breakthrough,0
39,14,17,0,1,0,0,0,0,4,0,0,0.0,0.8462,0,1,0,0,0,0,3.9746,3.5216,0,0,0,0,0,0,0,0,0,0.24,0,https://aliexpress.com/profile/settings,0
52,14,6,23,2,0,0,1,3,3,0,5,0.0962,0.6731,0,1,0,1,0,0,4.6424,3.2359,1,0,0,1,1,0,0,2,0,0.28,0,https://mail.arxiv.org/login?ref=nav&q=test&id=81751,0
66,10,25,23,2,0,0,1,3,5,0,5,0.0758,0.7121,0,0,0,1,0,0,4.6428,2.9219,0,0,0,0,0,0,0,3,0,0.23,0,http://api.gov.in/user/dashboard/analytics?ref=nav&q=test&id=60265,0
88,20,36,23,2,3,0,1,3,5,0,13,0.1477,0.6591,0,1,0,1,0,0,4.8972,3.8219,1,0,0,0,0,0,0,0,0,0.0,0,https://support.linkedin.com/questions/12345678/how-to-fix-error?ref=nav&q=test&id=38067,0
47,11,28,0,1,2,0,0,0,4,0,0,0.0,0.8298,0,1,0,0,0,0,4.0176,3.0272,1,0,0,0,0,0,0,0,0,0.0,0,https://dropbox.com/help-center/contact-support,0
53,38,7,0,4,1,0,0,0,3,0,0,0.0,0.8302,0,1,0,3,1,0,4.3364,3.9977,3,1,1,0,0,0,0,0,0,0.0,0,https://appleid.apple.com.account-recovery.xyz/verify,1
48,15,1,23,2,0,0,1,3,3,0,5,0.1042,0.6458,0,1,0,1,0,0,4.5459,3.5069,0,0,0,0,0,0,0,4,0,0.19,0,https://dev.nytimes.com/?ref=nav&q=test&id=98812,0
33,19,7,0,1,1,0,0,0,3,0,1,0.0303,0.7879,0,0,0,0,0,0,4.165,3.8269,2,0,0,0,0,0,0,0,0,0.0,0,http://paypa1-security.com/webscr,1
43,13,22,0,2,1,0,0,0,5,0,1,0.0233,0.7674,0,1,0,1,0,0,4.078,2.5654,0,0,0,0,0,0,0,1,0,0.12,0,https://www.twitch.tv/docs/v2/api-reference,0
23,15,1,0,2,0,0,0,0,3,0,0,0.0,0.7391,0,0,0,1,0,0,3.7623,3.5069,0,0,0,0,0,0,0,0,0,0.0,0,http://docs.github.com/,0
84,25,28,23,2,2,0,1,3,4,0,5,0.0595,0.7619,0,0,0,1,0,0,4.5919,3.8439,1,0,0,0,0,0,0,0,0,0.0,0,http://support.stackoverflow.com/help-center/contact-support?ref=nav&q=test&id=85459,0
42,17,17,0,2,2,0,0,0,3,0,0,0.0,0.8095,0,1,0,1,0,0,3.9511,3.1751,2,0,0,0,0,0,0,0,0,0.0,0,https://www.microsoft.com/terms-of-service,0
30,17,6,0,1,3,0,0,0,3,0,0,0.0,0.7333,0,0,1,0,0,1,4.0314,3.4548,1,0,0,0,0,0,0,0,0,0.0,0,http://xn--paypl-qqa.com/login,1
50,35,8,0,1,3,0,0,0,3,0,0,0.0,0.84,0,0,0,0,0,1,4.0889,3.8297,1,1,0,0,0,0,0,0,0,0.0,0,http://metamask-wallet-recovery-phrase.cam/connect,1
62,18,9,27,2,2,0,1,1,5,0,0,0.0,0.7903,0,0,0,0,0,0,4.2657,3.3502,1,1,0,0,0,0,0,0,0,0.0,0,http://suspicious-site.ga/redirect?url=http://victim-login.com,1
48,14,7,18,1,0,0,1,1,3,0,0,0.0,0.8333,0,1,0,0,0,0,4.2487,3.5216,0,0,0,0,0,0,0,0,0,0.0,0,https://aliexpress.com/search?q=machine+learning,0
50,37,6,0,4,1,0,0,0,3,0,0,0.0,0.82,0,0,0,3,1,0,4.2142,3.9662,3,1,1,1,1,1,1,2,0,0.75,2,http://appleid.apple.com.verify-identity.fun/login,1
28,14,7,0,2,0,0,0,0,3,0,0,0.0,0.7857,0,0,0,1,0,0,3.8249,3.2359,1,0,0,0,0,0,0,0,0,0.0,0,http://app.target.com/signin,0
43,29,7,0,1,3,0,0,0,3,0,0,0.0,0.814,0,0,0,0,0,1,4.0277,3.7454,3,1,0,1,1,1,1,7,1,0.95,2,http://claim-free-crypto-airdrop.top/wallet,1
69,13,18,30,3,0,0,1,1,4,0,20,0.2899,0.5652,1,0,0,2,0,0,4.7347,2.7193,3,0,0,1,1,0,1,12,1,0.74,1,http://186.93.11.142/auth/verification?token=7rx1i50cctbdvuua049r64a1,1
33,19,7,0,1,1,0,0,0,3,0,1,0.0303,0.7879,0,0,0,0,0,0,4.165,3.8269,2,0,0,1,1,1,1,8,0,0.88,0,http://paypa1-security.com/webscr,1
20,12,1,0,2,0,0,0,0,3,0,0,0.0,0.7,0,0,0,1,0,0,3.6842,3.085,0,0,0,0,0,0,0,0,0,0.0,0,http://mail.zoom.us/,0
34,12,15,0,3,0,0,0,0,4,0,9,0.2647,0.5,1,0,0,2,0,0,4.1607,2.6258,1,0,1,0,0,0,0,0,0,0.0,0,http://39.185.10.31/banking/online,1
48,19,7,14,3,1,0,1,1,3,0,0,0.0,0.7708,0,0,0,2,0,0,4.5165,3.3264,4,1,1,0,0,0,0,0,0,0.0,0,http://login.paypal.com.ml/webscr?cmd=_login-run,1
34,20,7,0,1,3,0,0,0,3,0,1,0.0294,0.7353,0,0,1,0,0,1,4.1163,3.6464,1,0,0,1,1,0,1,8,0,0.76,1,http://xn--mcrosoft-p1a.com/update,1
70,14,18,30,3,0,0,1,1,4,0,16,0.2286,0.6286,1,0,0,2,0,0,4.7967,2.6995,3,0,0,0,0,0,0,0,0,0.0,0,http://156.127.186.78/auth/verification?token=l1bmkb1ton0gknuq3s1kvqmf,1
53,33,13,0,1,3,0,0,0,4,0,0,0.0,0.8302,0,0,0,0,0,1,4.2895,4.0667,3,1,0,1,1,1,1,11,1,0.8,1,http://hdfc-netbanking-customer-care.icu/secure/login,1
50,35,8,0,1,3,0,0,0,3,0,0,0.0,0.84,0,0,0,0,0,1,4.2411,4.0116,1,1,0,1,1,0,1,3,1,0.9,0,http://metamask-wallet-recovery-phrase.xyz/connect,1
34,20,7,0,1,3,0,0,0,3,0,1,0.0294,0.7353,0,0,1,0,0,1,4.1163,3.6464,1,0,0,0,0,0,0,0,0,0.0,0,http://xn--mcrosoft-p1a.com/update,1
30,13,10,0,4,0,0,0,0,3,0,10,0.3333,0.4,1,0,0,2,0,0,3.8729,2.6032,1,0,0,1,1,1,1,2,1,0.83,0,http://141.3.199.209/login.php,1
47,35,5,0,1,3,0,0,0,3,0,0,0.0,0.8298,0,0,0,0,0,1,4.3072,4.036,4,1,0,1,1,0,1,6,1,0.78,1,http://secure-wellsfargo-banking-alert.cam/auth,1
72,12,28,23,2,2,0,1,3,4,0,5,0.0694,0.7222,0,1,0,1,0,0,4.6352,3.085,1,0,0,0,0,0,0,0,0,0.0,0,https://api.imdb.com/help-center/contact-support?ref=nav&q=test&id=89309,0
67,12,23,23,2,1,0,1,3,4,0,5,0.0746,0.7164,0,1,0,1,0,0,4.6909,3.085,0,0,0,0,0,0,0,0,0,0.0,0,https://api.imdb.com/explore/popular-topics?ref=nav&q=test&id=33219,0
48,16,25,0,2,0,0,0,0,5,0,0,0.0,0.8333,0,0,0,1,0,0,4.2726,3.3278,0,0,0,0,0,0,0,1,0,0.32,0,http://dev.facebook.com/user/dashboard/analytics,0
86,14,40,23,2,1,0,1,3,6,0,11,0.1279,0.686,0,1,0,1,0,0,4.8842,2.8963,1,0,0,0,0,0,0,2,0,0.21,0,https://www.amazon.com/article/2026/08/technology-breakthrough?ref=nav&q=test&id=90400,0
60,13,40,0,2,1,0,0,0,6,0,6,0.1,0.7333,0,0,0,1,0,0,4.4067,2.8151,0,0,0,0,0,0,0,1,0,0.3,0,http://www.yahoo.com/article/2026/08/technology-breakthrough,0
49,15,7,18,2,0,0,1,1,3,0,0,0.0,0.8163,0,1,0,1,0,0,4.364,3.5069,0,0,0,0,0,0,0,1,0,0.12,0,https://docs.gitlab.com/search?q=machine+learning,0
45,13,25,0,4,0,0,0,0,5,0,10,0.2222,0.5556,1,0,0,2,0,0,4.3055,2.6612,2,0,1,1,1,0,1,5,1,0.72,1,http://118.138.20.93/signin/paypal/index.html,1
65,18,40,0,2,1,0,0,0,6,0,6,0.0923,0.7538,0,0,0,1,0,0,4.4878,3.5033,0,0,0,0,0,0,0,2,0,0.21,0,http://api.aliexpress.com/article/2026/08/technology-breakthrough,0
81,13,36,23,2,3,0,1,3,5,0,13,0.1605,0.6296,0,1,0,1,0,0,4.9651,3.2389,0,0,0,0,0,0,0,4,0,0.14,0,https://api.slack.com/questions/12345678/how-to-fix-error?ref=nav&q=test&id=89011,0
52,37,7,0,4,1,0,0,0,3,0,0,0.0,0.8269,0,1,0,3,1,0,4.2728,3.8918,3,1,1,1,1,1,0,8,1,0.78,1,https://appleid.apple.com.account-recovery.ga/verify,1
49,36,6,0,4,1,0,0,0,3,0,0,0.0,0.8163,0,0,0,3,1,0,4.1792,3.9267,3,1,1,0,0,0,0,0,0,0.0,0,http://appleid.apple.com.verify-identity.tk/login,1
54,41,6,0,2,2,0,0,0,3,0,0,0.0,0.8519,0,0,0,1,0,1,4.3102,4.0347,4,1,1,0,0,0,0,0,0,0.0,0,http://wellsfargo.banking-access-service.monster/login,1
47,14,1,23,1,0,0,1,3,3,0,5,0.1064,0.6596,0,1,0,0,0,0,4.6553,3.3788,0,0,0,0,0,0,0,1,0,0.08,0,https://cloudflare.com/?ref=nav&q=test&id=79114,0
48,19,7,14,3,1,0,1,1,3,0,0,0.0,0.7708,0,0,0,2,0,0,4.5268,3.3264,4,1,1,1,1,0,1,12,0,0.65,2,http://login.paypal.com.ga/webscr?cmd=_login-run,1
41,27,7,0,1,2,0,0,0,3,0,0,0.0,0.8293,0,0,0,0,0,1,4.2411,3.9121,4,1,0,0,0,0,0,0,0,0.0,0,http://paypal-account-verify.click/signin,1
30,17,6,0,1,3,0,0,0,3,0,0,0.0,0.7333,0,0,1,0,0,1,4.0314,3.4548,1,0,0,1,1,1,1,9,0,0.94,0,http://xn--paypl-qqa.com/login,1
53,21,25,0,2,2,0,0,0,4,0,0,0.0,0.8302,0,0,0,1,0,0,4.1992,3.1369,0,0,0,0,0,0,0,2,0,0.06,0,http://dev.geeksforgeeks.org/about-us/leadership-team,0
52,39,6,0,1,3,0,0,0,3,0,0,0.0,0.8462,0,0,0,0,0,1,4.0628,3.7627,2,1,0,0,0,0,0,0,0,0.0,0,http://icici-rewards-points-redemption.monster/claim,1
29,15,6,0,2,0,0,0,0,3,0,0,0.0,0.7931,0,1,0,1,0,0,3.8573,3.2402,1,0,0,0,0,0,0,0,0,0.0,0,https://app.mozilla.org/login,0
74,14,28,23,2,2,0,1,3,4,0,5,0.0676,0.7297,0,1,0,1,0,0,4.6183,3.0391,1,0,0,0,0,0,0,0,0,0.0,0,https://docs.slack.com/help-center/contact-support?ref=nav&q=test&id=63025,0
58,10,17,22,1,2,0,1,3,3,0,4,0.069,0.7069,0,1,0,0,0,0,4.5108,2.8464,1,0,0,0,0,0,0,2,0,0.26,0,https://medium.com/terms-of-service?ref=nav&q=test&id=8428,0
57,13,36,0,2,3,0,0,0,5,0,8,0.1404,0.6667,0,1,0,1,0,0,4.5867,2.8731,0,0,0,0,0,0,0,0,0,0.0,0,https://app.yahoo.com/questions/12345678/how-to-fix-error,0
54,21,25,0,2,2,0,0,0,4,0,0,0.0,0.8333,0,1,0,1,0,0,4.3177,3.5945,0,0,0,0,0,0,0,3,0,0.12,0,https://www.stackoverflow.com/about-us/leadership-team,0
48,30,11,0,1,3,0,0,0,3,0,0,0.0,0.8333,0,0,0,0,0,1,4.1756,3.8566,3,1,0,0,0,0,0,0,0,0.0,0,http://unauthorized-login-detected.ga/secure-now,1
34,12,15,0,3,0,0,0,0,4,0,9,0.2647,0.5,1,0,0,2,0,0,4.2417,2.8554,1,0,1,1,1,1,1,2,0,0.73,1,http://89.52.34.123/banking/online,1
46,15,1,22,2,0,0,1,3,3,0,4,0.087,0.6522,0,0,0,1,0,0,4.6318,3.1396,0,0,0,0,0,0,0,0,0,0.0,0,http://www.dropbox.com/?ref=nav&q=test&id=3255,0
52,34,11,0,1,3,0,0,0,4,0,3,0.0577,0.7692,0,0,0,0,0,1,4.4576,4.1163,4,1,0,1,1,0,1,12,0,0.71,1,http://microsoft-365-password-reset.click/auth/login,1
49,35,7,0,1,3,0,0,0,3,0,0,0.0,0.8367,0,0,0,0,0,1,4.2803,3.9573,5,1,0,0,0,0,0,0,0,0.0,0,http://paypal-account-security-update.buzz/verify,1
25,17,0,0,2,0,0,0,0,2,0,0,0.0,0.8,0,1,0,1,0,0,3.7337,3.1019,0,0,0,0,0,0,0,0,0,0.0,0,https://api.icicibank.com,0
43,29,7,0,1,2,0,0,0,3,0,0,0.0,0.8372,0,0,0,0,0,1,3.9323,3.7285,0,1,0,0,0,0,0,0,0,0.0,0,http://immediate-action-required.top/notice,1
31,14,10,0,4,0,0,0,0,3,0,11,0.3548,0.3871,1,0,0,2,0,0,3.9779,2.8424,1,0,0,1,1,1,1,3,0,0.76,1,http://143.184.225.16/login.php,1
44,14,23,0,1,1,0,0,0,4,0,0,0.0,0.8409,0,0,0,0,0,0,3.9823,3.2359,0,0,0,0,0,0,0,3,0,0.14,0,http://salesforce.com/explore/popular-topics,0
95,11,30,45,2,0,0,2,5,5,0,6,0.0632,0.7368,0,1,0,1,0,0,4.6365,3.0958,0,0,0,0,0,0,0,0,0,0.0,0,https://dev.zoom.us/products/category/electronics?page=2&sort=price_asc?ref=nav&q=test&id=78248,0
30,17,6,0,1,3,0,0,0,3,0,0,0.0,0.7333,0,0,1,0,0,1,4.0314,3.4548,1,0,0,1,1,0,1,5,1,0.81,0,http://xn--paypl-qqa.com/login,1
46,10,28,0,1,2,0,0,0,4,0,0,0.0,0.8261,0,1,0,0,0,0,3.882,3.1219,1,0,0,0,0,0,0,0,0,0.0,0,https://target.com/help-center/contact-support,0
63,14,17,23,2,2,0,1,3,3,0,5,0.0794,0.6984,0,1,0,1,0,0,4.5527,3.182,1,0,0,0,0,0,0,1,0,0.24,0,https://docs.twitch.tv/terms-of-service?ref=nav&q=test&id=12769,0
45,13,25,0,2,0,0,0,0,5,0,0,0.0,0.8222,0,0,0,1,0,0,4.1364,3.2389,1,0,0,0,0,0,0,3,0,0.29,0,http://dev.chase.com/user/dashboard/analytics,0
40,26,7,0,1,2,0,0,0,3,0,1,0.025,0.8,0,0,0,0,0,1,4.2842,4.1329,3,0,0,0,0,0,0,0,0,0.0,0,http://netfl1x-billing-update.com/signin,1
56,19,6,23,2,0,0,1,3,3,0,5,0.0893,0.6964,0,0,0,1,0,0,4.6241,3.2866,1,0,0,0,0,0,0,0,0,0.0,0,http://docs.salesforce.com/login?ref=nav&q=test&id=60057,0
40,15,18,0,4,0,0,0,0,4,0,12,0.3,0.475,1,0,0,2,0,0,3.9317,2.3899,2,0,1,0,0,0,0,0,0,0.0,0,http://124.135.112.225/paypal/signin.php,1
47,33,7,0,1,3,0,0,0,3,0,0,0.0,0.8298,0,0,0,0,0,1,4.2325,3.8997,5,1,0,1,1,1,1,11,1,0.83,2,http://paypal-account-security-update.ml/verify,1
39,11,6,13,1,0,0,1,1,3,0,2,0.0513,0.7692,0,1,0,0,0,0,4.4707,3.0272,0,0,0,0,0,0,0,0,0,0.0,0,https://dropbox.com/watch?v=dQw4w9WgXcQ,0
47,34,6,0,1,3,0,0,0,3,0,0,0.0,0.8298,0,0,0,0,0,1,4.1334,3.8559,2,1,0,0,0,0,0,0,0,0.0,0,http://icici-rewards-points-redemption.ga/claim,1
31,17,6,0,2,0,0,0,0,3,0,0,0.0,0.8065,0,1,0,1,0,0,3.9134,3.3372,2,0,0,1,1,0,0,1,0,0.08,0,https://app.microsoft.com/login,0
45,31,7,0,1,3,0,0,0,3,0,0,0.0,0.8222,0,0,0,0,0,1,4.1023,3.8087,3,1,0,1,1,1,1,12,0,0.92,1,http://claim-free-crypto-airdrop.click/wallet,1
54,34,13,0,1,3,0,0,0,4,0,0,0.0,0.8333,0,0,0,0,0,1,4.3638,4.1529,3,1,0,1,1,1,1,3,1,0.67,2,http://hdfc-netbanking-customer-care.work/secure/login,1
52,32,13,0,1,3,0,0,0,4,0,0,0.0,0.8269,0,0,0,0,0,1,4.3018,4.0695,3,1,0,0,0,0,0,0,0,0.0,0,http://hdfc-netbanking-customer-care.tk/secure/login,1
72,32,5,27,1,3,0,1,1,3,0,8,0.1111,0.75,0,0,0,0,0,1,4.9061,3.9917,1,1,0,1,1,0,1,11,1,0.71,2,http://google-drive-shared-document.cam/view?id=pvum6zltq34y23d5x0ljojl2,1
99,15,30,45,2,0,0,2,5,5,0,6,0.0606,0.7475,0,1,0,1,0,0,4.6006,2.9736,0,0,0,0,0,0,0,0,0,0.0,0,https://www.walmart.com/products/category/electronics?page=2&sort=price_asc?ref=nav&q=test&id=72522,0
46,34,5,0,1,3,0,0,0,3,0,0,0.0,0.8261,0,0,0,0,0,1,4.249,3.9987,4,1,0,1,1,1,1,2,0,0.84,0,http://secure-wellsfargo-banking-alert.tk/auth,1
31,17,6,0,2,0,0,0,0,3,0,0,0.0,0.8065,0,1,0,1,0,0,3.9134,3.3372,2,0,0,1,1,0,0,2,0,0.23,0,https://api.microsoft.com/login,0
51,37,7,0,1,3,0,0,0,3,0,0,0.0,0.8431,0,0,0,0,0,1,4.1627,3.6585,3,1,0,0,0,0,0,0,0,0.0,0,http://coinbase-account-suspended-notice.icu/verify,1
48,16,25,0,2,2,0,0,0,4,0,0,0.0,0.8125,0,0,0,1,0,0,4.2857,3.875,0,0,0,0,0,0,0,0,0,0.0,0,http://dev.flipkart.com/about-us/leadership-team,0
46,26,13,0,1,3,0,0,0,4,0,0,0.0,0.8043,0,0,0,0,0,1,4.1705,3.7193,2,1,0,1,1,1,1,11,1,0.72,1,http://sbi-online-banking-kyc.cam/retail/login,1
63,14,17,23,2,0,0,1,3,4,0,5,0.0794,0.7143,0,1,0,1,0,0,4.6355,3.0391,1,0,0,0,0,0,0,0,0,0.06,0,https://api.amazon.com/profile/settings?ref=nav&q=test&id=49683,0
51,17,27,0,2,1,0,0,0,7,0,0,0.0,0.7843,0,0,0,0,0,0,4.2327,3.8522,4,1,0,0,0,0,0,0,0,0.0,0,http://portal-service.gq//account/verify//login.php,1
55,17,6,23,2,0,0,1,3,3,0,5,0.0909,0.6909,0,1,0,1,0,0,4.6516,3.4548,1,0,0,0,0,0,0,0,0,0.0,0,https://app.instagram.com/login?ref=nav&q=test&id=84370,0
76,18,7,42,2,0,0,2,4,3,0,5,0.0658,0.7368,0,1,0,1,0,0,4.6277,3.5724,0,0,0,0,0,0,0,0,0,0.0,0,https://dev.huggingface.co/search?q=machine+learning?ref=nav&q=test&id=38813,0
71,31,5,27,1,3,0,1,1,3,0,5,0.0704,0.7887,0,0,0,0,0,1,4.6917,3.9536,1,1,0,1,1,1,1,4,1,0.74,2,http://google-drive-shared-document.ga/view?id=1g1o7bkri2lag1uizjppsvil,1
43,27,9,0,1,2,0,0,0,3,0,0,0.0,0.8372,0,0,0,0,0,1,4.2023,3.7821,2,1,0,0,0,0,0,0,0,0.0,0,http://binance-kyc-verification.ga/security,1
99,15,30,45,2,0,0,2,5,5,0,6,0.0606,0.7475,0,1,0,1,0,0,4.6196,3.5069,0,0,0,0,0,0,0,3,0,0.32,0,https://dev.nytimes.com/products/category/electronics?page=2&sort=price_asc?ref=nav&q=test&id=14584,0
78,18,30,21,2,0,0,1,2,5,0,1,0.0128,0.8205,0,1,0,1,0,0,4.3343,3.2391,0,0,0,0,0,0,0,0,0,0.0,0,https://docs.icicibank.com/products/category/electronics?page=2&sort=price_asc,0
42,30,5,0,1,3,0,0,0,3,0,0,0.0,0.8095,0,0,0,0,0,1,4.2462,4.0729,3,1,0,0,0,0,0,0,0,0.0,0,http://banking-portal-secure-entry.ml/auth,1
50,17,7,18,2,0,0,1,1,3,0,0,0.0,0.82,0,0,0,1,0,0,4.3986,3.2639,0,0,0,0,0,0,0,3,0,0.15,0,http://blog.facebook.com/search?q=machine+learning,0
48,34,7,0,1,3,0,0,0,3,0,0,0.0,0.8333,0,0,0,0,0,1,4.2904,3.962,2,1,0,1,1,1,1,12,1,0.74,0,http://customer-support-helpdesk-agent.tk/verify,1
71,15,25,22,2,2,0,1,3,4,0,4,0.0563,0.7324,0,1,0,1,0,0,4.604,3.3736,0,0,0,0,0,0,0,3,0,0.26,0,https://docs.target.com/about-us/leadership-team?ref=nav&q=test&id=4274,0
44,30,7,0,1,3,0,0,0,3,0,0,0.0,0.8182,0,0,0,0,0,1,4.1209,3.8696,3,1,0,0,0,0,0,0,0,0.0,0,http://claim-free-crypto-airdrop.work/wallet,1
54,19,28,0,2,2,0,0,0,4,0,0,0.0,0.8333,0,0,0,1,0,0,4.068,3.5766,1,0,0,0,0,0,0,0,0,0.0,0,http://docs.aliexpress.com/help-center/contact-support,0
22,14,0,0,1,0,0,0,0,2,0,0,0.0,0.8182,0,1,0,0,0,0,4.0049,3.3788,0,0,0,0,0,0,0,0,0,0.0,0,https://cloudflare.com,0
41,16,17,0,2,2,0,0,0,3,0,0,0.0,0.8049,0,1,0,1,0,0,4.1132,3.3278,1,0,0,0,0,0,0,0,0,0.0,0,https://api.facebook.com/terms-of-service,0
30,17,6,0,1,3,0,0,0,3,0,0,0.0,0.7333,0,0,1,0,0,1,4.2566,3.4548,0,0,0,0,0,0,0,0,0,0.0,0,http://xn--gogle-qqa.com/drive,1
40,15,17,0,2,0,0,0,0,4,0,0,0.0,0.825,0,1,0,1,0,0,4.0439,3.3736,0,0,0,0,0,0,0,1,0,0.08,0,https://mail.reddit.com/profile/settings,0
50,30,13,0,1,3,0,0,0,4,0,0,0.0,0.82,0,0,0,0,0,1,4.1611,3.8696,2,1,0,0,0,0,0,0,0,0.0,0,http://sbi-online-banking-kyc.monster/retail/login,1
41,11,22,0,2,1,0,0,0,5,0,1,0.0244,0.7561,0,1,0,1,0,0,4.1476,3.0958,0,0,0,0,0,0,0,0,0,0.24,0,https://app.nih.gov/docs/v2/api-reference,0
50,14,28,0,2,2,0,0,0,4,0,0,0.0,0.82,0,1,0,1,0,0,4.1806,3.6645,1,0,0,0,0,0,0,0,0,0.0,0,https://dev.github.com/help-center/contact-support,0
46,12,27,0,3,2,0,0,0,4,0,9,0.1957,0.587,1,0,0,2,0,0,4.5121,2.3962,3,0,1,0,0,0,0,0,0,0.0,0,http://12.38.151.22/secure/update-banking-info,1
68,15,22,23,2,1,0,1,3,5,0,6,0.0882,0.6912,0,0,0,1,0,0,4.6479,2.9736,1,0,0,0,0,0,0,4,0,0.23,0,http://docs.google.com/docs/v2/api-reference?ref=nav&q=test&id=28745,0
41,16,17,0,2,0,0,0,0,4,0,0,0.0,0.8293,0,1,0,1,0,0,4.1012,3.375,0,0,0,0,0,0,0,1,0,0.14,0,https://dev.linkedin.com/profile/settings,0
80,18,30,23,3,0,0,1,3,5,0,5,0.0625,0.75,0,1,0,1,0,0,4.6081,3.2391,0,0,0,0,0,0,0,2,0,0.13,0,https://docs.icicibank.com/download/latest/installer.exe?ref=nav&q=test&id=42988,0
51,17,27,0,2,1,0,0,0,7,0,0,0.0,0.7843,0,0,0,0,0,0,4.2011,3.7345,4,1,0,0,0,0,0,0,0,0.0,0,http://portal-service.tk//account/verify//login.php,1
44,13,23,0,2,1,0,0,0,4,0,0,0.0,0.8182,0,1,0,1,0,0,4.0157,3.0851,0,0,0,0,0,0,0,0,0,0.15,0,https://app.adobe.com/explore/popular-topics,0
40,27,6,0,1,2,0,0,0,3,0,0,0.0,0.825,0,0,0,0,0,1,4.0898,3.736,4,1,0,0,0,0,0,0,0,0.0,0,http://account-security-update.top/login,1
44,19,17,0,2,0,0,0,0,4,0,0,0.0,0.8409,0,1,0,1,0,0,4.0077,3.5766,1,0,0,0,0,0,0,3,0,0.23,0,https://support.mozilla.org/profile/settings,0
55,26,22,0,1,3,0,0,0,4,0,0,0.0,0.8364,0,0,0,0,0,1,4.1834,3.6714,4,1,0,0,0,0,0,0,0,0.0,0,http://chase-security-alert.click/auth/confirm-identity,1
53,21,25,0,2,0,0,0,0,5,0,0,0.0,0.8491,0,0,0,1,0,0,4.2979,3.5585,0,0,0,0,0,0,0,4,0,0.27,0,http://www.bankofamerica.com/user/dashboard/analytics,0
39,15,17,0,2,2,0,0,0,3,0,0,0.0,0.7949,0,0,0,1,0,0,4.0579,3.3736,1,0,0,0,0,0,0,0,0,0.0,0,http://mail.target.com/terms-of-service,0
62,14,40,0,2,1,0,0,0,6,0,6,0.0968,0.7419,0,1,0,1,0,0,4.4665,3.2359,0,0,0,0,0,0,0,0,0,0.0,0,https://app.docker.com/article/2026/08/technology-breakthrough,0
55,17,30,0,3,0,0,0,0,5,0,0,0.0,0.8364,0,1,0,1,0,0,4.0972,3.4548,1,0,0,0,0,0,0,0,0,0.0,0,https://support.arxiv.org/download/latest/installer.exe,0
60,12,40,0,2,1,0,0,0,6,0,6,0.1,0.7333,0,1,0,1,0,0,4.4631,3.2516,0,0,0,0,0,0,0,0,0,0.0,0,https://api.ebay.com/article/2026/08/technology-breakthrough,0
50,37,6,0,4,1,0,0,0,3,0,0,0.0,0.82,0,0,0,3,1,0,4.2142,3.9662,3,1,1,0,0,0,0,0,0,0.0,0,http://appleid.apple.com.verify-identity.fun/login,1
61,15,38,0,2,1,0,0,0,6,0,0,0.0,0.8361,0,1,0,1,0,0,4.1614,3.3232,0,0,0,0,0,0,0,0,0,0.25,0,https://dev.dropbox.com/repos/organization/repo-name/releases,0
48,34,7,0,1,3,0,0,0,3,0,0,0.0,0.8333,0,0,0,0,0,1,4.33,4.0575,2,1,0,1,1,1,1,9,1,0.75,0,http://customer-support-helpdesk-agent.cf/verify,1
40,26,7,0,1,2,0,0,0,3,0,1,0.025,0.8,0,0,0,0,0,1,4.2842,4.1329,3,0,0,0,0,0,0,0,0,0.0,0,http://netfl1x-billing-update.com/signin,1
43,18,17,0,2,2,0,0,0,3,0,0,0.0,0.814,0,1,0,1,0,0,4.0918,3.6144,2,0,0,0,0,0,0,3,0,0.13,0,https://support.github.com/terms-of-service,0
49,15,7,18,2,0,0,1,1,3,0,0,0.0,0.8163,0,1,0,1,0,0,4.4202,3.3232,0,0,0,0,0,0,0,0,0,0.0,0,https://blog.medium.com/search?q=machine+learning,0
34,19,7,0,2,0,0,0,0,3,0,0,0.0,0.8235,0,1,0,1,0,0,4.1973,3.4714,1,0,0,0,0,0,0,0,0,0.0,0,https://mail.cloudflare.com/signin,0
43,29,7,0,1,3,0,0,0,3,0,0,0.0,0.814,0,0,0,0,0,1,4.2047,3.9354,3,1,0,1,1,1,1,5,1,0.73,0,http://claim-free-crypto-airdrop.fun/wallet,1
53,38,7,0,4,1,0,0,0,3,0,0,0.0,0.8302,0,1,0,3,1,0,4.2987,3.9977,3,1,1,0,0,0,0,0,0,0.0,0,https://appleid.apple.com.account-recovery.sbs/verify,1
48,15,26,0,2,1,0,0,0,6,0,0,0.0,0.7708,0,0,0,0,0,0,4.1969,3.5069,3,1,1,0,0,0,0,0,0,0.0,0,http://auth-check.work/https://paypal.com/signin,1
50,15,28,0,2,2,0,0,0,4,0,0,0.0,0.82,0,0,0,1,0,0,3.9888,3.3736,1,0,0,0,0,0,0,0,0,0.34,0,http://blog.target.com/help-center/contact-support,0
62,18,36,0,2,3,0,0,0,5,0,8,0.129,0.6935,0,1,0,1,0,0,4.5432,3.3921,2,0,0,0,0,0,0,0,0,0.0,0,https://support.google.com/questions/12345678/how-to-fix-error,0
72,32,5,27,1,3,0,1,1,3,0,8,0.1111,0.75,0,0,0,0,0,1,4.8761,4.0542,1,1,0,0,0,0,0,0,0,0.0,0,http://google-drive-shared-document.fun/view?id=z0fe9cyl72wzs9hrc8t8gq6d,1
73,13,28,23,3,2,0,1,3,4,0,5,0.0685,0.7123,0,1,0,2,0,0,4.5989,2.8151,1,0,1,0,0,0,0,3,0,0.26,0,https://www.sbi.co.in/help-center/contact-support?ref=nav&q=test&id=78187,0
52,18,27,0,2,1,0,0,0,7,0,0,0.0,0.7885,0,0,0,0,0,0,4.2354,3.6835,4,1,0,1,1,1,1,12,0,0.8,1,http://portal-service.sbs//account/verify//login.php,1
42,27,8,0,1,3,0,0,0,3,0,0,0.0,0.8095,0,0,0,0,0,1,4.2369,3.8562,2,1,0,1,1,1,1,8,0,0.75,2,http://verify-your-identity-now.ga/confirm,1
74,15,28,23,2,2,0,1,3,4,0,5,0.0676,0.7297,0,0,0,1,0,0,4.5926,3.0566,1,0,0,0,0,0,0,1,0,0.35,0,http://docs.medium.com/help-center/contact-support?ref=nav&q=test&id=88736,0
48,19,7,14,3,1,0,1,1,3,0,0,0.0,0.7708,0,0,0,2,0,0,4.5841,3.5766,4,1,1,1,1,0,1,8,0,0.77,0,http://login.paypal.com.tk/webscr?cmd=_login-run,1
55,35,13,0,1,3,0,0,0,4,0,0,0.0,0.8364,0,0,0,0,0,1,4.3016,4.1043,3,1,0,0,0,0,0,0,0,0.0,0,http://hdfc-netbanking-customer-care.click/secure/login,1
50,37,6,0,4,1,0,0,0,3,0,0,0.0,0.82,0,0,0,3,1,0,4.104,3.8482,3,1,1,0,0,0,0,0,0,0.0,0,http://appleid.apple.com.verify-identity.top/login,1
50,37,6,0,4,1,0,0,0,3,0,0,0.0,0.82,0,0,0,3,1,0,4.2142,3.9662,3,1,1,1,1,1,1,9,1,0.84,1,http://appleid.apple.com.verify-identity.fun/login,1
55,19,28,0,2,2,0,0,0,4,0,0,0.0,0.8364,0,1,0,1,0,0,4.1544,3.5369,1,0,0,0,0,0,0,0,0,0.0,0,https://blog.cloudflare.com/help-center/contact-support,0
48,19,7,14,3,1,0,1,1,3,0,0,0.0,0.7708,0,0,0,2,0,0,4.5739,3.4714,4,1,1,1,1,0,1,8,1,0.67,2,http://login.paypal.com.cf/webscr?cmd=_login-run,1
49,20,7,14,3,1,0,1,1,3,0,0,0.0,0.7755,0,0,0,2,0,0,4.6497,3.5842,4,1,1,1,1,1,1,10,1,0.88,0,http://login.paypal.com.xyz/webscr?cmd=_login-run,1
47,35,5,0,1,3,0,0,0,3,0,0,0.0,0.8298,0,0,0,0,0,1,4.2667,3.9929,4,1,0,1,1,1,1,5,0,0.87,0,http://secure-wellsfargo-banking-alert.fun/auth,1
63,15,40,0,2,1,0,0,0,6,0,6,0.0952,0.746,0,1,0,1,0,0,4.4846,3.5069,0,0,0,0,0,0,0,3,0,0.14,0,https://app.nytimes.com/article/2026/08/technology-breakthrough,0
44,11,25,0,1,0,0,0,0,5,0,0,0.0,0.8409,0,1,0,0,0,0,4.1418,3.2776,0,0,0,0,0,0,0,0,0,0.0,0,https://spotify.com/user/dashboard/analytics,0
48,30,11,0,1,3,0,0,0,3,0,0,0.0,0.8333,0,0,0,0,0,1,4.1756,3.8566,3,1,0,0,0,0,0,0,0,0.0,0,http://unauthorized-login-detected.ga/secure-now,1
30,17,6,0,1,3,0,0,0,3,0,0,0.0,0.7333,0,0,1,0,0,1,4.2566,3.4548,0,0,0,0,0,0,0,0,0,0.0,0,http://xn--gogle-qqa.com/drive,1
54,10,36,0,1,3,0,0,0,5,0,8,0.1481,0.6667,0,1,0,0,0,0,4.5744,2.8464,0,0,0,0,0,0,0,0,0,0.0,0,https://medium.com/questions/12345678/how-to-fix-error,0
44,12,25,0,4,0,0,0,0,5,0,9,0.2045,0.5682,1,0,0,2,0,0,4.2916,2.6258,2,0,1,0,0,0,0,0,0,0.0,0,http://158.9.163.81/signin/paypal/index.html,1
71,15,18,30,3,0,0,1,1,4,0,25,0.3521,0.507,1,0,0,2,0,0,4.7943,2.9232,3,0,0,0,0,0,0,0,0,0.0,0,http://126.183.170.156/auth/verification?token=n6mc0u049c99lfn306s9u5x6,1
63,18,38,0,2,1,0,0,0,6,0,0,0.0,0.8413,0,0,0,1,0,0,4.0581,3.5033,1,0,0,0,0,0,0,0,0,0.0,0,http://support.reddit.com/repos/organization/repo-name/releases,0
53,33,13,0,1,3,0,0,0,4,0,0,0.0,0.8302,0,0,0,0,0,1,4.3106,4.0815,3,1,0,1,1,0,1,4,0,0.92,1,http://hdfc-netbanking-customer-care.sbs/secure/login,1
98,14,30,45,2,0,0,2,5,5,0,6,0.0612,0.7449,0,1,0,1,0,0,4.6742,3.2359,0,0,0,0,0,0,0,0,0,0.0,0,https://blog.slack.com/products/category/electronics?page=2&sort=price_asc?ref=nav&q=test&id=31483,0
52,35,10,0,1,3,0,0,0,4,0,0,0.0,0.8269,0,0,0,0,0,1,4.0679,3.829,2,1,0,0,0,0,0,0,0,0.0,0,http://amazon-unusual-activity-signin.buzz/ap/signin,1
62,14,40,0,2,1,0,0,0,6,0,6,0.0968,0.7419,0,1,0,1,0,0,4.4516,3.5216,0,0,0,0,0,0,0,2,0,0.25,0,https://api.github.com/article/2026/08/technology-breakthrough,0
39,26,6,0,1,2,0,0,0,3,0,0,0.0,0.8205,0,0,0,0,0,1,4.1411,3.8151,4,1,0,0,0,0,0,0,0,0.0,0,http://account-security-update.ga/login,1
46,14,25,0,4,0,0,0,0,5,0,11,0.2391,0.5435,1,0,0,2,0,0,4.3466,2.7885,2,0,1,0,0,0,0,0,0,0.0,0,http://197.155.138.65/signin/paypal/index.html,1
49,31,11,0,1,3,0,0,0,3,0,0,0.0,0.8367,0,0,0,0,0,1,4.1291,3.8732,3,1,0,1,1,1,1,6,0,0.68,2,http://unauthorized-login-detected.top/secure-now,1
48,30,11,0,1,3,0,0,0,3,0,0,0.0,0.8333,0,0,0,0,0,1,4.2173,3.9232,3,1,0,1,1,1,1,11,0,0.79,2,http://unauthorized-login-detected.gq/secure-now,1
81,11,38,23,2,1,0,1,3,6,0,5,0.0617,0.7407,0,1,0,1,0,0,4.6088,2.914,0,0,0,0,0,0,0,0,0,0.0,0,https://api.bbc.com/repos/organization/repo-name/releases?ref=nav&q=test&id=68037,0
54,25,22,0,1,3,0,0,0,4,0,0,0.0,0.8333,0,0,0,0,0,1,4.2701,3.8137,4,1,0,1,1,0,1,5,0,0.78,0,http://chase-security-alert.buzz/auth/confirm-identity,1
42,28,7,0,1,2,0,0,0,3,0,0,0.0,0.8333,0,0,0,0,0,1,4.0033,3.709,0,1,0,0,0,0,0,0,0,0.0,0,http://immediate-action-required.ml/notice,1
40,26,7,0,1,2,0,0,0,3,0,1,0.025,0.8,0,0,0,0,0,1,4.2842,4.1329,3,0,0,0,0,0,0,0,0,0.0,0,http://netfl1x-billing-update.com/signin,1
66,14,6,37,2,0,0,2,4,3,0,7,0.1061,0.6818,0,1,0,1,0,0,4.8734,3.3249,0,0,0,0,0,0,0,0,0,0.18,0,https://www.github.com/watch?v=dQw4w9WgXcQ?ref=nav&q=test&id=97531,0
49,13,28,0,2,2,0,0,0,4,0,0,0.0,0.8163,0,1,0,1,0,0,4.1499,3.027,1,0,0,0,0,0,0,1,0,0.07,0,https://mail.imdb.com/help-center/contact-support,0
43,29,7,0,1,3,0,0,0,3,0,0,0.0,0.814,0,0,0,0,0,1,4.0277,3.7454,3,1,0,0,0,0,0,0,0,0.0,0,http://claim-free-crypto-airdrop.top/wallet,1
52,37,8,0,1,3,0,0,0,3,0,0,0.0,0.8462,0,0,0,0,0,1,4.1668,3.9492,1,1,0,0,0,0,0,0,0,0.0,0,http://metamask-wallet-recovery-phrase.click/connect,1
43,29,7,0,1,2,0,0,0,3,0,0,0.0,0.8372,0,0,0,0,0,1,4.023,3.7545,0,1,0,1,1,1,1,12,1,0.74,0,http://immediate-action-required.fun/notice,1
48,16,0,23,2,0,0,1,3,2,0,5,0.1042,0.6667,0,1,0,1,0,0,4.6887,3.0778,0,0,0,0,0,0,0,0,0,0.0,0,https://mail.mozilla.org?ref=nav&q=test&id=29163,0
51,34,10,0,1,3,0,0,0,4,0,0,0.0,0.8235,0,0,0,0,0,1,4.0098,3.7604,2,1,0,0,0,0,0,0,0,0.0,0,http://amazon-unusual-activity-signin.cam/ap/signin,1
51,38,6,0,4,1,0,0,0,3,0,0,0.0,0.8235,0,0,0,3,1,0,4.3248,4.09,3,1,1,0,0,0,0,0,0,0.0,0,http://appleid.apple.com.verify-identity.buzz/login,1
51,34,10,0,1,3,0,0,0,4,0,0,0.0,0.8235,0,0,0,0,0,1,4.0199,3.7826,2,1,0,0,0,0,0,0,0,0.0,0,http://amazon-unusual-activity-signin.fun/ap/signin,1
54,41,6,0,2,2,0,0,0,3,0,0,0.0,0.8519,0,0,0,1,0,1,4.3102,4.0347,4,1,1,0,0,0,0,0,0,0.0,0,http://wellsfargo.banking-access-service.monster/login,1
49,36,6,0,2,2,0,0,0,3,0,0,0.0,0.8367,0,0,0,1,0,1,4.3386,3.9959,4,1,1,0,0,0,0,0,0,0.0,0,http://wellsfargo.banking-access-service.gq/login,1
49,16,25,0,2,2,0,0,0,4,0,0,0.0,0.8163,0,1,0,1,0,0,4.1062,3.3278,0,0,0,0,0,0,0,3,0,0.14,0,https://mail.twitter.com/about-us/leadership-team,0
49,36,6,0,4,1,0,0,0,3,0,0,0.0,0.8163,0,0,0,3,1,0,4.1458,3.8712,3,1,1,0,0,0,0,0,0,0.0,0,http://appleid.apple.com.verify-identity.ml/login,1
73,33,5,27,1,3,0,1,1,3,0,5,0.0685,0.7945,0,0,0,0,0,1,4.7426,4.0667,1,1,0,1,1,1,1,6,0,0.82,2,http://google-drive-shared-document.work/view?id=tmkrkup7weicml0m9d2vz6jl,1
46,14,25,0,2,0,0,0,0,5,0,0,0.0,0.8261,0,0,0,1,0,0,4.2055,3.0391,0,0,0,0,0,0,0,3,0,0.16,0,http://dev.medium.com/user/dashboard/analytics,0
45,11,27,0,3,2,0,0,0,4,0,8,0.1778,0.6,1,0,0,2,0,0,4.5635,2.5949,3,0,1,0,0,0,0,0,0,0.0,0,http://142.227.9.8/secure/update-banking-info,1
40,26,7,0,1,2,0,0,0,3,0,1,0.025,0.8,0,0,0,0,0,1,4.2842,4.1329,3,0,0,1,1,1,1,10,0,0.75,2,http://netfl1x-billing-update.com/signin,1
54,33,14,0,2,2,0,0,0,4,0,0,0.0,0.8333,0,0,0,1,0,1,4.2478,3.9802,5,1,0,1,1,0,1,9,1,0.79,0,http://secure.netflix-payment-update.icu/account/login,1
49,35,7,0,1,3,0,0,0,3,0,0,0.0,0.8367,0,0,0,0,0,1,4.4262,4.1859,2,1,0,0,0,0,0,0,0,0.0,0,http://customer-support-helpdesk-agent.xyz/verify,1
51,19,0,23,2,0,0,1,3,2,0,5,0.098,0.6863,0,1,0,1,0,0,4.7505,3.5369,0,0,0,0,0,0,0,0,0,0.11,0,https://blog.cloudflare.com?ref=nav&q=test&id=63253,0
73,15,7,42,2,0,0,2,4,3,0,5,0.0685,0.726,0,1,0,1,0,0,4.6383,3.0062,0,0,0,0,0,0,0,0,0,0.13,0,https://mail.zomato.com/search?q=machine+learning?ref=nav&q=test&id=80480,0
75,21,23,23,2,1,0,1,3,4,0,5,0.0667,0.7467,0,0,0,1,0,0,4.682,3.5945,0,0,0,0,0,0,0,0,0,0.13,0,http://www.stackoverflow.com/explore/popular-topics?ref=nav&q=test&id=28585,0
63,19,9,27,2,2,0,1,1,5,0,0,0.0,0.7937,0,0,0,0,0,0,4.2281,3.0761,1,1,0,1,1,0,1,6,1,0.83,2,http://suspicious-site.sbs/redirect?url=http://victim-login.com,1
31,14,10,0,4,0,0,0,0,3,0,11,0.3548,0.3871,1,0,0,2,0,0,3.9378,2.7534,1,0,0,0,0,0,0,0,0,0.0,0,http://122.65.207.247/login.php,1
46,14,1,23,2,0,0,1,3,3,0,5,0.1087,0.6304,0,0,0,1,0,0,4.6753,3.182,0,0,0,0,0,0,0,0,0,0.0,0,http://www.kaggle.com/?ref=nav&q=test&id=36355,0
30,17,6,0,1,3,0,0,0,3,0,0,0.0,0.7333,0,0,1,0,0,1,4.2566,3.4548,0,0,0,0,0,0,0,0,0,0.0,0,http://xn--gogle-qqa.com/drive,1
59,13,38,0,2,1,0,0,0,6,0,0,0.0,0.8305,0,1,0,1,0,0,3.9962,2.8731,0,0,0,0,0,0,0,2,0,0.09,0,https://app.yahoo.com/repos/organization/repo-name/releases,0
74,17,25,23,2,0,0,1,3,5,0,5,0.0676,0.7432,0,1,0,1,0,0,4.6262,3.3372,1,0,0,0,0,0,0,0,0,0.0,0,https://api.microsoft.com/user/dashboard/analytics?ref=nav&q=test&id=78454,0
65,17,40,0,2,1,0,0,0,6,0,6,0.0923,0.7538,0,1,0,1,0,0,4.4858,3.2928,0,0,0,0,0,0,0,0,0,0.0,0,https://app.wikipedia.org/article/2026/08/technology-breakthrough,0
75,15,28,23,2,2,0,1,3,4,0,5,0.0667,0.7333,0,1,0,1,0,0,4.5255,3.2402,2,0,0,0,0,0,0,0,0,0.0,0,https://docs.paypal.com/help-center/contact-support?ref=nav&q=test&id=53533,0
44,13,23,0,2,1,0,0,0,4,0,0,0.0,0.8182,0,1,0,1,0,0,3.9896,3.027,1,0,0,0,0,0,0,0,0,0.0,0,https://www.apple.com/explore/popular-topics,0
31,14,10,0,4,0,0,0,0,3,0,11,0.3548,0.3871,1,0,0,2,0,0,3.9779,2.8424,1,0,0,1,1,1,1,4,0,0.67,2,http://177.123.46.130/login.php,1
53,32,14,0,2,2,0,0,0,4,0,0,0.0,0.8302,0,0,0,1,0,1,4.2678,3.9886,5,1,0,0,0,0,0,0,0,0.0,0,http://secure.netflix-payment-update.cf/account/login,1
56,22,27,0,2,1,0,0,0,7,0,0,0.0,0.8036,0,0,0,0,0,0,4.2087,3.7544,4,1,0,0,0,0,0,0,0,0.0,0,http://portal-service.monster//account/verify//login.php,1
39,25,7,0,1,2,0,0,0,3,0,0,0.0,0.8205,0,0,0,0,0,1,4.3294,4.0235,4,1,0,1,1,0,1,2,1,0.88,1,http://paypal-account-verify.xyz/signin,1
45,31,7,0,1,3,0,0,0,3,0,0,0.0,0.8222,0,0,0,0,0,1,4.1023,3.8087,3,1,0,0,0,0,0,0,0,0.0,0,http://claim-free-crypto-airdrop.click/wallet,1
53,14,7,23,1,0,0,1,3,3,0,5,0.0943,0.6981,0,1,0,0,0,0,4.5766,3.3249,1,0,0,1,1,0,0,4,0,0.19,0,https://huggingface.co/signin?ref=nav&q=test&id=38495,0
90,18,40,23,2,1,0,1,3,6,0,11,0.1222,0.7,0,1,0,1,0,0,4.8275,3.4613,1,0,0,0,0,0,0,1,0,0.13,0,https://support.medium.com/article/2026/08/technology-breakthrough?ref=nav&q=test&id=72760,0
23,15,0,0,2,0,0,0,0,2,0,0,0.0,0.7826,0,1,0,1,0,0,4.0888,3.5069,0,0,0,0,0,0,0,4,0,0.25,0,https://dev.mozilla.org,0
40,26,7,0,1,2,0,0,0,3,0,1,0.025,0.8,0,0,0,0,0,1,4.2842,4.1329,3,0,0,0,0,0,0,0,0,0.0,0,http://netfl1x-billing-update.com/signin,1
53,38,7,0,4,1,0,0,0,3,0,0,0.0,0.8302,0,1,0,3,1,0,4.2987,3.9977,3,1,1,0,0,0,0,0,0,0.0,0,https://appleid.apple.com.account-recovery.sbs/verify,1
78,17,30,23,3,0,0,1,3,5,0,5,0.0641,0.7436,0,0,0,1,0,0,4.594,3.1751,0,0,0,0,0,0,0,0,0,0.0,0,http://app.icicibank.com/download/latest/installer.exe?ref=nav&q=test&id=17977,0
51,37,7,0,1,3,0,0,0,3,0,0,0.0,0.8431,0,0,0,0,0,1,4.1627,3.6585,3,1,0,1,1,1,1,6,0,0.79,2,http://coinbase-account-suspended-notice.icu/verify,1
49,36,6,0,2,2,0,0,0,3,0,0,0.0,0.8367,0,0,0,1,0,1,4.2978,3.9267,4,1,1,1,1,0,1,4,1,0.81,1,http://wellsfargo.banking-access-service.cf/login,1
55,18,6,22,2,0,0,1,3,3,0,4,0.0727,0.7091,0,1,0,1,0,0,4.577,3.128,2,0,0,0,0,0,0,0,0,0.0,0,https://docs.microsoft.com/login?ref=nav&q=test&id=2391,0
40,26,7,0,1,2,0,0,0,3,0,1,0.025,0.8,0,0,0,0,0,1,4.2842,4.1329,3,0,0,1,1,0,1,12,1,0.71,2,http://netfl1x-billing-update.com/signin,1
48,30,11,0,1,3,0,0,0,3,0,0,0.0,0.8333,0,0,0,0,0,1,4.1777,3.8817,3,1,0,1,1,1,1,12,0,0.84,1,http://unauthorized-login-detected.tk/secure-now,1
50,36,7,0,1,3,0,0,0,3,0,0,0.0,0.84,0,0,0,0,0,1,4.2089,3.8747,5,1,0,1,1,1,1,9,1,0.69,2,http://paypal-account-security-update.click/verify,1
43,31,5,0,1,3,0,0,0,3,0,0,0.0,0.814,0,0,0,0,0,1,4.2137,4.0424,3,1,0,1,1,1,1,9,1,0.9,1,http://banking-portal-secure-entry.fun/auth,1
50,36,7,0,1,3,0,0,0,3,0,0,0.0,0.84,0,0,0,0,0,1,4.424,4.1206,2,1,0,1,1,1,1,9,0,0.79,1,http://customer-support-helpdesk-agent.buzz/verify,1
34,9,17,0,1,0,0,0,0,4,0,0,0.0,0.8235,0,1,0,0,0,0,4.0286,2.9477,0,0,0,0,0,0,0,0,0,0.0,0,https://slack.com/profile/settings,0
41,9,0,23,2,0,0,1,3,2,0,5,0.122,0.6098,0,1,0,1,0,0,4.5218,2.7255,0,0,1,0,0,0,0,0,0,0.0,0,https://sbi.co.in?ref=nav&q=test&id=76936,0
54,36,11,0,1,3,0,0,0,4,0,3,0.0556,0.7778,0,0,0,0,0,1,4.3431,3.9512,4,1,0,0,0,0,0,0,0,0.0,0,http://microsoft-365-password-reset.monster/auth/login,1
42,12,22,0,2,1,0,0,0,5,0,1,0.0238,0.7619,0,1,0,1,0,0,4.1845,3.085,0,0,0,0,0,0,0,0,0,0.0,0,https://dev.imdb.com/docs/v2/api-reference,0
41,8,7,18,1,0,0,1,1,3,0,0,0.0,0.8049,0,0,0,0,0,0,4.2715,3.0,0,0,0,0,0,0,0,2,0,0.13,0,http://bing.com/search?q=machine+learning,0
42,18,17,0,2,2,0,0,0,3,0,1,0.0238,0.7857,0,0,0,1,0,0,4.1596,3.3502,1,0,0,0,0,0,0,0,0,0.0,0,http://mail.w3schools.com/terms-of-service,0
35,13,15,0,3,0,0,0,0,4,0,10,0.2857,0.4857,1,0,0,2,0,0,4.1719,2.6612,1,0,1,1,1,1,1,4,1,0.79,2,http://216.17.188.63/banking/online,1
65,19,38,0,2,1,0,0,0,6,0,0,0.0,0.8462,0,1,0,1,0,0,4.1738,3.7871,0,0,0,0,0,0,0,0,0,0.0,0,https://www.theguardian.com/repos/organization/repo-name/releases,0
38,13,18,0,4,0,0,0,0,4,0,10,0.2632,0.5,1,0,0,2,0,0,4.0278,2.6612,2,0,1,1,1,0,1,3,0,0.77,2,http://187.126.7.252/paypal/signin.php,1
60,15,38,0,2,1,0,0,0,6,0,0,0.0,0.8333,0,0,0,1,0,0,3.9857,3.3736,0,0,0,0,0,0,0,0,0,0.0,0,http://mail.target.com/repos/organization/repo-name/releases,0
51,17,7,18,2,0,0,1,1,3,0,0,0.0,0.8235,0,1,0,1,0,0,4.2412,3.1019,0,0,0,0,0,0,0,2,0,0.21,0,https://api.icicibank.com/search?q=machine+learning,0
49,16,1,23,2,0,0,1,3,3,0,5,0.102,0.6531,0,1,0,1,0,0,4.6223,3.5,0,0,0,0,0,0,0,0,0,0.0,0,https://mail.spotify.com/?ref=nav&q=test&id=27949,0
80,21,30,21,2,0,0,1,2,5,0,1,0.0125,0.825,0,0,0,1,0,0,4.2744,3.3088,0,0,0,0,0,0,0,0,0,0.0,0,http://api.geeksforgeeks.org/products/category/electronics?page=2&sort=price_asc,0
43,18,17,0,2,0,0,0,0,4,0,0,0.0,0.8372,0,1,0,1,0,0,4.078,3.4613,0,0,0,0,0,0,0,0,0,0.0,0,https://dev.salesforce.com/profile/settings,0
65,14,6,37,2,0,0,2,4,3,0,7,0.1077,0.6769,0,0,0,1,0,0,4.8334,2.8963,0,0,0,0,0,0,0,0,0,0.0,0,http://app.zomato.com/watch?v=dQw4w9WgXcQ?ref=nav&q=test&id=95337,0
23,14,1,0,1,0,0,0,0,3,0,0,0.0,0.7826,0,1,0,0,0,0,3.969,3.3788,0,0,0,0,0,0,0,2,0,0.12,0,https://cloudflare.com/,0
62,18,9,27,2,2,0,1,1,5,0,0,0.0,0.7903,0,0,0,0,0,0,4.2657,3.3502,1,1,0,0,0,0,0,0,0,0.0,0,http://suspicious-site.ga/redirect?url=http://victim-login.com,1
48,34,7,0,1,3,0,0,0,3,0,0,0.0,0.8333,0,0,0,0,0,1,4.233,3.8954,5,1,0,0,0,0,0,0,0,0.0,0,http://paypal-account-security-update.sbs/verify,1
75,17,7,42,2,0,0,2,4,3,0,5,0.0667,0.7333,0,1,0,1,0,0,4.6439,3.4104,0,0,0,0,0,0,0,3,0,0.16,0,https://dev.icicibank.com/search?q=machine+learning?ref=nav&q=test&id=80801,0
43,29,7,0,1,2,0,0,0,3,0,0,0.0,0.8372,0,0,0,0,0,1,4.0871,3.8235,0,1,0,1,1,1,1,10,1,0.79,2,http://immediate-action-required.sbs/notice,1
50,36,7,0,1,3,0,0,0,3,0,0,0.0,0.84,0,0,0,0,0,1,4.424,4.1206,2,1,0,1,1,1,1,11,0,0.75,1,http://customer-support-helpdesk-agent.buzz/verify,1
48,12,28,0,2,2,0,0,0,4,0,0,0.0,0.8125,0,1,0,1,0,0,4.0739,3.2516,1,0,0,0,0,0,0,2,0,0.26,0,https://docs.nih.gov/help-center/contact-support,0
48,19,7,14,3,1,0,1,1,3,0,0,0.0,0.7708,0,0,0,2,0,0,4.5739,3.4714,4,1,1,1,1,0,1,3,1,0.76,1,http://login.paypal.com.cf/webscr?cmd=_login-run,1
48,12,28,0,2,2,0,0,0,4,0,0,0.0,0.8125,0,1,0,1,0,0,4.1887,3.4183,1,0,0,0,0,0,0,0,0,0.0,0,https://dev.bing.com/help-center/contact-support,0
48,30,11,0,1,3,0,0,0,3,0,0,0.0,0.8333,0,0,0,0,0,1,4.2173,3.9232,3,1,0,0,0,0,0,0,0,0.0,0,http://unauthorized-login-detected.gq/secure-now,1
46,34,5,0,1,3,0,0,0,3,0,0,0.0,0.8261,0,0,0,0,0,1,4.249,3.9987,4,1,0,0,0,0,0,0,0,0.0,0,http://secure-wellsfargo-banking-alert.tk/auth,1
57,21,28,0,2,2,0,0,0,4,0,0,0.0,0.8421,0,1,0,1,0,0,4.1839,3.7849,1,0,0,0,0,0,0,2,0,0.07,0,https://dev.stackoverflow.com/help-center/contact-support,0
53,17,28,0,2,2,0,0,0,4,0,0,0.0,0.8302,0,1,0,1,0,0,4.1235,3.4992,1,0,0,0,0,0,0,2,0,0.21,0,https://mail.flipkart.com/help-center/contact-support,0
51,17,27,0,2,1,0,0,0,7,0,0,0.0,0.7843,0,0,0,0,0,0,4.2327,3.8522,4,1,0,1,1,1,1,10,1,0.92,1,http://portal-service.gq//account/verify//login.php,1
64,18,38,0,2,1,0,0,0,6,0,0,0.0,0.8438,0,1,0,1,0,0,3.9801,3.4613,1,0,0,0,0,0,0,0,0,0.24,0,https://support.target.com/repos/organization/repo-name/releases,0
71,15,25,23,2,0,0,1,3,5,0,5,0.0704,0.7324,0,0,0,1,0,0,4.6635,3.5069,0,0,0,0,0,0,0,0,0,0.0,0,http://dev.walmart.com/user/dashboard/analytics?ref=nav&q=test&id=27758,0
38,13,18,0,4,0,0,0,0,4,0,10,0.2632,0.5,1,0,0,2,0,0,3.9424,2.4116,2,0,1,0,0,0,0,0,0,0.0,0,http://22.202.190.41/paypal/signin.php,1
30,13,10,0,4,0,0,0,0,3,0,10,0.3333,0.4,1,0,0,2,0,0,4.1232,3.1808,1,0,0,1,1,0,1,4,1,0.72,1,http://54.240.36.179/login.php,1
60,17,36,0,2,3,0,0,0,5,0,8,0.1333,0.6833,0,0,0,1,0,0,4.7427,3.4104,0,0,0,0,0,0,0,0,0,0.0,0,http://dev.icicibank.com/questions/12345678/how-to-fix-error,0
60,16,36,0,2,3,0,0,0,5,0,8,0.1333,0.6833,0,1,0,1,0,0,4.6563,3.2028,0,0,0,0,0,0,0,2,0,0.2,0,https://app.facebook.com/questions/12345678/how-to-fix-error,0
23,15,1,0,2,0,0,0,0,3,0,0,0.0,0.7391,0,0,0,1,0,0,3.5184,3.3232,0,0,0,0,0,0,0,3,0,0.14,0,http://app.twitter.com/,0
88,21,36,22,2,3,0,1,3,5,0,12,0.1364,0.6705,0,1,0,1,0,0,4.767,3.2135,0,0,0,0,0,0,0,0,0,0.14,0,https://app.geeksforgeeks.org/questions/12345678/how-to-fix-error?ref=nav&q=test&id=3536,0
45,12,25,0,2,0,0,0,0,5,0,0,0.0,0.8222,0,1,0,1,0,0,4.1001,3.085,0,0,0,0,0,0,0,4,0,0.16,0,https://app.ebay.com/user/dashboard/analytics,0
30,15,7,0,2,0,0,0,0,3,0,0,0.0,0.8,0,1,0,1,0,0,3.8729,3.2402,2,0,0,0,0,0,0,0,0,0.0,0,https://support.bbc.com/signin,0
31,14,10,0,4,0,0,0,0,3,0,11,0.3548,0.3871,1,0,0,2,0,0,4.0023,2.8963,1,0,0,0,0,0,0,0,0,0.0,0,http://184.199.248.75/login.php,1
46,34,5,0,1,3,0,0,0,3,0,0,0.0,0.8261,0,0,0,0,0,1,4.2326,3.9398,4,1,0,0,0,0,0,0,0,0.0,0,http://secure-wellsfargo-banking-alert.ga/auth,1
67,13,22,23,2,1,0,1,3,5,0,6,0.0896,0.6866,0,1,0,1,0,0,4.704,3.027,0,0,0,0,0,0,0,0,0,0.0,0,https://www.arxiv.org/docs/v2/api-reference?ref=nav&q=test&id=38041,0
48,28,13,0,1,3,0,0,0,4,0,0,0.0,0.8125,0,0,0,0,0,1,4.0821,3.5836,2,1,0,1,1,1,1,2,1,0.74,0,http://sbi-online-banking-kyc.click/retail/login,1
35,20,7,0,2,0,0,0,0,3,0,0,0.0,0.8286,0,1,0,1,0,0,4.1643,3.9219,2,0,0,1,1,0,0,3,0,0.1,0,https://support.hdfcbank.com/signin,0
42,27,8,0,1,3,0,0,0,3,0,0,0.0,0.8095,0,0,0,0,0,1,4.1509,3.7542,2,1,0,0,0,0,0,0,0,0.0,0,http://verify-your-identity-now.tk/confirm,1
49,19,22,0,2,1,0,0,0,5,0,1,0.0204,0.7959,0,1,0,1,0,0,4.3137,3.5766,1,0,0,0,0,0,0,0,0,0.0,0,https://mail.wellsfargo.com/docs/v2/api-reference,0
48,14,27,0,3,2,0,0,0,4,0,11,0.2292,0.5625,1,0,0,2,0,0,4.6313,2.8424,3,0,1,1,1,1,1,8,1,0.81,0,http://107.65.139.170/secure/update-banking-info,1
53,24,22,0,1,3,0,0,0,4,0,0,0.0,0.8302,0,0,0,0,0,1,4.1235,3.6054,4,1,0,1,1,0,1,3,0,0.66,0,http://chase-security-alert.icu/auth/confirm-identity,1
39,26,6,0,1,2,0,0,0,3,0,0,0.0,0.8205,0,0,0,0,0,1,4.163,3.7962,4,1,0,0,0,0,0,0,0,0.0,0,http://account-security-update.tk/login,1
49,15,27,0,3,2,0,0,0,4,0,12,0.2449,0.551,1,0,0,2,0,0,4.5019,2.4226,3,0,1,0,0,0,0,0,0,0.0,0,http://168.195.211.118/secure/update-banking-info,1
70,14,18,30,3,0,0,1,1,4,0,20,0.2857,0.5714,1,0,0,2,0,0,4.8434,2.4138,3,0,0,0,0,0,0,0,0,0.0,0,http://135.35.134.231/auth/verification?token=fur8myf9l9j43ezja40lwr58,1
52,23,22,0,1,3,0,0,0,4,0,0,0.0,0.8269,0,0,0,0,0,1,4.173,3.7081,4,1,0,0,0,0,0,0,0,0.0,0,http://chase-security-alert.ml/auth/confirm-identity,1
49,34,8,0,1,3,0,0,0,3,0,0,0.0,0.8367,0,0,0,0,0,1,4.1037,3.8559,1,1,0,0,0,0,0,0,0,0.0,0,http://metamask-wallet-recovery-phrase.tk/connect,1
50,36,7,0,1,3,0,0,0,3,0,0,0.0,0.84,0,0,0,0,0,1,4.424,4.1206,2,1,0,0,0,0,0,0,0,0.0,0,http://customer-support-helpdesk-agent.buzz/verify,1
73,21,6,37,2,0,0,2,4,3,0,7,0.0959,0.7123,0,1,0,1,0,0,4.8989,3.6897,0,0,0,0,0,0,0,1,0,0.15,0,https://dev.bankofamerica.com/watch?v=dQw4w9WgXcQ?ref=nav&q=test&id=91247,0
70,13,25,23,2,2,0,1,3,4,0,5,0.0714,0.7143,0,1,0,1,0,0,4.6687,3.027,0,0,0,0,0,0,0,1,0,0.28,0,https://mail.imdb.com/about-us/leadership-team?ref=nav&q=test&id=72743,0
55,34,14,0,2,2,0,0,0,4,0,0,0.0,0.8364,0,0,0,1,0,1,4.3744,4.1134,5,1,0,0,0,0,0,0,0,0.0,0,http://secure.netflix-payment-update.buzz/account/login,1
33,19,7,0,1,1,0,0,0,3,0,1,0.0303,0.7879,0,0,0,0,0,0,4.165,3.8269,2,0,0,0,0,0,0,0,0,0.0,0,http://paypa1-security.com/webscr,1
39,25,7,0,1,2,0,0,0,3,0,0,0.0,0.8205,0,0,0,0,0,1,4.3294,4.0235,4,1,0,0,0,0,0,0,0,0.0,0,http://paypal-account-verify.xyz/signin,1
52,14,30,0,3,0,0,0,0,5,0,0,0.0,0.8269,0,1,0,1,0,0,4.035,2.9852,1,0,0,0,0,0,0,2,0,0.12,0,https://api.paypal.com/download/latest/installer.exe,0
44,19,17,0,2,0,0,0,0,4,0,0,0.0,0.8409,0,1,0,1,0,0,4.1158,3.5766,1,0,0,0,0,0,0,0,0,0.0,0,https://docs.wellsfargo.com/profile/settings,0
50,36,7,0,1,3,0,0,0,3,0,0,0.0,0.84,0,0,0,0,0,1,4.2411,3.7527,3,1,0,1,1,1,1,8,1,0.81,1,http://coinbase-account-suspended-notice.ga/verify,1
43,31,5,0,1,3,0,0,0,3,0,0,0.0,0.814,0,0,0,0,0,1,4.2313,4.0582,3,1,0,0,0,0,0,0,0,0.0,0,http://banking-portal-secure-entry.cam/auth,1
42,30,5,0,1,3,0,0,0,3,0,0,0.0,0.8095,0,0,0,0,0,1,4.2462,4.0729,3,1,0,1,1,1,1,5,1,0.75,0,http://banking-portal-secure-entry.gq/auth,1
30,17,6,0,1,3,0,0,0,3,0,0,0.0,0.7333,0,0,1,0,0,1,4.2566,3.4548,0,0,0,1,1,1,1,3,0,0.84,2,http://xn--gogle-qqa.com/drive,1
72,10,30,23,3,0,0,1,3,5,0,5,0.0694,0.7222,0,1,0,1,0,0,4.4852,2.6464,0,0,0,0,0,0,0,0,0,0.0,0,https://www.gov.in/download/latest/installer.exe?ref=nav&q=test&id=28988,0
34,20,7,0,1,3,0,0,0,3,0,1,0.0294,0.7353,0,0,1,0,0,1,4.1163,3.6464,1,0,0,0,0,0,0,0,0,0.0,0,http://xn--mcrosoft-p1a.com/update,1
49,15,27,0,3,2,0,0,0,4,0,12,0.2449,0.551,1,0,0,2,0,0,4.5989,2.7396,3,0,1,0,0,0,0,0,0,0.0,0,http://212.127.135.160/secure/update-banking-info,1
19,12,0,0,1,0,0,0,0,2,0,0,0.0,0.7895,0,0,0,0,0,0,3.8269,3.4183,0,0,0,0,0,0,0,0,0,0.0,0,http://hdfcbank.com,0
63,15,40,0,2,1,0,0,0,6,0,6,0.0952,0.746,0,1,0,1,0,0,4.5132,3.0566,0,0,0,0,0,0,0,0,0,0.0,0,https://docs.medium.com/article/2026/08/technology-breakthrough,0
72,18,23,23,2,1,0,1,3,4,0,5,0.0694,0.7361,0,0,0,1,0,0,4.6352,3.4613,0,0,0,0,0,0,0,4,0,0.22,0,http://api.huggingface.co/explore/popular-topics?ref=nav&q=test&id=96366,0
56,18,6,23,2,0,0,1,3,3,0,5,0.0893,0.6964,0,1,0,1,0,0,4.6059,3.5033,1,0,0,1,1,0,0,2,0,0.34,0,https://docs.pinterest.com/login?ref=nav&q=test&id=90375,0
31,14,10,0,4,0,0,0,0,3,0,11,0.3548,0.3871,1,0,0,2,0,0,3.9378,2.7534,1,0,0,0,0,0,0,0,0,0.0,0,http://95.160.189.141/login.php,1
50,13,6,23,2,0,0,1,3,3,0,5,0.1,0.66,0,0,0,1,0,0,4.6484,3.027,2,0,0,1,1,0,0,0,0,0.16,0,http://www.apple.com/login?ref=nav&q=test&id=86558,0
51,17,7,18,2,0,0,1,1,3,0,0,0.0,0.8235,0,1,0,1,0,0,4.4052,3.6169,0,0,0,0,0,0,0,2,0,0.21,0,https://mail.hdfcbank.com/search?q=machine+learning,0
43,12,23,0,2,1,0,0,0,4,0,0,0.0,0.814,0,1,0,1,0,0,4.1359,2.9183,0,0,0,0,0,0,0,0,0,0.0,0,https://blog.cnn.com/explore/popular-topics,0
51,18,25,0,2,2,0,0,0,4,0,0,0.0,0.8235,0,1,0,1,0,0,4.1943,3.6144,0,0,0,0,0,0,0,0,0,0.0,0,https://api.cloudflare.com/about-us/leadership-team,0
54,39,8,0,1,3,0,0,0,3,0,0,0.0,0.8519,0,0,0,0,0,1,4.08,3.8872,1,1,0,1,1,0,1,8,1,0.69,2,http://metamask-wallet-recovery-phrase.monster/connect,1
46,22,17,0,2,2,0,0,0,3,0,0,0.0,0.8261,0,0,0,1,0,0,4.249,3.8231,1,0,0,0,0,0,0,0,0,0.28,0,http://blog.stackoverflow.com/terms-of-service,0
69,25,36,0,2,3,0,0,0,5,0,8,0.1159,0.7246,0,1,0,1,0,0,4.6215,3.8439,1,0,0,0,0,0,0,0,0,0.0,0,https://support.stackoverflow.com/questions/12345678/how-to-fix-error,0
48,30,11,0,1,3,0,0,0,3,0,0,0.0,0.8333,0,0,0,0,0,1,4.1756,3.8566,3,1,0,1,1,1,1,2,1,0.72,1,http://unauthorized-login-detected.ga/secure-now,1
40,15,17,0,2,2,0,0,0,3,0,0,0.0,0.8,0,1,0,1,0,0,4.1062,3.1069,1,0,0,0,0,0,0,0,0,0.0,0,https://mail.medium.com/terms-of-service,0
45,13,25,0,2,2,0,0,0,4,0,0,0.0,0.8,0,0,0,1,0,0,4.0892,2.8731,0,0,0,0,0,0,0,1,0,0.06,0,http://app.yahoo.com/about-us/leadership-team,0
48,16,1,22,2,0,0,1,3,3,0,4,0.0833,0.6667,0,1,0,1,0,0,4.446,3.3278,0,0,0,0,0,0,0,0,0,0.12,0,https://docs.twitter.com/?ref=nav&q=test&id=4748,0
37,10,6,13,1,0,0,1,1,3,0,2,0.0541,0.7568,0,0,0,0,0,0,4.4047,2.8464,0,0,0,0,0,0,0,0,0,0.0,0,http://medium.com/watch?v=dQw4w9WgXcQ,0
49,20,7,14,3,1,0,1,1,3,0,0,0.0,0.7755,0,0,0,2,0,0,4.6497,3.5842,4,1,1,0,0,0,0,0,0,0.0,0,http://login.paypal.com.xyz/webscr?cmd=_login-run,1
43,27,9,0,1,2,0,0,0,3,0,0,0.0,0.8372,0,0,0,0,0,1,4.1359,3.6899,2,1,0,1,1,1,1,10,0,0.68,1,http://binance-kyc-verification.cf/security,1
45,15,22,0,2,1,0,0,0,5,0,1,0.0222,0.7778,0,1,0,1,0,0,4.2334,3.6402,1,0,0,0,0,0,0,2,0,0.08,0,https://dev.netflix.com/docs/v2/api-reference,0
56,18,30,0,3,0,0,0,0,5,0,0,0.0,0.8393,0,1,0,1,0,0,4.1162,3.5724,0,0,0,0,0,0,0,1,0,0.24,0,https://blog.wikipedia.org/download/latest/installer.exe,0
42,27,8,0,1,3,0,0,0,3,0,0,0.0,0.8095,0,0,0,0,0,1,4.1509,3.7542,2,1,0,0,0,0,0,0,0,0.0,0,http://verify-your-identity-now.tk/confirm,1
51,18,25,0,2,0,0,0,0,5,0,0,0.0,0.8431,0,1,0,1,0,0,4.1383,3.4613,2,0,0,0,0,0,0,0,0,0.0,0,https://support.amazon.com/user/dashboard/analytics,0
39,26,6,0,1,2,0,0,0,3,0,0,0.0,0.8205,0,0,0,0,0,1,4.1798,3.7962,4,1,0,0,0,0,0,0,0,0.0,0,http://account-security-update.cf/login,1
47,17,23,0,1,1,0,0,0,4,0,0,0.0,0.8511,0,0,0,0,0,0,4.0015,2.8666,0,0,0,0,0,0,0,4,0,0.26,0,http://geeksforgeeks.org/explore/popular-topics,0
43,31,5,0,1,3,0,0,0,3,0,0,0.0,0.814,0,0,0,0,0,1,4.152,3.9937,3,1,0,0,0,0,0,0,0,0.0,0,http://banking-portal-secure-entry.top/auth,1
54,33,14,0,2,2,0,0,0,4,0,0,0.0,0.8333,0,0,0,1,0,1,4.3449,4.0637,5,1,0,1,1,1,1,11,0,0.68,2,http://secure.netflix-payment-update.xyz/account/login,1
24,16,0,0,2,0,0,0,0,2,0,0,0.0,0.7917,0,1,0,1,0,0,3.8554,3.5,0,0,0,0,0,0,0,1,0,0.07,0,https://api.flipkart.com,0
85,14,40,23,2,1,0,1,3,6,0,11,0.1294,0.6824,0,0,0,1,0,0,4.9218,3.182,0,0,0,0,0,0,0,0,0,0.0,0,http://app.medium.com/article/2026/08/technology-breakthrough?ref=nav&q=test&id=15897,0
49,13,28,0,2,2,0,0,0,4,0,0,0.0,0.8163,0,1,0,1,0,0,4.0817,3.0851,1,0,0,0,0,0,0,4,0,0.35,0,https://dev.adobe.com/help-center/contact-support,0
52,23,22,0,1,3,0,0,0,4,0,0,0.0,0.8269,0,0,0,0,0,1,4.1875,3.6753,4,1,0,1,1,1,1,10,1,0.7,1,http://chase-security-alert.ga/auth/confirm-identity,1
81,21,30,21,2,0,0,1,2,5,0,1,0.0123,0.8272,0,1,0,1,0,0,4.4208,3.5945,0,0,0,0,0,0,0,0,0,0.19,0,https://www.stackoverflow.com/products/category/electronics?page=2&sort=price_asc,0
51,17,7,18,2,0,0,1,1,3,0,1,0.0196,0.8039,0,1,0,1,0,0,4.3435,3.3372,0,0,0,0,0,0,0,0,0,0.0,0,https://app.w3schools.com/search?q=machine+learning,0
98,14,30,45,2,0,0,2,5,5,0,6,0.0612,0.7449,0,1,0,1,0,0,4.6165,3.0391,1,0,0,0,0,0,0,0,0,0.25,0,https://api.amazon.com/products/category/electronics?page=2&sort=price_asc?ref=nav&q=test&id=44551,0
53,24,22,0,1,3,0,0,0,4,0,0,0.0,0.8302,0,0,0,0,0,1,4.2528,3.8035,4,1,0,1,1,1,1,8,1,0.75,1,http://chase-security-alert.xyz/auth/confirm-identity,1
86,17,38,22,2,1,0,1,3,6,0,4,0.0465,0.7674,0,1,0,1,0,0,4.5621,3.4992,1,0,0,0,0,0,0,0,0,0.0,0,https://support.slack.com/repos/organization/repo-name/releases?ref=nav&q=test&id=2684,0
30,17,6,0,1,3,0,0,0,3,0,0,0.0,0.7333,0,0,1,0,0,1,4.0314,3.4548,1,0,0,0,0,0,0,0,0,0.0,0,http://xn--paypl-qqa.com/login,1
48,14,7,18,2,0,0,1,1,3,0,0,0.0,0.8125,0,1,0,1,0,0,4.2665,3.0391,1,0,0,0,0,0,0,2,0,0.28,0,https://app.google.com/search?q=machine+learning,0
46,15,23,0,2,1,0,0,0,4,0,0,0.0,0.8261,0,1,0,1,0,0,4.1541,3.3736,0,0,0,0,0,0,0,0,0,0.0,0,https://docs.kaggle.com/explore/popular-topics,0
40,26,7,0,1,2,0,0,0,3,0,1,0.025,0.8,0,0,0,0,0,1,4.2842,4.1329,3,0,0,0,0,0,0,0,0,0.0,0,http://netfl1x-billing-update.com/signin,1
33,12,14,0,3,0,0,0,0,4,0,9,0.2727,0.4848,1,0,0,2,0,0,4.1273,2.6258,2,0,1,0,0,0,0,0,0,0.0,0,http://134.44.30.26/netflix/login,1
97,13,30,45,2,0,0,2,5,5,0,6,0.0619,0.7423,0,1,0,1,0,0,4.6972,3.0851,0,0,0,0,0,0,0,0,0,0.0,0,https://blog.bing.com/products/category/electronics?page=2&sort=price_asc?ref=nav&q=test&id=30749,0
34,12,15,0,3,0,0,0,0,4,0,9,0.2647,0.5,1,0,0,2,0,0,4.1607,2.6258,1,0,1,0,0,0,0,0,0,0.0,0,http://63.180.96.33/banking/online,1
49,20,7,14,3,1,0,1,1,3,0,0,0.0,0.7755,0,0,0,2,0,0,4.5019,3.4087,4,1,1,0,0,0,0,0,0,0.0,0,http://login.paypal.com.top/webscr?cmd=_login-run,1
48,19,7,14,3,1,0,1,1,3,0,0,0.0,0.7708,0,0,0,2,0,0,4.5739,3.4714,4,1,1,1,1,1,1,10,0,0.76,0,http://login.paypal.com.cf/webscr?cmd=_login-run,1
68,22,38,0,2,1,0,0,0,6,0,0,0.0,0.8529,0,1,0,1,0,0,4.2308,3.8231,0,0,0,0,0,0,0,4,0,0.33,0,https://blog.stackoverflow.com/repos/organization/repo-name/releases,0
54,41,6,0,2,2,0,0,0,3,0,0,0.0,0.8519,0,0,0,1,0,1,4.3102,4.0347,4,1,1,1,1,0,1,2,1,0.8,1,http://wellsfargo.banking-access-service.monster/login,1
47,13,7,18,1,0,0,1,1,3,0,0,0.0,0.8298,0,1,0,0,0,0,4.2464,2.9689,0,0,0,0,0,0,0,3,0,0.07,0,https://icicibank.com/search?q=machine+learning,0
30,13,10,0,4,0,0,0,0,3,0,10,0.3333,0.4,1,0,0,2,0,0,3.9232,2.7193,1,0,0,0,0,0,0,0,0,0.0,0,http://49.36.241.129/login.php,1
36,14,15,0,3,0,0,0,0,4,0,11,0.3056,0.4722,1,0,0,2,0,0,4.1835,2.6995,1,0,1,0,0,0,0,0,0,0.0,0,http://145.127.25.199/banking/online,1
75,15,30,21,2,0,0,1,2,5,0,1,0.0133,0.8133,0,1,0,1,0,0,4.3874,3.5069,0,0,0,0,0,0,0,1,0,0.21,0,https://mail.github.com/products/category/electronics?page=2&sort=price_asc,0
48,36,5,0,1,3,0,0,0,3,0,0,0.0,0.8333,0,0,0,0,0,1,4.3397,4.086,4,1,0,0,0,0,0,0,0,0.0,0,http://secure-wellsfargo-banking-alert.buzz/auth,1
34,13,14,0,3,0,0,0,0,4,0,10,0.2941,0.4706,1,0,0,2,0,0,4.0575,2.4493,2,0,1,1,1,1,1,7,0,0.74,1,http://84.163.41.134/netflix/login,1
42,30,5,0,1,3,0,0,0,3,0,0,0.0,0.8095,0,0,0,0,0,1,4.2462,4.0729,3,1,0,1,1,1,1,3,1,0.81,1,http://banking-portal-secure-entry.gq/auth,1
88,19,38,22,2,1,0,1,3,6,0,4,0.0455,0.7727,0,1,0,1,0,0,4.5293,3.4316,1,0,0,0,0,0,0,0,0,0.0,0,https://support.spotify.com/repos/organization/repo-name/releases?ref=nav&q=test&id=7054,0
72,21,6,36,2,0,0,2,4,3,0,6,0.0833,0.7222,0,1,0,1,0,0,4.8888,3.5585,0,0,0,0,0,0,0,0,0,0.05,0,https://www.bankofamerica.com/watch?v=dQw4w9WgXcQ?ref=nav&q=test&id=8013,0
39,26,6,0,1,2,0,0,0,3,0,0,0.0,0.8205,0,0,0,0,0,1,4.2117,3.921,4,1,0,1,1,1,1,7,1,0.89,0,http://account-security-update.gq/login,1
41,16,17,0,2,2,0,0,0,3,0,0,0.0,0.8049,0,1,0,1,0,0,4.2595,3.625,1,0,0,0,0,0,0,0,0,0.0,0,https://dev.hdfcbank.com/terms-of-service,0
54,33,14,0,2,2,0,0,0,4,0,0,0.0,0.8333,0,0,0,1,0,1,4.2478,3.9802,5,1,0,1,1,0,1,3,0,0.71,1,http://secure.netflix-payment-update.icu/account/login,1
71,31,5,27,1,3,0,1,1,3,0,7,0.0986,0.7606,0,0,0,0,0,1,4.7305,3.9536,1,1,0,1,1,1,1,5,1,0.82,0,http://google-drive-shared-document.ga/view?id=cfa9mz098auwdzung650dawn,1
57,14,36,0,2,3,0,0,0,5,0,8,0.1404,0.6667,0,0,0,1,0,0,4.6593,3.2359,1,0,0,0,0,0,0,3,0,0.2,0,http://docs.apple.com/questions/12345678/how-to-fix-error,0
54,25,22,0,1,3,0,0,0,4,0,0,0.0,0.8333,0,0,0,0,0,1,4.261,3.8635,4,1,0,1,1,1,1,8,0,0.72,1,http://chase-security-alert.work/auth/confirm-identity,1
64,15,17,23,2,0,0,1,3,4,0,5,0.0781,0.7188,0,1,0,1,0,0,4.7299,3.1396,0,0,0,0,0,0,0,0,0,0.0,0,https://www.dropbox.com/profile/settings?ref=nav&q=test&id=89016,0
46,12,27,0,3,2,0,0,0,4,0,9,0.1957,0.587,1,0,0,2,0,0,4.5884,2.6887,3,0,1,0,0,0,0,0,0,0.0,0,http://73.43.78.245/secure/update-banking-info,1
46,13,25,0,2,2,0,0,0,4,0,0,0.0,0.8043,0,1,0,1,0,0,4.2405,3.2389,0,0,0,0,0,0,0,0,0,0.0,0,https://mail.bing.com/about-us/leadership-team,0
28,14,6,0,2,0,0,0,0,3,0,0,0.0,0.7857,0,1,0,1,0,0,3.9233,3.3788,1,0,0,1,1,0,0,3,0,0.17,0,https://api.target.com/login,0
50,35,8,0,1,3,0,0,0,3,0,0,0.0,0.84,0,0,0,0,0,1,4.2162,4.0116,1,1,0,1,1,1,1,3,1,0.91,1,http://metamask-wallet-recovery-phrase.icu/connect,1
82,22,30,21,2,0,0,1,2,5,0,1,0.0122,0.8293,0,1,0,1,0,0,4.3042,3.1524,0,0,0,0,0,0,0,0,0,0.0,0,https://blog.geeksforgeeks.org/products/category/electronics?page=2&sort=price_asc,0
86,18,36,23,2,3,0,1,3,5,0,13,0.1512,0.6512,0,1,0,1,0,0,4.872,3.5033,0,0,0,0,0,0,0,0,0,0.0,0,https://docs.instagram.com/questions/12345678/how-to-fix-error?ref=nav&q=test&id=74087,0
47,17,23,0,2,1,0,0,0,4,0,0,0.0,0.8298,0,0,0,1,0,0,4.2785,3.4548,0,0,0,0,0,0,0,4,0,0.07,0,http://docs.hdfcbank.com/explore/popular-topics,0
48,14,27,0,3,2,0,0,0,4,0,11,0.2292,0.5625,1,0,0,2,0,0,4.673,2.9852,3,0,1,0,0,0,0,0,0,0.0,0,http://20.138.156.227/secure/update-banking-info,1
70,14,18,30,3,0,0,1,1,4,0,23,0.3286,0.5286,1,0,0,2,0,0,4.7521,2.7534,3,0,0,0,0,0,0,0,0,0.0,0,http://212.230.158.42/auth/verification?token=3082rw823y06mjpzt3ump36w,1
77,19,7,42,2,0,0,2,4,3,0,5,0.0649,0.7403,0,1,0,1,0,0,4.6122,3.2866,0,0,0,0,0,0,0,2,0,0.16,0,https://docs.salesforce.com/search?q=machine+learning?ref=nav&q=test&id=93435,0
29,14,7,0,2,0,0,0,0,3,0,0,0.0,0.7931,0,1,0,1,0,0,3.9523,3.0391,2,0,0,0,0,0,0,0,0,0.0,0,https://www.paypal.com/signin,0
74,14,28,23,2,2,0,1,3,4,0,5,0.0676,0.7297,0,1,0,1,0,0,4.6381,2.8424,1,0,0,0,0,0,0,0,0,0.0,0,https://www.zomato.com/help-center/contact-support?ref=nav&q=test&id=44879,0
43,27,9,0,1,2,0,0,0,3,0,0,0.0,0.8372,0,0,0,0,0,1,4.2023,3.7821,2,1,0,1,1,1,1,9,0,0.8,1,http://binance-kyc-verification.ga/security,1
70,14,18,30,3,0,0,1,1,4,0,18,0.2571,0.6,1,0,0,2,0,0,4.6702,2.7534,3,0,0,1,1,1,1,10,1,0.84,1,http://170.88.232.130/auth/verification?token=tq3u9n3hphnahm5r6j7ha7ai,1
63,15,40,0,2,1,0,0,0,6,0,6,0.0952,0.746,0,1,0,1,0,0,4.3735,3.3736,0,0,0,0,0,0,0,0,0,0.0,0,https://blog.target.com/article/2026/08/technology-breakthrough,0
48,34,7,0,1,3,0,0,0,3,0,0,0.0,0.8333,0,0,0,0,0,1,4.33,3.9987,2,1,0,0,0,0,0,0,0,0.0,0,http://customer-support-helpdesk-agent.ml/verify,1
30,17,6,0,1,3,0,0,0,3,0,0,0.0,0.7333,0,0,1,0,0,1,4.2566,3.4548,0,0,0,1,1,1,1,11,1,0.65,2,http://xn--gogle-qqa.com/drive,1
50,36,7,0,1,3,0,0,0,3,0,0,0.0,0.84,0,0,0,0,0,1,4.224,3.7527,3,1,0,1,1,1,1,2,0,0.87,0,http://coinbase-account-suspended-notice.tk/verify,1
62,18,9,27,2,2,0,1,1,5,0,0,0.0,0.7903,0,0,0,0,0,0,4.2278,3.2391,1,1,0,1,1,1,1,10,1,0.91,2,http://suspicious-site.tk/redirect?url=http://victim-login.com,1
71,15,18,30,3,0,0,1,1,4,0,18,0.2535,0.6056,1,0,0,2,0,0,4.8908,2.6566,3,0,0,0,0,0,0,0,0,0.0,0,http://196.195.233.233/auth/verification?token=jr7a6mrlmzun8jml2mn08wsp,1
29,21,1,0,2,0,0,0,0,3,0,0,0.0,0.7931,0,0,0,1,0,0,3.9354,3.5352,0,0,0,0,0,0,0,0,0,0.13,0,http://api.bankofamerica.com/,0
24,11,6,0,2,0,0,0,0,3,0,0,0.0,0.75,0,0,0,1,0,0,3.8035,2.914,1,0,0,0,0,0,0,0,0,0.0,0,http://api.bbc.com/login,0
46,21,17,0,2,2,0,0,0,3,0,0,0.0,0.8261,0,1,0,1,0,0,4.1107,3.6304,2,0,0,0,0,0,0,0,0,0.0,0,https://support.instagram.com/terms-of-service,0
51,29,15,0,1,3,0,0,0,3,0,0,0.0,0.8431,0,0,0,0,0,1,4.2804,3.9354,2,1,0,1,1,1,1,7,0,0.77,0,http://instagram-copyright-appeal.ml/verify-account,1
74,14,30,21,2,0,0,1,2,5,0,1,0.0135,0.8108,0,1,0,1,0,0,4.357,3.0391,1,0,0,0,0,0,0,0,0,0.07,0,https://www.paypal.com/products/category/electronics?page=2&sort=price_asc,0
72,32,5,27,1,3,0,1,1,3,0,6,0.0833,0.7778,0,0,0,0,0,1,4.9685,3.9917,1,1,0,0,0,0,0,0,0,0.0,0,http://google-drive-shared-document.icu/view?id=jb4qya9hqbfn6s3gxw4drl7k,1
50,17,25,0,2,2,0,0,0,4,0,0,0.0,0.82,0,1,0,1,0,0,4.1966,3.2195,0,0,0,0,0,0,0,0,0,0.0,0,https://docs.facebook.com/about-us/leadership-team,0
40,15,17,0,2,0,0,0,0,4,0,0,0.0,0.825,0,1,0,1,0,0,4.1464,3.3736,0,0,0,0,0,0,0,0,0,0.12,0,https://mail.docker.com/profile/settings,0
78,11,36,23,2,3,0,1,3,5,0,13,0.1667,0.6154,0,0,0,1,0,0,4.9053,2.914,0,0,0,0,0,0,0,3,0,0.05,0,http://blog.gov.in/questions/12345678/how-to-fix-error?ref=nav&q=test&id=62041,0
59,13,38,0,1,1,0,0,0,6,0,0,0.0,0.8475,0,1,0,0,0,0,3.9046,3.3927,0,0,0,0,0,0,0,1,0,0.29,0,https://pinterest.com/repos/organization/repo-name/releases,0
30,17,6,0,1,3,0,0,0,3,0,0,0.0,0.7333,0,0,1,0,0,1,4.0314,3.4548,1,0,0,0,0,0,0,0,0,0.0,0,http://xn--paypl-qqa.com/login,1
77,18,30,21,2,0,0,1,2,5,0,1,0.013,0.8182,0,0,0,1,0,0,4.3507,3.6144,1,0,0,0,0,0,0,0,0,0.0,0,http://app.wellsfargo.com/products/category/electronics?page=2&sort=price_asc,0
51,19,25,0,2,0,0,0,0,5,0,0,0.0,0.8431,0,0,0,1,0,0,4.202,3.5369,0,0,0,0,0,0,0,0,0,0.0,0,http://docs.huggingface.co/user/dashboard/analytics,0
48,14,27,0,3,2,0,0,0,4,0,11,0.2292,0.5625,1,0,0,2,0,0,4.6156,2.7885,3,0,1,1,1,0,1,9,0,0.72,0,http://211.127.68.204/secure/update-banking-info,1
37,15,15,0,3,0,0,0,0,4,0,12,0.3243,0.4595,1,0,0,2,0,0,4.1212,2.5559,1,0,1,0,0,0,0,0,0,0.0,0,http://177.100.240.247/banking/online,1
50,36,7,0,1,3,0,0,0,3,0,0,0.0,0.84,0,0,0,0,0,1,4.2962,3.8292,3,1,0,1,1,1,1,2,0,0.81,0,http://coinbase-account-suspended-notice.ml/verify,1
72,32,5,27,1,3,0,1,1,3,0,4,0.0556,0.8056,0,0,0,0,0,1,4.8679,3.9917,1,1,0,1,1,0,1,9,1,0.91,1,http://google-drive-shared-document.cam/view?id=t4hmjlt0xiylfylo6vqzb8aq,1
43,15,6,13,2,0,0,1,1,3,0,2,0.0465,0.7674,0,1,0,1,0,0,4.4144,3.1899,0,0,0,0,0,0,0,0,0,0.0,0,https://docs.reddit.com/watch?v=dQw4w9WgXcQ,0
59,10,17,23,2,0,0,1,3,4,0,5,0.0847,0.6949,0,1,0,1,0,0,4.4694,2.9219,0,0,0,0,0,0,0,0,0,0.0,0,https://api.gov.in/profile/settings?ref=nav&q=test&id=21197,0
91,19,40,23,2,1,0,1,3,6,0,11,0.1209,0.7033,0,1,0,1,0,0,4.8439,3.5766,0,0,0,0,0,0,0,4,0,0.06,0,https://docs.aliexpress.com/article/2026/08/technology-breakthrough?ref=nav&q=test&id=76926,0
45,7,30,0,2,0,0,0,0,5,0,0,0.0,0.8222,0,1,0,0,0,0,4.0811,2.2359,0,0,0,0,0,0,0,0,0,0.0,0,https://bbc.com/download/latest/installer.exe,0
63,12,6,37,2,0,0,2,4,3,0,7,0.1111,0.6667,0,0,0,1,0,0,4.9197,3.085,0,0,0,0,0,0,0,0,0,0.0,0,http://mail.zoom.us/watch?v=dQw4w9WgXcQ?ref=nav&q=test&id=99818,0
34,20,7,0,1,3,0,0,0,3,0,1,0.0294,0.7353,0,0,1,0,0,1,4.1163,3.6464,1,0,0,0,0,0,0,0,0,0.0,0,http://xn--mcrosoft-p1a.com/update,1
37,12,18,0,4,0,0,0,0,4,0,9,0.2432,0.5135,1,0,0,2,0,0,3.9564,2.4591,2,0,1,0,0,0,0,0,0,0.0,0,http://52.151.23.29/paypal/signin.php,1
62,10,6,37,2,0,0,2,4,3,0,7,0.1129,0.6613,0,1,0,1,0,0,4.8028,2.9219,0,0,0,0,0,0,0,1,0,0.28,0,https://api.gov.in/watch?v=dQw4w9WgXcQ?ref=nav&q=test&id=60190,0
50,13,30,0,4,0,0,0,0,5,0,0,0.0,0.8,0,0,0,2,0,0,4.0142,2.9689,0,0,1,0,0,0,0,0,0,0.0,0,http://api.sbi.co.in/download/latest/installer.exe,0
52,18,27,0,2,1,0,0,0,7,0,0,0.0,0.7885,0,0,0,0,0,0,4.197,3.9477,4,1,0,0,0,0,0,0,0,0.0,0,http://portal-service.fun//account/verify//login.php,1
68,12,18,30,3,0,0,1,1,4,0,17,0.25,0.6029,1,0,0,2,0,0,4.7856,2.6258,3,0,0,0,0,0,0,0,0,0.0,0,http://129.87.114.8/auth/verification?token=40dy1t0s7gz8lpfhvyara4k4,1
46,26,13,0,1,3,0,0,0,4,0,0,0.0,0.8043,0,0,0,0,0,1,4.1891,3.7343,2,1,0,1,1,1,1,5,1,0.87,1,http://sbi-online-banking-kyc.fun/retail/login,1
29,21,0,0,2,0,0,0,0,2,0,0,0.0,0.8276,0,1,0,1,0,0,3.7159,3.1369,0,0,0,0,0,0,0,0,0,0.0,0,https://dev.geeksforgeeks.org,0
68,11,25,23,2,2,0,1,3,4,0,5,0.0735,0.7059,0,1,0,1,0,0,4.7031,2.8454,0,0,0,0,0,0,0,0,0,0.0,0,https://www.nih.gov/about-us/leadership-team?ref=nav&q=test&id=36635,0
51,17,27,0,2,1,0,0,0,7,0,0,0.0,0.7843,0,0,0,0,0,0,4.2011,3.7345,4,1,0,0,0,0,0,0,0,0.0,0,http://portal-service.tk//account/verify//login.php,1
87,16,40,23,2,1,0,1,3,6,0,11,0.1264,0.6897,0,0,0,1,0,0,4.9068,3.3278,0,0,0,0,0,0,0,4,0,0.23,0,http://docs.spotify.com/article/2026/08/technology-breakthrough?ref=nav&q=test&id=38754,0
30,17,6,0,1,3,0,0,0,3,0,0,0.0,0.7333,0,0,1,0,0,1,4.0314,3.4548,1,0,0,0,0,0,0,0,0,0.0,0,http://xn--paypl-qqa.com/login,1
59,13,38,0,1,1,0,0,0,6,0,0,0.0,0.8475,0,1,0,0,0,0,4.0841,2.9689,0,0,0,0,0,0,0,4,0,0.2,0,https://icicibank.com/repos/organization/repo-name/releases,0
56,34,15,0,1,3,0,0,0,3,0,0,0.0,0.8571,0,0,0,0,0,1,4.2644,3.962,2,1,0,1,1,1,1,10,1,0.85,2,http://instagram-copyright-appeal.monster/verify-account,1
34,21,6,0,2,0,0,0,0,3,0,0,0.0,0.8235,0,0,0,1,0,0,4.1607,3.5945,1,0,0,0,0,0,0,0,0,0.0,0,http://www.stackoverflow.com/login,0
51,15,28,0,2,2,0,0,0,4,0,0,0.0,0.8235,0,1,0,1,0,0,4.1235,3.1396,1,0,0,0,0,0,0,1,0,0.15,0,https://www.dropbox.com/help-center/contact-support,0
49,35,7,0,1,3,0,0,0,3,0,0,0.0,0.8367,0,0,0,0,0,1,4.3445,4.0144,2,1,0,1,1,1,1,4,1,0.69,2,http://customer-support-helpdesk-agent.cam/verify,1
32,17,7,0,2,0,0,0,0,3,0,1,0.0312,0.7812,0,1,0,1,0,0,3.8278,2.9842,1,0,0,0,0,0,0,0,0,0.0,0,https://www.w3schools.com/signin,0
46,34,5,0,1,3,0,0,0,3,0,0,0.0,0.8261,0,0,0,0,0,1,4.3111,4.0353,4,1,0,1,1,1,1,11,1,0.76,0,http://secure-wellsfargo-banking-alert.gq/auth,1
67,20,17,22,2,0,0,1,3,4,0,4,0.0597,0.7463,0,0,0,1,0,0,4.6065,3.8219,0,0,0,0,0,0,0,3,0,0.33,0,http://docs.theguardian.com/profile/settings?ref=nav&q=test&id=4781,0
52,20,1,23,2,0,0,1,3,3,0,5,0.0962,0.6731,0,0,0,1,0,0,4.6663,3.6842,1,0,0,0,0,0,0,0,0,0.0,0,http://support.flipkart.com/?ref=nav&q=test&id=48516,0
33,11,15,0,3,0,0,0,0,4,0,8,0.2424,0.5152,1,0,0,2,0,0,4.1124,2.4817,1,0,1,0,0,0,0,0,0,0.0,0,http://158.10.9.59/banking/online,1
53,24,22,0,1,3,0,0,0,4,0,0,0.0,0.8302,0,0,0,0,0,1,4.1446,3.6573,4,1,0,1,1,1,1,5,1,0.72,0,http://chase-security-alert.cam/auth/confirm-identity,1
50,37,6,0,4,1,0,0,0,3,0,0,0.0,0.82,0,0,0,3,1,0,4.2693,4.0203,3,1,1,0,0,0,0,0,0,0.0,0,http://appleid.apple.com.verify-identity.sbs/login,1
34,20,7,0,1,3,0,0,0,3,0,1,0.0294,0.7353,0,0,1,0,0,1,4.1163,3.6464,1,0,0,0,0,0,0,0,0,0.0,0,http://xn--mcrosoft-p1a.com/update,1
48,34,7,0,1,3,0,0,0,3,0,0,0.0,0.8333,0,0,0,0,0,1,4.1395,3.7856,5,1,0,0,0,0,0,0,0,0.0,0,http://paypal-account-security-update.icu/verify,1
42,28,7,0,1,2,0,0,0,3,0,0,0.0,0.8333,0,0,0,0,0,1,4.0033,3.7359,0,1,0,1,1,1,1,10,0,0.94,2,http://immediate-action-required.cf/notice,1
35,13,15,0,3,0,0,0,0,4,0,10,0.2857,0.4857,1,0,0,2,0,0,4.2506,2.8731,1,0,1,1,1,1,1,9,1,0.76,2,http://138.20.23.157/banking/online,1
42,28,7,0,1,3,0,0,0,3,0,0,0.0,0.8095,0,0,0,0,0,1,4.076,3.7534,3,1,0,0,0,0,0,0,0,0.0,0,http://claim-free-crypto-airdrop.cf/wallet,1
46,14,25,0,4,0,0,0,0,5,0,11,0.2391,0.5435,1,0,0,2,0,0,4.2597,2.5027,2,0,1,1,1,1,1,10,1,0.71,2,http://153.130.103.66/signin/paypal/index.html,1
51,29,15,0,1,3,0,0,0,3,0,0,0.0,0.8431,0,0,0,0,0,1,4.2804,3.9354,2,1,0,1,1,1,1,8,0,0.85,1,http://instagram-copyright-appeal.ml/verify-account,1
49,35,7,0,1,3,0,0,0,3,0,0,0.0,0.8367,0,0,0,0,0,1,4.4262,4.1859,2,1,0,0,0,0,0,0,0,0.0,0,http://customer-support-helpdesk-agent.xyz/verify,1
44,11,1,23,1,0,0,1,3,3,0,5,0.1136,0.6364,0,1,0,0,0,0,4.6441,3.0958,0,0,0,0,0,0,0,0,0,0.0,0,https://youtube.com/?ref=nav&q=test&id=78385,0
56,22,7,18,2,0,0,1,1,3,0,0,0.0,0.8393,0,1,0,1,0,0,4.4987,3.8231,0,0,0,0,0,0,0,0,0,0.0,0,https://blog.stackoverflow.com/search?q=machine+learning,0
48,11,6,23,2,0,0,1,3,3,0,5,0.1042,0.6458,0,0,0,1,0,0,4.5637,2.914,1,0,0,1,1,0,0,0,0,0.21,0,http://dev.cnn.com/login?ref=nav&q=test&id=33930,0
33,19,7,0,1,1,0,0,0,3,0,1,0.0303,0.7879,0,0,0,0,0,0,4.165,3.8269,2,0,0,1,1,0,1,5,0,0.84,0,http://paypa1-security.com/webscr,1
39,26,6,0,1,2,0,0,0,3,0,0,0.0,0.8205,0,0,0,0,0,1,4.2117,3.921,4,1,0,1,1,1,1,4,1,0.91,2,http://account-security-update.ml/login,1
31,14,10,0,4,0,0,0,0,3,0,11,0.3548,0.3871,1,0,0,2,0,0,3.8213,2.4956,1,0,0,0,0,0,0,0,0,0.0,0,http://116.222.253.20/login.php,1
45,31,7,0,1,2,0,0,0,3,0,0,0.0,0.8444,0,0,0,0,0,1,4.0367,3.7811,0,1,0,0,0,0,0,0,0,0.0,0,http://immediate-action-required.click/notice,1
50,16,7,18,2,0,0,1,1,3,0,0,0.0,0.82,0,1,0,1,0,0,4.3309,3.4528,0,0,0,0,0,0,0,1,0,0.22,0,https://app.flipkart.com/search?q=machine+learning,0
97,13,30,45,2,0,0,2,5,5,0,6,0.0619,0.7423,0,1,0,1,0,0,4.6899,3.2389,0,0,0,0,0,0,0,0,0,0.0,0,https://blog.ebay.com/products/category/electronics?page=2&sort=price_asc?ref=nav&q=test&id=84967,0
44,13,23,0,2,1,0,0,0,4,0,0,0.0,0.8182,0,1,0,1,0,0,4.1701,3.0851,0,0,0,0,0,0,0,0,0,0.0,0,https://blog.bing.com/explore/popular-topics,0
30,15,7,0,2,0,0,0,0,3,0,0,0.0,0.8,0,1,0,1,0,0,3.8729,3.2402,1,0,0,0,0,0,0,0,0,0.0,0,https://blog.gitlab.com/signin,0
72,15,25,23,2,2,0,1,3,4,0,5,0.0694,0.7222,0,1,0,1,0,0,4.6759,3.3736,0,0,0,0,0,0,0,0,0,0.32,0,https://dev.youtube.com/about-us/leadership-team?ref=nav&q=test&id=96775,0
22,14,1,0,2,0,0,0,0,3,0,0,0.0,0.7273,0,0,0,1,0,0,3.6292,3.182,0,0,0,0,0,0,0,0,0,0.25,0,http://dev.zomato.com/,0
28,14,7,0,2,0,0,0,0,3,0,0,0.0,0.7857,0,0,0,1,0,0,3.9408,3.0391,1,0,0,1,1,0,0,1,0,0.32,0,http://dev.medium.com/signin,0
30,17,6,0,1,3,0,0,0,3,0,0,0.0,0.7333,0,0,1,0,0,1,4.2566,3.4548,0,0,0,0,0,0,0,0,0,0.0,0,http://xn--gogle-qqa.com/drive,1
64,20,36,0,2,3,0,0,0,5,0,8,0.125,0.7031,0,1,0,1,0,0,4.7093,3.7842,0,0,0,0,0,0,0,0,0,0.0,0,https://mail.theguardian.com/questions/12345678/how-to-fix-error,0
53,31,15,0,1,3,0,0,0,3,0,0,0.0,0.8491,0,0,0,0,0,1,4.3507,4.0668,2,1,0,1,1,1,1,12,1,0.73,2,http://instagram-copyright-appeal.work/verify-account,1
51,36,8,0,1,3,0,0,0,3,0,0,0.0,0.8431,0,0,0,0,0,1,4.1403,3.882,1,1,0,0,0,0,0,0,0,0.0,0,http://metamask-wallet-recovery-phrase.work/connect,1
51,29,15,0,1,3,0,0,0,3,0,0,0.0,0.8431,0,0,0,0,0,1,4.256,4.0044,2,1,0,1,1,0,1,4,1,0.73,2,http://instagram-copyright-appeal.cf/verify-account,1
51,14,6,23,2,0,0,1,3,3,0,5,0.098,0.6667,0,0,0,1,0,0,4.6501,3.182,1,0,0,0,0,0,0,0,0,0.0,0,http://www.reddit.com/login?ref=nav&q=test&id=85571,0
50,37,6,0,4,1,0,0,0,3,0,0,0.0,0.82,0,0,0,3,1,0,4.104,3.8482,3,1,1,1,1,1,1,10,1,0.74,1,http://appleid.apple.com.verify-identity.top/login,1
43,13,23,0,1,1,0,0,0,4,0,0,0.0,0.8372,0,0,0,0,0,0,4.0827,3.3347,0,0,0,0,0,0,0,0,0,0.0,0,http://wikipedia.org/explore/popular-topics,0
23,15,0,0,2,0,0,0,0,2,0,0,0.0,0.7826,0,1,0,1,0,0,3.7623,3.1396,0,0,0,0,0,0,0,0,0,0.0,0,https://www.dropbox.com,0
43,18,17,0,2,2,0,0,0,3,0,0,0.0,0.814,0,1,0,1,0,0,3.9873,3.5033,2,0,0,0,0,0,0,0,0,0.0,0,https://support.reddit.com/terms-of-service,0
58,20,30,0,3,0,0,0,0,5,0,0,0.0,0.8448,0,1,0,1,0,0,4.1319,3.8219,1,0,0,0,0,0,0,0,0,0.0,0,https://support.linkedin.com/download/latest/installer.exe,0
35,14,14,0,3,0,0,0,0,4,0,11,0.3143,0.4571,1,0,0,2,0,0,4.1287,2.6456,2,0,1,1,1,1,1,10,0,0.84,2,http://138.177.195.79/netflix/login,1
30,17,6,0,1,3,0,0,0,3,0,0,0.0,0.7333,0,0,1,0,0,1,4.0314,3.4548,1,0,0,0,0,0,0,0,0,0.0,0,http://xn--paypl-qqa.com/login,1
77,16,30,23,3,0,0,1,3,5,0,5,0.0649,0.7403,0,0,0,1,0,0,4.5879,3.4528,0,0,0,0,0,0,0,3,0,0.14,0,http://docs.mozilla.org/download/latest/installer.exe?ref=nav&q=test&id=89803,0
100,16,30,45,2,0,0,2,5,5,0,6,0.06,0.75,0,1,0,1,0,0,4.6072,3.3278,0,0,0,0,0,0,0,2,0,0.32,0,https://mail.twitter.com/products/category/electronics?page=2&sort=price_asc?ref=nav&q=test&id=35826,0
46,13,25,0,3,0,0,0,0,5,0,0,0.0,0.8043,0,1,0,2,0,0,4.1271,3.1808,0,0,1,0,0,0,0,3,0,0.11,0,https://dev.sbi.co.in/user/dashboard/analytics,0
41,16,17,0,2,2,0,0,0,3,0,0,0.0,0.8049,0,1,0,1,0,0,4.0763,3.5,2,0,0,0,0,0,0,0,0,0.0,0,https://support.imdb.com/terms-of-service,0
62,18,36,0,2,3,0,0,0,5,0,8,0.129,0.6935,0,1,0,1,0,0,4.7002,3.128,0,0,0,0,0,0,0,0,0,0.0,0,https://mail.icicibank.com/questions/12345678/how-to-fix-error,0
48,35,6,0,1,3,0,0,0,3,0,0,0.0,0.8333,0,0,0,0,0,1,4.0684,3.797,2,1,0,0,0,0,0,0,0,0.0,0,http://icici-rewards-points-redemption.cam/claim,1
50,21,22,0,2,1,0,0,0,5,0,1,0.02,0.8,0,0,0,1,0,0,4.2542,3.7849,0,0,0,0,0,0,0,0,0,0.0,0,http://app.stackoverflow.com/docs/v2/api-reference,0
50,14,28,0,2,2,0,0,0,4,0,0,0.0,0.82,0,1,0,1,0,0,4.1113,3.3249,1,0,0,0,0,0,0,1,0,0.25,0,https://blog.quora.com/help-center/contact-support,0
47,14,25,0,2,2,0,0,0,4,0,0,0.0,0.8085,0,1,0,1,0,0,4.2116,3.0391,1,0,0,0,0,0,0,0,0,0.0,0,https://dev.google.com/about-us/leadership-team,0
44,28,9,0,1,2,0,0,0,3,0,0,0.0,0.8409,0,0,0,0,0,1,4.1724,3.8249,2,1,0,1,1,1,1,7,1,0.86,1,http://binance-kyc-verification.sbs/security,1
69,14,23,23,3,1,0,1,3,4,0,5,0.0725,0.7101,0,1,0,2,0,0,4.6795,3.1281,0,0,1,0,0,0,0,1,0,0.09,0,https://mail.sbi.co.in/explore/popular-topics?ref=nav&q=test&id=83082,0
52,38,7,0,1,3,0,0,0,3,0,0,0.0,0.8462,0,0,0,0,0,1,4.2747,3.8,3,1,0,0,0,0,0,0,0,0.0,0,http://coinbase-account-suspended-notice.buzz/verify,1
34,13,14,0,3,0,0,0,0,4,0,10,0.2941,0.4706,1,0,0,2,0,0,4.0797,2.5074,2,0,1,0,0,0,0,0,0,0.0,0,http://139.81.83.169/netflix/login,1
44,30,7,0,1,2,0,0,0,3,0,0,0.0,0.8409,0,0,0,0,0,1,4.1053,3.8402,0,1,0,0,0,0,0,0,0,0.0,0,http://immediate-action-required.buzz/notice,1
34,19,7,0,2,0,0,0,0,3,0,0,0.0,0.8235,0,1,0,1,0,0,4.0131,3.7871,1,0,0,0,0,0,0,0,0,0.0,0,https://app.theguardian.com/signin,0
57,13,36,0,2,3,0,0,0,5,0,8,0.1404,0.6667,0,1,0,1,0,0,4.6568,3.1808,0,0,0,0,0,0,0,3,0,0.34,0,https://dev.yahoo.com/questions/12345678/how-to-fix-error,0
33,19,7,0,1,1,0,0,0,3,0,1,0.0303,0.7879,0,0,0,0,0,0,4.165,3.8269,2,0,0,0,0,0,0,0,0,0.0,0,http://paypa1-security.com/webscr,1
46,16,22,0,2,1,0,0,0,5,0,1,0.0217,0.7826,0,1,0,1,0,0,4.3773,3.3278,0,0,0,0,0,0,0,1,0,0.24,0,https://blog.youtube.com/docs/v2/api-reference,0
67,18,17,23,2,0,0,1,3,4,0,5,0.0746,0.7313,0,1,0,1,0,0,4.5596,3.5033,0,0,0,0,0,0,0,0,0,0.0,0,https://docs.instagram.com/profile/settings?ref=nav&q=test&id=74001,0
29,15,6,0,2,0,0,0,0,3,0,0,0.0,0.7931,0,1,0,1,0,0,3.8539,3.1069,1,0,0,0,0,0,0,0,0,0.0,0,https://blog.zomato.com/login,0
39,26,6,0,1,2,0,0,0,3,0,0,0.0,0.8205,0,0,0,0,0,1,4.2117,3.921,4,1,0,1,1,1,1,8,1,0.94,2,http://account-security-update.gq/login,1
48,13,28,0,2,2,0,0,0,4,0,0,0.0,0.8125,0,0,0,1,0,0,4.0876,3.3927,1,0,0,0,0,0,0,2,0,0.2,0,http://dev.slack.com/help-center/contact-support,0
56,18,30,0,3,0,0,0,0,5,0,0,0.0,0.8393,0,1,0,1,0,0,4.0518,3.5033,0,0,0,0,0,0,0,1,0,0.21,0,https://api.salesforce.com/download/latest/installer.exe,0
51,29,15,0,1,3,0,0,0,3,0,0,0.0,0.8431,0,0,0,0,0,1,4.256,4.0044,2,1,0,1,1,1,1,4,1,0.88,0,http://instagram-copyright-appeal.cf/verify-account,1
52,32,13,0,1,3,0,0,0,4,0,0,0.0,0.8269,0,0,0,0,0,1,4.3567,4.1556,3,1,0,1,1,1,1,7,0,0.93,2,http://hdfc-netbanking-customer-care.gq/secure/login,1
46,34,5,0,1,3,0,0,0,3,0,0,0.0,0.8261,0,0,0,0,0,1,4.249,3.9987,4,1,0,0,0,0,0,0,0,0.0,0,http://secure-wellsfargo-banking-alert.tk/auth,1
72,18,22,23,2,1,0,1,3,5,0,6,0.0833,0.7083,0,1,0,1,0,0,4.6728,3.5033,0,0,0,0,0,0,0,3,0,0.13,0,https://mail.wikipedia.org/docs/v2/api-reference?ref=nav&q=test&id=33959,0
71,15,25,23,2,2,0,1,3,4,0,5,0.0704,0.7183,0,0,0,1,0,0,4.6999,3.3232,0,0,0,0,0,0,0,0,0,0.0,0,http://www.nytimes.com/about-us/leadership-team?ref=nav&q=test&id=76747,0
39,14,18,0,4,0,0,0,0,4,0,11,0.2821,0.4872,1,0,0,2,0,0,3.9427,2.4138,2,0,1,0,0,0,0,0,0,0.0,0,http://102.206.69.226/paypal/signin.php,1
57,13,36,0,1,3,0,0,0,5,0,9,0.1579,0.6667,0,1,0,0,0,0,4.5147,3.027,0,0,0,0,0,0,0,0,0,0.0,0,https://w3schools.com/questions/12345678/how-to-fix-error,0
35,13,15,0,3,0,0,0,0,4,0,10,0.2857,0.4857,1,0,0,2,0,0,4.229,2.8151,1,0,1,0,0,0,0,0,0,0.0,0,http://36.132.71.184/banking/online,1
72,21,6,37,2,0,0,2,4,3,0,7,0.0972,0.7083,0,0,0,1,0,0,4.8137,3.2135,0,0,0,0,0,0,0,1,0,0.21,0,http://app.geeksforgeeks.org/watch?v=dQw4w9WgXcQ?ref=nav&q=test&id=71137,0
48,34,7,0,1,3,0,0,0,3,0,0,0.0,0.8333,0,0,0,0,0,1,4.3717,4.0575,2,1,0,0,0,0,0,0,0,0.0,0,http://customer-support-helpdesk-agent.gq/verify,1
30,21,1,0,2,0,0,0,0,3,0,0,0.0,0.8,0,1,0,1,0,0,4.0981,3.7849,0,0,0,0,0,0,0,4,0,0.25,0,https://dev.stackoverflow.com/,0
43,11,1,22,2,0,0,1,3,3,0,4,0.093,0.6279,0,1,0,1,0,0,4.5364,3.0958,0,0,0,0,0,0,0,0,0,0.0,0,https://docs.gov.in/?ref=nav&q=test&id=4361,0
42,10,25,0,1,2,0,0,0,4,0,0,0.0,0.8095,0,0,0,0,0,0,4.08,2.6464,0,0,0,0,0,0,0,1,0,0.07,0,http://zomato.com/about-us/leadership-team,0
57,14,36,0,2,3,0,0,0,5,0,8,0.1404,0.6667,0,0,0,1,0,0,4.7191,3.182,0,0,0,0,0,0,0,0,0,0.0,0,http://www.kaggle.com/questions/12345678/how-to-fix-error,0
69,13,18,30,3,0,0,1,1,4,0,15,0.2174,0.6377,1,0,0,2,0,0,4.8796,2.5654,3,0,0,1,1,1,1,12,0,0.74,0,http://114.165.188.9/auth/verification?token=pugod8ebvta2mq9zsxv3ag9k,1
61,15,38,0,2,1,0,0,0,6,0,0,0.0,0.8361,0,1,0,1,0,0,4.0821,3.2402,1,0,0,0,0,0,0,0,0,0.0,0,https://docs.paypal.com/repos/organization/repo-name/releases,0
30,17,6,0,1,3,0,0,0,3,0,0,0.0,0.7333,0,0,1,0,0,1,4.2566,3.4548,0,0,0,0,0,0,0,0,0,0.0,0,http://xn--gogle-qqa.com/drive,1
81,11,38,23,1,1,0,1,3,6,0,5,0.0617,0.7531,0,1,0,0,0,0,4.5569,3.0958,0,0,0,0,0,0,0,0,0,0.0,0,https://walmart.com/repos/organization/repo-name/releases?ref=nav&q=test&id=57086,0
69,13,18,30,3,0,0,1,1,4,0,19,0.2754,0.5797,1,0,0,2,0,0,4.9361,2.5074,3,0,0,0,0,0,0,0,0,0.0,0,http://199.47.121.72/auth/verification?token=30a1dsyf6sg40w9u3ulobxc3,1
45,29,9,0,1,2,0,0,0,3,0,0,0.0,0.8444,0,0,0,0,0,1,4.2334,3.8404,2,1,0,0,0,0,0,0,0,0.0,0,http://binance-kyc-verification.work/security,1
49,20,7,14,3,1,0,1,1,3,0,0,0.0,0.7755,0,0,0,2,0,0,4.5119,3.3464,4,1,1,0,0,0,0,0,0,0.0,0,http://login.paypal.com.cam/webscr?cmd=_login-run,1
48,14,27,0,3,2,0,0,0,4,0,11,0.2292,0.5625,1,0,0,2,0,0,4.5739,2.6456,3,0,1,0,0,0,0,0,0,0.0,0,http://192.126.36.215/secure/update-banking-info,1
44,12,25,0,4,0,0,0,0,5,0,9,0.2045,0.5682,1,0,0,2,0,0,4.3088,2.6887,2,0,1,1,1,1,1,8,1,0.7,0,http://32.38.187.42/signin/paypal/index.html,1
67,13,23,23,1,1,0,1,3,4,0,5,0.0746,0.7313,0,0,0,0,0,0,4.6086,3.027,1,0,0,0,0,0,0,0,0,0.0,0,http://microsoft.com/explore/popular-topics?ref=nav&q=test&id=46991,0
50,37,6,0,4,1,0,0,0,3,0,0,0.0,0.82,0,0,0,3,1,0,4.1913,3.9227,3,1,1,1,1,1,1,9,1,0.87,0,http://appleid.apple.com.verify-identity.icu/login,1
46,14,25,0,4,0,0,0,0,5,0,11,0.2391,0.5435,1,0,0,2,0,0,4.363,2.8424,2,0,1,1,1,1,1,5,1,0.65,2,http://86.140.154.246/signin/paypal/index.html,1
50,32,11,0,1,3,0,0,0,4,0,3,0.06,0.76,0,0,0,0,0,1,4.4064,3.9917,4,1,0,0,0,0,0,0,0,0.0,0,http://microsoft-365-password-reset.cam/auth/login,1
24,10,7,0,1,0,0,0,0,3,0,0,0.0,0.7917,0,0,0,0,0,0,3.8035,3.1219,1,0,0,1,1,0,0,1,0,0.16,0,http://target.com/signin,0
86,14,40,23,2,1,0,1,3,6,0,11,0.1279,0.686,0,1,0,1,0,0,4.9088,3.5216,0,0,0,0,0,0,0,4,0,0.24,0,https://app.github.com/article/2026/08/technology-breakthrough?ref=nav&q=test&id=59641,0
49,20,7,14,3,1,0,1,1,3,0,0,0.0,0.7755,0,0,0,2,0,0,4.5527,3.5842,4,1,1,0,0,0,0,0,0,0.0,0,http://login.paypal.com.sbs/webscr?cmd=_login-run,1
52,16,28,0,2,2,0,0,0,4,0,0,0.0,0.8269,0,1,0,1,0,0,4.2123,3.625,1,0,0,0,0,0,0,0,0,0.0,0,https://dev.hdfcbank.com/help-center/contact-support,0
43,29,7,0,1,2,0,0,0,3,0,0,0.0,0.8372,0,0,0,0,0,1,4.023,3.7545,0,1,0,1,1,0,1,7,0,0.8,2,http://immediate-action-required.fun/notice,1
52,39,6,0,1,3,0,0,0,3,0,0,0.0,0.8462,0,0,0,0,0,1,4.0628,3.7627,2,1,0,0,0,0,0,0,0,0.0,0,http://icici-rewards-points-redemption.monster/claim,1
39,15,17,0,2,0,0,0,0,4,0,0,0.0,0.8205,0,0,0,1,0,0,4.0604,3.0566,0,0,0,0,0,0,0,0,0,0.0,0,http://docs.medium.com/profile/settings,0
63,15,40,0,2,1,0,0,0,6,0,6,0.0952,0.746,0,1,0,1,0,0,4.4908,3.3232,0,0,0,0,0,0,0,4,0,0.23,0,https://app.spotify.com/article/2026/08/technology-breakthrough,0
40,27,6,0,1,2,0,0,0,3,0,0,0.0,0.825,0,0,0,0,0,1,4.2751,3.9303,4,1,0,1,1,1,1,2,0,0.86,0,http://account-security-update.xyz/login,1
30,17,6,0,1,3,0,0,0,3,0,0,0.0,0.7333,0,0,1,0,0,1,4.2566,3.4548,0,0,0,1,1,0,1,10,0,0.69,1,http://xn--gogle-qqa.com/drive,1
39,14,18,0,4,0,0,0,0,4,0,11,0.2821,0.4872,1,0,0,2,0,0,4.0259,2.6456,2,0,1,0,0,0,0,0,0,0.0,0,http://38.103.124.138/paypal/signin.php,1
67,21,38,0,2,1,0,0,0,6,0,0,0.0,0.8507,0,1,0,1,0,0,3.9469,3.2135,0,0,0,0,0,0,0,0,0,0.0,0,https://app.geeksforgeeks.org/repos/organization/repo-name/releases,0
51,37,7,0,1,3,0,0,0,3,0,0,0.0,0.8431,0,0,0,0,0,1,4.1775,3.6657,3,1,0,0,0,0,0,0,0,0.0,0,http://coinbase-account-suspended-notice.sbs/verify,1
48,34,7,0,1,3,0,0,0,3,0,0,0.0,0.8333,0,0,0,0,0,1,4.33,3.9987,2,1,0,1,1,1,1,10,1,0.67,2,http://customer-support-helpdesk-agent.ga/verify,1
30,17,6,0,1,3,0,0,0,3,0,0,0.0,0.7333,0,0,1,0,0,1,4.0314,3.4548,1,0,0,1,1,0,1,10,0,0.95,0,http://xn--paypl-qqa.com/login,1
70,16,23,22,2,1,0,1,3,4,0,4,0.0571,0.7429,0,1,0,1,0,0,4.6827,3.3278,0,0,0,0,0,0,0,0,0,0.0,0,https://docs.youtube.com/explore/popular-topics?ref=nav&q=test&id=6987,0
39,26,6,0,1,2,0,0,0,3,0,0,0.0,0.8205,0,0,0,0,0,1,4.163,3.7962,4,1,0,1,1,1,1,5,1,0.72,2,http://account-security-update.tk/login,1
51,15,28,0,2,2,0,0,0,4,0,0,0.0,0.8235,0,1,0,1,0,0,3.9582,3.1899,1,0,0,0,0,0,0,0,0,0.0,0,https://app.walmart.com/help-center/contact-support,0
50,37,6,0,4,1,0,0,0,3,0,0,0.0,0.82,0,0,0,3,1,0,4.1742,3.8918,3,1,1,0,0,0,0,0,0,0.0,0,http://appleid.apple.com.verify-identity.cam/login,1
40,26,7,0,1,2,0,0,0,3,0,1,0.025,0.8,0,0,0,0,0,1,4.2842,4.1329,3,0,0,0,0,0,0,0,0,0.0,0,http://netfl1x-billing-update.com/signin,1
54,20,27,0,2,1,0,0,0,7,0,0,0.0,0.7963,0,0,0,0,0,0,4.1941,3.6842,4,1,0,0,0,0,0,0,0,0.0,0,http://portal-service.click//account/verify//login.php,1
39,26,6,0,1,2,0,0,0,3,0,0,0.0,0.8205,0,0,0,0,0,1,4.2117,3.921,4,1,0,1,1,1,1,9,1,0.74,2,http://account-security-update.ml/login,1
33,19,7,0,1,1,0,0,0,3,0,1,0.0303,0.7879,0,0,0,0,0,0,4.165,3.8269,2,0,0,0,0,0,0,0,0,0.0,0,http://paypa1-security.com/webscr,1
75,15,28,23,2,2,0,1,3,4,0,5,0.0667,0.7333,0,1,0,1,0,0,4.6303,3.1396,1,0,0,0,0,0,0,4,0,0.27,0,https://app.dropbox.com/help-center/contact-support?ref=nav&q=test&id=40219,0
52,37,7,0,4,1,0,0,0,3,0,0,0.0,0.8269,0,1,0,3,1,0,4.2437,3.8509,3,1,1,1,1,0,0,10,1,0.94,1,https://appleid.apple.com.account-recovery.ml/verify,1
26,12,6,0,2,0,0,0,0,3,0,0,0.0,0.7692,0,1,0,1,0,0,3.8253,3.0221,1,0,0,0,0,0,0,0,0,0.0,0,https://blog.zoom.us/login,0
85,13,40,23,1,1,0,1,3,6,0,12,0.1412,0.6824,0,1,0,0,0,0,4.9163,3.027,0,0,0,0,0,0,0,0,0,0.0,0,https://w3schools.com/article/2026/08/technology-breakthrough?ref=nav&q=test&id=19570,0
78,22,25,23,2,2,0,1,3,4,0,5,0.0641,0.7436,0,0,0,1,0,0,4.734,3.6978,0,0,0,0,0,0,0,0,0,0.0,0,http://docs.stackoverflow.com/about-us/leadership-team?ref=nav&q=test&id=60830,0
33,8,17,0,1,2,0,0,0,3,0,0,0.0,0.7879,0,1,0,0,0,0,4.0667,3.0,1,0,0,0,0,0,0,4,0,0.23,0,https://ebay.com/terms-of-service,0
51,34,10,0,1,3,0,0,0,4,0,0,0.0,0.8235,0,0,0,0,0,1,4.0098,3.7604,2,1,0,1,1,1,1,3,1,0.81,2,http://amazon-unusual-activity-signin.cam/ap/signin,1
77,18,30,21,2,0,0,1,2,5,0,2,0.026,0.8052,0,0,0,1,0,0,4.3835,3.3502,0,0,0,0,0,0,0,0,0,0.0,0,http://mail.w3schools.com/products/category/electronics?page=2&sort=price_asc,0
85,13,40,23,3,1,0,1,3,6,0,11,0.1294,0.6706,0,1,0,2,0,0,4.857,3.1808,0,0,1,0,0,0,0,1,0,0.24,0,https://dev.sbi.co.in/article/2026/08/technology-breakthrough?ref=nav&q=test&id=29645,0
66,11,23,23,2,1,0,1,3,4,0,5,0.0758,0.7121,0,1,0,1,0,0,4.7134,2.914,0,0,0,0,0,0,0,0,0,0.0,0,https://dev.bbc.com/explore/popular-topics?ref=nav&q=test&id=48909,0
44,30,7,0,1,3,0,0,0,3,0,0,0.0,0.8182,0,0,0,0,0,1,4.2656,4.0151,3,1,0,0,0,0,0,0,0,0.0,0,http://claim-free-crypto-airdrop.buzz/wallet,1
52,15,6,23,2,0,0,1,3,3,0,5,0.0962,0.6731,0,0,0,1,0,0,4.7048,3.1899,1,0,0,1,1,0,0,2,0,0.23,0,http://blog.kaggle.com/login?ref=nav&q=test&id=76729,0
49,31,11,0,1,3,0,0,0,4,0,3,0.0612,0.7551,0,0,0,0,0,1,4.4082,4.0424,4,1,0,1,1,1,1,12,1,0.91,0,http://microsoft-365-password-reset.ml/auth/login,1
49,16,25,0,2,0,0,0,0,5,0,0,0.0,0.8367,0,1,0,1,0,0,4.1987,3.5,0,0,0,0,0,0,0,2,0,0.16,0,https://api.flipkart.com/user/dashboard/analytics,0
70,12,7,42,2,0,0,2,4,3,0,5,0.0714,0.7143,0,1,0,1,0,0,4.6795,3.2516,0,0,0,0,0,0,0,0,0,0.0,0,https://docs.nih.gov/search?q=machine+learning?ref=nav&q=test&id=43720,0
45,17,6,13,2,0,0,1,1,3,0,2,0.0444,0.7778,0,1,0,1,0,0,4.5526,3.2639,0,0,0,0,0,0,0,4,0,0.07,0,https://blog.facebook.com/watch?v=dQw4w9WgXcQ,0
51,12,7,23,2,0,0,1,3,3,0,5,0.098,0.6667,0,1,0,1,0,0,4.6405,2.9183,1,0,0,1,1,0,0,2,0,0.05,0,https://blog.cnn.com/signin?ref=nav&q=test&id=63169,0
44,12,25,0,4,0,0,0,0,5,0,9,0.2045,0.5682,1,0,0,2,0,0,4.3088,2.6887,2,0,1,0,0,0,0,0,0,0.0,0,http://95.77.183.53/signin/paypal/index.html,1
37,12,18,0,4,0,0,0,0,4,0,9,0.2432,0.5135,1,0,0,2,0,0,4.0308,2.6887,2,0,1,0,0,0,0,0,0,0.0,0,http://147.70.81.49/paypal/signin.php,1
43,29,7,0,1,3,0,0,0,3,0,0,0.0,0.814,0,0,0,0,0,1,4.0277,3.7454,3,1,0,1,1,0,1,7,1,0.88,1,http://claim-free-crypto-airdrop.top/wallet,1
33,19,7,0,1,1,0,0,0,3,0,1,0.0303,0.7879,0,0,0,0,0,0,4.165,3.8269,2,0,0,0,0,0,0,0,0,0.0,0,http://paypa1-security.com/webscr,1
69,13,18,30,3,0,0,1,1,4,0,18,0.2609,0.5942,1,0,0,2,0,0,4.7912,2.2878,3,0,0,1,1,1,1,8,1,0.95,2,http://101.31.81.139/auth/verification?token=q697zuhxe4e0yr4tdpho94cg,1
63,19,9,27,2,2,0,1,1,5,0,0,0.0,0.7937,0,0,0,0,0,0,4.3473,3.4714,1,1,0,1,1,0,1,5,1,0.77,0,http://suspicious-site.xyz/redirect?url=http://victim-login.com,1
31,14,10,0,4,0,0,0,0,3,0,11,0.3548,0.3871,1,0,0,2,0,0,3.8087,2.4677,1,0,0,0,0,0,0,0,0,0.0,0,http://193.18.190.103/login.php,1
50,22,6,13,2,0,0,1,1,3,0,2,0.04,0.8,0,1,0,1,0,0,4.5362,3.1524,0,0,0,0,0,0,0,0,0,0.0,0,https://blog.geeksforgeeks.org/watch?v=dQw4w9WgXcQ,0
47,34,6,0,1,3,0,0,0,3,0,0,0.0,0.8298,0,0,0,0,0,1,4.1334,3.8559,2,1,0,1,1,0,1,8,1,0.8,2,http://icici-rewards-points-redemption.ga/claim,1
73,16,25,23,2,2,0,1,3,4,0,5,0.0685,0.726,0,1,0,1,0,0,4.6361,3.3278,0,0,0,0,0,0,0,1,0,0.1,0,https://docs.twitter.com/about-us/leadership-team?ref=nav&q=test&id=91790,0
31,14,10,0,4,0,0,0,0,3,0,11,0.3548,0.3871,1,0,0,2,0,0,3.9779,2.8424,1,0,0,0,0,0,0,0,0,0.0,0,http://53.183.103.226/login.php,1
44,14,23,0,2,1,0,0,0,4,0,0,0.0,0.8182,0,0,0,1,0,0,4.0815,3.0391,1,0,0,0,0,0,0,0,0,0.0,0,http://dev.google.com/explore/popular-topics,0
52,37,7,0,4,1,0,0,0,3,0,0,0.0,0.8269,0,1,0,3,1,0,4.2437,3.8509,3,1,1,0,0,0,0,0,0,0.0,0,https://appleid.apple.com.account-recovery.ml/verify,1
46,14,25,0,4,0,0,0,0,5,0,11,0.2391,0.5435,1,0,0,2,0,0,4.1541,2.156,2,0,1,0,0,0,0,0,0,0.0,0,http://115.134.154.41/signin/paypal/index.html,1
71,14,25,23,2,2,0,1,3,4,0,5,0.0704,0.7183,0,1,0,1,0,0,4.6617,3.182,0,0,0,0,0,0,0,0,0,0.0,0,https://blog.adobe.com/about-us/leadership-team?ref=nav&q=test&id=38886,0
50,14,28,0,2,2,0,0,0,4,0,0,0.0,0.82,0,1,0,1,0,0,3.9513,3.0391,2,0,0,0,0,0,0,0,0,0.0,0,https://app.google.com/help-center/contact-support,0
32,18,6,0,2,0,0,0,0,3,0,0,0.0,0.8125,0,1,0,1,0,0,4.1556,3.5033,1,0,0,0,0,0,0,0,0,0.0,0,https://app.cloudflare.com/login,0
47,13,27,0,3,2,0,0,0,4,0,10,0.2128,0.5745,1,0,0,2,0,0,4.4956,2.3535,3,0,1,1,1,1,1,2,1,0.82,0,http://181.71.168.98/secure/update-banking-info,1
38,14,17,0,2,0,0,0,0,4,0,0,0.0,0.8158,0,0,0,1,0,0,4.0304,3.2359,1,0,0,0,0,0,0,0,0,0.0,0,http://blog.apple.com/profile/settings,0
67,14,22,23,2,1,0,1,3,5,0,6,0.0896,0.6866,0,0,0,1,0,0,4.5243,3.182,0,0,0,0,0,0,0,3,0,0.22,0,http://docs.twitch.tv/docs/v2/api-reference?ref=nav&q=test&id=86162,0
61,12,17,23,2,0,0,1,3,4,0,5,0.082,0.7049,0,1,0,1,0,0,4.6149,2.9183,0,0,0,0,0,0,0,0,0,0.0,0,https://mail.bbc.com/profile/settings?ref=nav&q=test&id=44100,0
37,12,18,0,4,0,0,0,0,4,0,9,0.2432,0.5135,1,0,0,2,0,0,4.0308,2.6887,2,0,1,0,0,0,0,0,0,0.0,0,http://90.210.46.14/paypal/signin.php,1
37,13,17,0,2,0,0,0,0,4,0,0,0.0,0.8108,0,0,0,1,0,0,4.0672,3.2389,0,0,0,0,0,0,0,3,0,0.2,0,http://docs.bing.com/profile/settings,0
47,11,28,0,2,2,0,0,0,4,0,0,0.0,0.8085,0,1,0,1,0,0,4.07,3.0958,1,0,0,0,0,0,0,0,0,0.0,0,https://docs.gov.in/help-center/contact-support,0
53,32,14,0,2,2,0,0,0,4,0,0,0.0,0.8302,0,0,0,1,0,1,4.2678,3.9886,5,1,0,0,0,0,0,0,0,0.0,0,http://secure.netflix-payment-update.cf/account/login,1
69,21,17,23,2,0,0,1,3,4,0,5,0.0725,0.7391,0,0,0,1,0,0,4.6457,3.7849,0,0,0,0,0,0,0,0,0,0.11,0,http://dev.stackoverflow.com/profile/settings?ref=nav&q=test&id=75761,0
44,30,7,0,1,2,0,0,0,3,0,0,0.0,0.8409,0,0,0,0,0,1,4.1053,3.8402,0,1,0,1,1,0,1,4,1,0.79,2,http://immediate-action-required.buzz/notice,1
76,14,30,23,3,0,0,1,3,5,0,5,0.0658,0.7368,0,1,0,1,0,0,4.5298,3.182,0,0,0,0,0,0,0,0,0,0.0,0,https://mail.twitch.tv/download/latest/installer.exe?ref=nav&q=test&id=85621,0
75,14,30,23,3,0,0,1,3,5,0,5,0.0667,0.7333,0,0,0,1,0,0,4.5729,2.9852,0,0,0,0,0,0,0,2,0,0.2,0,http://www.medium.com/download/latest/installer.exe?ref=nav&q=test&id=57785,0
54,33,14,0,2,2,0,0,0,4,0,0,0.0,0.8333,0,0,0,1,0,1,4.3449,4.0637,5,1,0,0,0,0,0,0,0,0.0,0,http://secure.netflix-payment-update.xyz/account/login,1
35,13,15,0,3,0,0,0,0,4,0,10,0.2857,0.4857,1,0,0,2,0,0,4.1719,2.6612,1,0,1,0,0,0,0,0,0,0.0,0,http://86.68.122.239/banking/online,1
65,16,17,23,2,0,0,1,3,4,0,5,0.0769,0.7231,0,1,0,1,0,0,4.6048,3.0778,0,0,0,0,0,0,0,1,0,0.23,0,https://mail.mozilla.org/profile/settings?ref=nav&q=test&id=73528,0
71,14,25,23,2,2,0,1,3,4,0,5,0.0704,0.7183,0,1,0,1,0,0,4.614,3.3788,0,0,0,0,0,0,0,4,0,0.22,0,https://app.reddit.com/about-us/leadership-team?ref=nav&q=test&id=25144,0
46,34,5,0,1,3,0,0,0,3,0,0,0.0,0.8261,0,0,0,0,0,1,4.2326,3.9398,4,1,0,0,0,0,0,0,0,0.0,0,http://secure-wellsfargo-banking-alert.ga/auth,1
50,37,6,0,4,1,0,0,0,3,0,0,0.0,0.82,0,0,0,3,1,0,4.2693,4.0203,3,1,1,0,0,0,0,0,0,0.0,0,http://appleid.apple.com.verify-identity.sbs/login,1
48,19,7,14,3,1,0,1,1,3,0,0,0.0,0.7708,0,0,0,2,0,0,4.5841,3.4714,4,1,1,1,1,1,1,5,1,0.85,2,http://login.paypal.com.gq/webscr?cmd=_login-run,1
43,14,22,0,2,1,0,0,0,5,0,1,0.0233,0.7674,0,0,0,1,0,0,4.1734,3.0391,1,0,0,0,0,0,0,0,0,0.0,0,http://dev.google.com/docs/v2/api-reference,0
30,17,6,0,1,3,0,0,0,3,0,0,0.0,0.7333,0,0,1,0,0,1,4.0314,3.4548,1,0,0,1,1,1,1,4,1,0.78,2,http://xn--paypl-qqa.com/login,1
26,11,7,0,2,0,0,0,0,3,0,0,0.0,0.7692,0,1,0,1,0,0,3.7193,3.0958,1,0,0,1,1,0,0,3,0,0.14,0,https://mail.gov.in/signin,0
44,13,23,0,2,1,0,0,0,4,0,0,0.0,0.8182,0,1,0,1,0,0,4.127,3.1808,0,0,0,0,0,0,0,0,0,0.0,0,https://dev.yahoo.com/explore/popular-topics,0
50,36,7,0,1,3,0,0,0,3,0,0,0.0,0.84,0,0,0,0,0,1,4.2411,3.7527,3,1,0,1,1,0,1,6,1,0.83,2,http://coinbase-account-suspended-notice.ga/verify,1
54,33,14,0,2,2,0,0,0,4,0,0,0.0,0.8333,0,0,0,1,0,1,4.2618,3.9802,5,1,0,1,1,1,1,3,1,0.7,1,http://secure.netflix-payment-update.cam/account/login,1
59,15,36,0,2,3,0,0,0,5,0,8,0.1356,0.678,0,1,0,1,0,0,4.6175,3.0062,0,0,0,0,0,0,0,4,0,0.26,0,https://mail.zomato.com/questions/12345678/how-to-fix-error,0
47,14,25,0,2,2,0,0,0,4,0,0,0.0,0.8085,0,1,0,1,0,0,4.2298,3.3249,0,0,0,0,0,0,0,4,0,0.07,0,https://blog.quora.com/about-us/leadership-team,0
49,31,11,0,1,3,0,0,0,4,0,3,0.0612,0.7551,0,0,0,0,0,1,4.449,4.1069,4,1,0,1,1,1,1,4,1,0.74,0,http://microsoft-365-password-reset.gq/auth/login,1
41,17,17,0,2,2,0,0,0,3,0,0,0.0,0.8049,0,0,0,1,0,0,4.2411,3.4548,1,0,0,0,0,0,0,2,0,0.18,0,http://docs.hdfcbank.com/terms-of-service,0
40,26,7,0,1,2,0,0,0,3,0,1,0.025,0.8,0,0,0,0,0,1,4.2842,4.1329,3,0,0,0,0,0,0,0,0,0.0,0,http://netfl1x-billing-update.com/signin,1
69,13,18,30,3,0,0,1,1,4,0,16,0.2319,0.6232,1,0,0,2,0,0,4.7022,2.5074,3,0,0,0,0,0,0,0,0,0.0,0,http://51.217.47.142/auth/verification?token=zji4ai182tg8jdtzewuqw4rr,1
47,13,27,0,3,2,0,0,0,4,0,10,0.2128,0.5745,1,0,0,2,0,0,4.5807,2.6612,3,0,1,1,1,1,1,4,1,0.75,2,http://175.45.119.40/secure/update-banking-info,1
33,19,7,0,1,1,0,0,0,3,0,1,0.0303,0.7879,0,0,0,0,0,0,4.165,3.8269,2,0,0,0,0,0,0,0,0,0.0,0,http://paypa1-security.com/webscr,1
53,35,11,0,1,3,0,0,0,3,0,0,0.0,0.8491,0,0,0,0,0,1,4.1631,3.9329,3,1,0,0,0,0,0,0,0,0.0,0,http://unauthorized-login-detected.monster/secure-now,1
54,15,7,23,2,0,0,1,3,3,0,5,0.0926,0.6852,0,1,0,1,0,0,4.6552,3.3736,1,0,0,0,0,0,0,0,0,0.0,0,https://dev.youtube.com/signin?ref=nav&q=test&id=62026,0
39,14,18,0,4,0,0,0,0,4,0,11,0.2821,0.4872,1,0,0,2,0,0,4.0453,2.6995,2,0,1,1,1,1,1,3,1,0.9,1,http://173.240.43.227/paypal/signin.php,1
47,15,25,0,4,0,0,0,0,5,0,12,0.2553,0.5319,1,0,0,2,0,0,4.1899,2.2892,2,0,1,0,0,0,0,0,0,0.0,0,http://166.195.111.158/signin/paypal/index.html,1
56,12,36,0,2,3,0,0,0,5,0,8,0.1429,0.6607,0,1,0,1,0,0,4.6602,3.0221,0,0,0,0,0,0,0,0,0,0.0,0,https://www.ebay.com/questions/12345678/how-to-fix-error,0
77,17,30,21,2,0,0,1,2,5,0,1,0.013,0.8182,0,1,0,1,0,0,4.3807,3.4992,0,0,0,0,0,0,0,3,0,0.08,0,https://mail.flipkart.com/products/category/electronics?page=2&sort=price_asc,0
42,28,7,0,1,3,0,0,0,3,0,0,0.0,0.8095,0,0,0,0,0,1,4.1033,3.8518,3,1,0,0,0,0,0,0,0,0.0,0,http://claim-free-crypto-airdrop.tk/wallet,1
63,19,9,27,2,2,0,1,1,5,0,0,0.0,0.7937,0,0,0,0,0,0,4.1753,3.1556,1,1,0,0,0,0,0,0,0,0.0,0,http://suspicious-site.top/redirect?url=http://victim-login.com,1
30,17,6,0,1,3,0,0,0,3,0,0,0.0,0.7333,0,0,1,0,0,1,4.2566,3.4548,0,0,0,1,1,1,1,8,1,0.87,2,http://xn--gogle-qqa.com/drive,1
55,17,30,0,3,0,0,0,0,5,0,0,0.0,0.8364,0,1,0,1,0,0,4.134,3.2195,0,0,0,0,0,0,0,2,0,0.13,0,https://docs.facebook.com/download/latest/installer.exe,0
70,14,18,30,3,0,0,1,1,4,0,15,0.2143,0.6429,1,0,0,2,0,0,4.7559,2.9852,3,0,0,0,0,0,0,0,0,0.0,0,http://79.254.143.140/auth/verification?token=utboja1tpwhu8jigirab3wt6,1
68,12,18,30,3,0,0,1,1,4,0,16,0.2353,0.6176,1,0,0,2,0,0,4.9089,2.7925,3,0,0,0,0,0,0,0,0,0.0,0,http://55.160.53.79/auth/verification?token=weonkiyfzj68a21hy25zq9lg,1
54,21,25,0,2,2,0,0,0,4,0,0,0.0,0.8333,0,1,0,1,0,0,4.247,3.5352,0,0,0,0,0,0,0,0,0,0.0,0,https://api.bankofamerica.com/about-us/leadership-team,0
54,41,6,0,4,1,0,0,0,3,0,0,0.0,0.8333,0,0,0,3,1,0,4.2094,3.9828,3,1,1,1,1,1,1,8,1,0.77,1,http://appleid.apple.com.verify-identity.monster/login,1
49,18,23,0,2,1,0,0,0,4,0,0,0.0,0.8367,0,1,0,1,0,0,4.1404,3.3921,1,0,0,0,0,0,0,1,0,0.06,0,https://www.wellsfargo.com/explore/popular-topics,0
33,19,7,0,1,1,0,0,0,3,0,1,0.0303,0.7879,0,0,0,0,0,0,4.165,3.8269,2,0,0,0,0,0,0,0,0,0.0,0,http://paypa1-security.com/webscr,1
34,20,7,0,1,3,0,0,0,3,0,1,0.0294,0.7353,0,0,1,0,0,1,4.1163,3.6464,1,0,0,1,1,1,1,12,1,0.72,0,http://xn--mcrosoft-p1a.com/update,1
46,14,1,23,2,0,0,1,3,3,0,5,0.1087,0.6304,0,0,0,1,0,0,4.7024,3.2359,0,0,0,0,0,0,0,0,0,0.0,0,http://app.kaggle.com/?ref=nav&q=test&id=70156,0
44,28,9,0,1,2,0,0,0,3,0,0,0.0,0.8409,0,0,0,0,0,1,4.2633,3.8963,2,1,0,1,1,0,1,6,0,0.76,0,http://binance-kyc-verification.xyz/security,1
46,14,25,0,4,0,0,0,0,5,0,11,0.2391,0.5435,1,0,0,2,0,0,4.363,2.8424,2,0,1,1,1,1,1,9,0,0.7,1,http://189.236.139.14/signin/paypal/index.html,1
54,34,13,0,1,3,0,0,0,4,0,0,0.0,0.8333,0,0,0,0,0,1,4.3638,4.1529,3,1,0,0,0,0,0,0,0,0.0,0,http://hdfc-netbanking-customer-care.work/secure/login,1
49,15,27,0,3,2,0,0,0,4,0,12,0.2449,0.551,1,0,0,2,0,0,4.5173,2.4729,3,0,1,0,0,0,0,0,0,0.0,0,http://110.167.226.202/secure/update-banking-info,1
53,19,27,0,2,1,0,0,0,7,0,0,0.0,0.7925,0,0,0,0,0,0,4.2578,3.7871,4,1,0,1,1,1,1,2,1,0.77,1,http://portal-service.work//account/verify//login.php,1
20,11,1,0,1,0,0,0,0,3,0,0,0.0,0.75,0,1,0,0,0,0,3.7842,3.0958,0,0,0,0,0,0,0,0,0,0.0,0,https://mozilla.org/,0
55,16,7,23,2,0,0,1,3,3,0,5,0.0909,0.6909,0,1,0,1,0,0,4.738,3.5778,1,0,0,1,1,0,0,4,0,0.13,0,https://www.flipkart.com/signin?ref=nav&q=test&id=35892,0
68,12,18,30,3,0,0,1,1,4,0,13,0.1912,0.6618,1,0,0,2,0,0,4.7619,2.8554,3,0,0,0,0,0,0,0,0,0.0,0,http://42.168.34.73/auth/verification?token=rqe8v9z7vqhftvgkch8imijf,1
38,14,17,0,2,2,0,0,0,3,0,0,0.0,0.7895,0,0,0,1,0,0,4.1486,3.3788,2,0,0,0,0,0,0,0,0,0.0,0,http://blog.chase.com/terms-of-service,0
47,13,27,0,3,2,0,0,0,4,0,10,0.2128,0.5745,1,0,0,2,0,0,4.6393,2.8731,3,0,1,1,1,0,1,3,1,0.82,2,http://28.187.237.95/secure/update-banking-info,1
38,13,18,0,4,0,0,0,0,4,0,10,0.2632,0.5,1,0,0,2,0,0,3.9553,2.4493,2,0,1,1,1,0,1,12,1,0.66,1,http://201.30.144.40/paypal/signin.php,1
33,19,7,0,1,1,0,0,0,3,0,1,0.0303,0.7879,0,0,0,0,0,0,4.165,3.8269,2,0,0,1,1,1,1,8,0,0.71,1,http://paypa1-security.com/webscr,1
45,13,25,0,4,0,0,0,0,5,0,10,0.2222,0.5556,1,0,0,2,0,0,4.35,2.8151,2,0,1,1,1,0,1,7,1,0.8,1,http://184.245.76.24/signin/paypal/index.html,1
72,19,22,23,2,1,0,1,3,5,0,6,0.0833,0.7083,0,0,0,1,0,0,4.4949,3.2866,0,0,0,0,0,0,0,2,0,0.07,0,http://docs.salesforce.com/docs/v2/api-reference?ref=nav&q=test&id=96996,0
51,29,15,0,1,3,0,0,0,3,0,0,0.0,0.8431,0,0,0,0,0,1,4.2823,3.9783,2,1,0,0,0,0,0,0,0,0.0,0,http://instagram-copyright-appeal.tk/verify-account,1
52,30,15,0,1,3,0,0,0,3,0,0,0.0,0.8462,0,0,0,0,0,1,4.2488,3.9899,2,1,0,0,0,0,0,0,0,0.0,0,http://instagram-copyright-appeal.icu/verify-account,1
63,16,40,0,2,1,0,0,0,6,0,6,0.0952,0.746,0,0,0,1,0,0,4.3732,3.3278,0,0,0,0,0,0,0,0,0,0.0,0,http://blog.youtube.com/article/2026/08/technology-breakthrough,0
66,18,40,0,2,1,0,0,0,6,0,6,0.0909,0.7576,0,1,0,1,0,0,4.5256,3.5033,0,0,0,0,0,0,0,4,0,0.06,0,https://mail.wikipedia.org/article/2026/08/technology-breakthrough,0
71,31,5,27,1,3,0,1,1,3,0,8,0.1127,0.7465,0,0,0,0,0,1,4.7497,4.0424,1,1,0,0,0,0,0,0,0,0.0,0,http://google-drive-shared-document.tk/view?id=3q8bj1wbeweuq18it1o8xbi2,1
22,14,0,0,2,0,0,0,0,2,0,0,0.0,0.7727,0,1,0,1,0,0,3.7888,3.3788,0,0,0,0,0,0,0,2,0,0.25,0,https://api.reddit.com,0
49,16,25,0,2,2,0,0,0,4,0,0,0.0,0.8163,0,1,0,1,0,0,4.2141,3.625,1,0,0,0,0,0,0,0,0,0.0,0,https://support.bing.com/about-us/leadership-team,0
37,12,18,0,4,0,0,0,0,4,0,9,0.2432,0.5135,1,0,0,2,0,0,4.0645,2.7925,2,0,1,1,1,1,1,12,1,0.79,1,http://66.164.89.70/paypal/signin.php,1
53,24,22,0,1,3,0,0,0,4,0,0,0.0,0.8302,0,0,0,0,0,1,4.1235,3.6054,4,1,0,0,0,0,0,0,0,0.0,0,http://chase-security-alert.icu/auth/confirm-identity,1
51,13,7,23,2,0,0,1,3,3,0,5,0.098,0.6667,0,0,0,1,0,0,4.618,3.027,1,0,0,0,0,0,0,0,0,0.0,0,http://api.yahoo.com/signin?ref=nav&q=test&id=60887,0
79,17,30,23,3,0,0,1,3,5,0,5,0.0633,0.7468,0,1,0,1,0,0,4.5509,3.4548,1,0,0,0,0,0,0,0,0,0.0,0,https://support.arxiv.org/download/latest/installer.exe?ref=nav&q=test&id=72606,0
96,12,30,45,2,0,0,2,5,5,0,6,0.0625,0.7396,0,1,0,1,0,0,4.6485,3.2516,0,0,0,0,0,0,0,3,0,0.28,0,https://dev.ebay.com/products/category/electronics?page=2&sort=price_asc?ref=nav&q=test&id=49886,0
30,17,6,0,1,3,0,0,0,3,0,0,0.0,0.7333,0,0,1,0,0,1,4.0314,3.4548,1,0,0,1,1,0,1,12,1,0.72,1,http://xn--paypl-qqa.com/login,1
67,13,22,23,2,1,0,1,3,5,0,6,0.0896,0.6866,0,1,0,1,0,0,4.6662,3.027,1,0,0,0,0,0,0,2,0,0.06,0,https://www.apple.com/docs/v2/api-reference?ref=nav&q=test&id=98904,0
40,26,7,0,1,2,0,0,0,3,0,1,0.025,0.8,0,0,0,0,0,1,4.2842,4.1329,3,0,0,1,1,1,1,9,1,0.91,1,http://netfl1x-billing-update.com/signin,1
47,34,6,0,1,3,0,0,0,3,0,0,0.0,0.8298,0,0,0,0,0,1,4.1153,3.8337,2,1,0,1,1,1,1,5,1,0.89,0,http://icici-rewards-points-redemption.tk/claim,1
43,29,7,0,1,2,0,0,0,3,0,0,0.0,0.8372,0,0,0,0,0,1,4.1336,3.8925,0,1,0,0,0,0,0,0,0,0.0,0,http://immediate-action-required.xyz/notice,1
48,19,7,14,3,1,0,1,1,3,0,0,0.0,0.7708,0,0,0,2,0,0,4.5841,3.5766,4,1,1,0,0,0,0,0,0,0.0,0,http://login.paypal.com.tk/webscr?cmd=_login-run,1
44,14,22,0,2,1,0,0,0,5,0,1,0.0227,0.7727,0,1,0,1,0,0,4.261,3.2359,1,0,0,0,0,0,0,0,0,0.0,0,https://blog.apple.com/docs/v2/api-reference,0
56,18,6,23,2,0,0,1,3,3,0,5,0.0893,0.6964,0,1,0,1,0,0,4.6478,3.4613,2,0,0,1,1,0,0,3,0,0.06,0,https://support.target.com/login?ref=nav&q=test&id=54869,0
44,30,7,0,1,2,0,0,0,3,0,0,0.0,0.8409,0,0,0,0,0,1,4.0709,3.8151,0,1,0,1,1,1,1,8,1,0.71,2,http://immediate-action-required.work/notice,1
72,32,5,27,1,3,0,1,1,3,0,5,0.0694,0.7917,0,0,0,0,0,1,4.7372,3.9917,1,1,0,0,0,0,0,0,0,0.0,0,http://google-drive-shared-document.icu/view?id=txtorlj45kt0df2lqoeu7wol,1
43,11,25,0,4,0,0,0,0,5,0,8,0.186,0.5814,1,0,0,2,0,0,4.2313,2.4131,2,0,1,1,1,1,1,8,1,0.82,1,http://174.74.36.7/signin/paypal/index.html,1
52,30,15,0,1,3,0,0,0,3,0,0,0.0,0.8462,0,0,0,0,0,1,4.2362,3.8947,2,1,0,1,1,1,1,2,1,0.72,2,http://instagram-copyright-appeal.cam/verify-account,1
50,17,25,0,2,0,0,0,0,5,0,0,0.0,0.84,0,1,0,1,0,0,4.2142,3.4548,1,0,0,0,0,0,0,0,0,0.0,0,https://dev.microsoft.com/user/dashboard/analytics,0
47,13,27,0,3,2,0,0,0,4,0,10,0.2128,0.5745,1,0,0,2,0,0,4.6393,2.8731,3,0,1,1,1,1,1,6,1,0.71,0,http://89.173.241.79/secure/update-banking-info,1
59,21,30,0,3,0,0,0,0,5,0,0,0.0,0.8475,0,1,0,1,0,0,4.0675,3.3088,0,0,0,0,0,0,0,0,0,0.0,0,https://api.geeksforgeeks.org/download/latest/installer.exe,0
50,37,6,0,4,1,0,0,0,3,0,0,0.0,0.82,0,0,0,3,1,0,4.2142,3.9662,3,1,1,0,0,0,0,0,0,0.0,0,http://appleid.apple.com.verify-identity.fun/login,1
43,27,9,0,1,2,0,0,0,3,0,0,0.0,0.8372,0,0,0,0,0,1,4.1359,3.6899,2,1,0,1,1,0,1,5,1,0.66,1,http://binance-kyc-verification.cf/security,1
43,11,25,0,4,0,0,0,0,5,0,8,0.186,0.5814,1,0,0,2,0,0,4.2313,2.4131,2,0,1,1,1,1,1,3,1,0.93,1,http://60.55.95.89/signin/paypal/index.html,1
72,32,5,27,1,3,0,1,1,3,0,5,0.0694,0.7917,0,0,0,0,0,1,4.8242,4.0542,1,1,0,0,0,0,0,0,0,0.0,0,http://google-drive-shared-document.fun/view?id=mzy8xvnkk2gpw0gntae43dri,1
52,18,7,18,2,0,0,1,1,3,0,0,0.0,0.8269,0,1,0,1,0,0,4.2507,3.5033,0,0,0,0,0,0,0,0,0,0.0,0,https://docs.pinterest.com/search?q=machine+learning,0
70,18,6,37,2,0,0,2,4,3,0,7,0.1,0.7,0,1,0,1,0,0,4.8786,3.4613,1,0,0,0,0,0,0,0,0,0.18,0,https://support.medium.com/watch?v=dQw4w9WgXcQ?ref=nav&q=test&id=33460,0
56,34,15,0,1,3,0,0,0,3,0,0,0.0,0.8571,0,0,0,0,0,1,4.2644,3.962,2,1,0,1,1,1,1,12,1,0.76,1,http://instagram-copyright-appeal.monster/verify-account,1
57,42,7,0,4,1,0,0,0,3,0,0,0.0,0.8421,0,1,0,3,1,0,4.2429,3.9371,3,1,1,0,0,0,0,0,0,0.0,0,https://appleid.apple.com.account-recovery.monster/verify,1
47,17,22,0,2,1,0,0,0,5,0,1,0.0213,0.7872,0,1,0,1,0,0,4.1857,3.1019,0,0,0,0,0,0,0,0,0,0.28,0,https://api.icicibank.com/docs/v2/api-reference,0
65,13,6,37,2,0,0,2,4,3,0,7,0.1077,0.6769,0,1,0,1,0,0,4.8702,3.027,0,0,0,0,0,0,0,0,0,0.0,0,https://mail.imdb.com/watch?v=dQw4w9WgXcQ?ref=nav&q=test&id=12421,0
48,15,26,0,2,1,0,0,0,6,0,0,0.0,0.7708,0,0,0,0,0,0,4.1969,3.3736,3,1,1,1,1,1,1,11,1,0.87,0,http://auth-check.buzz/https://paypal.com/signin,1
26,13,6,0,2,0,0,0,0,3,0,0,0.0,0.7692,0,0,0,1,0,0,3.998,3.027,1,0,0,1,1,0,0,3,0,0.08,0,http://www.adobe.com/login,0
51,29,15,0,1,3,0,0,0,3,0,0,0.0,0.8431,0,0,0,0,0,1,4.3048,3.9783,2,1,0,0,0,0,0,0,0,0.0,0,http://instagram-copyright-appeal.gq/verify-account,1
20,12,0,0,2,0,0,0,0,2,0,0,0.0,0.75,0,1,0,1,0,0,3.8219,3.085,0,0,0,0,0,0,0,4,0,0.27,0,https://dev.imdb.com,0
30,17,6,0,1,3,0,0,0,3,0,0,0.0,0.7333,0,0,1,0,0,1,4.2566,3.4548,0,0,0,1,1,1,1,11,1,0.8,0,http://xn--gogle-qqa.com/drive,1
55,26,22,0,1,3,0,0,0,4,0,0,0.0,0.8364,0,0,0,0,0,1,4.1834,3.6714,4,1,0,1,1,1,1,4,0,0.68,0,http://chase-security-alert.click/auth/confirm-identity,1
39,9,22,0,1,1,0,0,0,5,0,1,0.0256,0.7692,0,1,0,0,0,0,4.1385,2.9477,0,0,0,0,0,0,0,0,0,0.0,0,https://adobe.com/docs/v2/api-reference,0
73,15,7,42,2,0,0,2,4,3,0,5,0.0685,0.726,0,1,0,1,0,0,4.7075,3.3736,0,0,0,0,0,0,0,1,0,0.14,0,https://api.spotify.com/search?q=machine+learning?ref=nav&q=test&id=15038,0
31,14,10,0,4,0,0,0,0,3,0,11,0.3548,0.3871,1,0,0,2,0,0,3.8732,2.6106,1,0,0,1,1,0,1,4,1,0.84,1,http://71.124.183.143/login.php,1
73,19,23,22,2,1,0,1,3,4,0,4,0.0548,0.7534,0,1,0,1,0,0,4.5799,3.5766,0,0,0,0,0,0,0,0,0,0.0,0,https://docs.aliexpress.com/explore/popular-topics?ref=nav&q=test&id=3471,0
46,16,22,0,2,1,0,0,0,5,0,1,0.0217,0.7826,0,1,0,1,0,0,4.1085,3.3278,0,0,0,0,0,0,0,0,0,0.0,0,https://docs.twitter.com/docs/v2/api-reference,0
35,14,14,0,3,0,0,0,0,4,0,11,0.3143,0.4571,1,0,0,2,0,0,4.1147,2.6106,2,0,1,0,0,0,0,0,0,0.0,0,http://58.187.155.254/netflix/login,1
49,36,6,0,4,1,0,0,0,3,0,0,0.0,0.8163,0,0,0,3,1,0,4.1792,3.9267,3,1,1,0,0,0,0,0,0,0.0,0,http://appleid.apple.com.verify-identity.tk/login,1
55,26,22,0,1,3,0,0,0,4,0,0,0.0,0.8364,0,0,0,0,0,1,4.1834,3.6714,4,1,0,0,0,0,0,0,0,0.0,0,http://chase-security-alert.click/auth/confirm-identity,1
51,13,6,23,2,0,0,1,3,3,0,5,0.098,0.6667,0,1,0,1,0,0,4.6817,3.2389,1,0,0,1,1,0,0,3,0,0.28,0,https://docs.bing.com/login?ref=nav&q=test&id=41540,0
50,35,8,0,1,3,0,0,0,3,0,0,0.0,0.84,0,0,0,0,0,1,4.1611,3.8973,1,1,0,1,1,0,1,8,0,0.69,1,http://metamask-wallet-recovery-phrase.sbs/connect,1
51,17,27,0,2,1,0,0,0,7,0,0,0.0,0.7843,0,0,0,0,0,0,4.2011,3.7345,4,1,0,0,0,0,0,0,0,0.0,0,http://portal-service.tk//account/verify//login.php,1
69,14,25,22,1,0,0,1,3,5,0,4,0.058,0.7536,0,0,0,0,0,0,4.5996,3.5216,0,0,0,0,0,0,0,0,0,0.0,0,http://aliexpress.com/user/dashboard/analytics?ref=nav&q=test&id=2372,0
28,19,1,0,2,0,0,0,0,3,0,0,0.0,0.7857,0,1,0,1,0,0,4.1106,3.8269,0,0,0,0,0,0,0,0,0,0.0,0,https://dev.theguardian.com/,0
87,15,40,23,2,1,0,1,3,6,0,11,0.1264,0.6897,0,1,0,1,0,0,4.8905,3.6402,1,0,0,0,0,0,0,0,0,0.0,0,https://app.netflix.com/article/2026/08/technology-breakthrough?ref=nav&q=test&id=27095,0
54,36,11,0,1,3,0,0,0,4,0,3,0.0556,0.7778,0,0,0,0,0,1,4.3431,3.9512,4,1,0,1,1,0,1,5,1,0.88,0,http://microsoft-365-password-reset.monster/auth/login,1
51,17,27,0,2,1,0,0,0,7,0,0,0.0,0.7843,0,0,0,0,0,0,4.1691,3.7345,4,1,0,1,1,0,1,8,1,0.74,0,http://portal-service.cf//account/verify//login.php,1
53,24,7,14,3,1,0,1,1,3,0,0,0.0,0.7925,0,0,0,2,0,0,4.5196,3.7721,4,1,1,0,0,0,0,0,0,0.0,0,http://login.paypal.com.monster/webscr?cmd=_login-run,1
59,15,36,0,2,3,0,0,0,5,0,8,0.1356,0.678,0,1,0,1,0,0,4.6438,3.5069,0,0,0,0,0,0,0,0,0,0.0,0,https://dev.nytimes.com/questions/12345678/how-to-fix-error,0
51,33,11,0,1,3,0,0,0,4,0,3,0.0588,0.7647,0,0,0,0,0,1,4.418,3.9912,4,1,0,0,0,0,0,0,0,0.0,0,http://microsoft-365-password-reset.work/auth/login,1
44,32,5,0,1,3,0,0,0,3,0,0,0.0,0.8182,0,0,0,0,0,1,4.2462,4.0542,3,1,0,1,1,0,1,2,0,0.87,2,http://banking-portal-secure-entry.work/auth,1
55,26,22,0,1,3,0,0,0,4,0,0,0.0,0.8364,0,0,0,0,0,1,4.1834,3.6714,4,1,0,0,0,0,0,0,0,0.0,0,http://chase-security-alert.click/auth/confirm-identity,1
50,37,6,0,4,1,0,0,0,3,0,0,0.0,0.82,0,0,0,3,1,0,4.104,3.8482,3,1,1,0,0,0,0,0,0,0.0,0,http://appleid.apple.com.verify-identity.top/login,1
30,13,10,0,4,0,0,0,0,3,0,10,0.3333,0.4,1,0,0,2,0,0,3.8981,2.6612,1,0,0,1,1,1,1,10,0,0.89,0,http://13.216.34.152/login.php,1
38,24,7,0,1,2,0,0,0,3,0,0,0.0,0.8158,0,0,0,0,0,1,4.2866,4.0535,4,1,0,0,0,0,0,0,0,0.0,0,http://paypal-account-verify.gq/signin,1
47,15,25,0,2,2,0,0,0,4,0,0,0.0,0.8085,0,0,0,1,0,0,4.1265,3.5069,0,0,0,0,0,0,0,0,0,0.0,0,http://api.youtube.com/about-us/leadership-team,0
50,37,6,0,4,1,0,0,0,3,0,0,0.0,0.82,0,0,0,3,1,0,4.1913,3.9227,3,1,1,1,1,1,1,2,1,0.89,1,http://appleid.apple.com.verify-identity.icu/login,1
53,24,22,0,1,3,0,0,0,4,0,0,0.0,0.8302,0,0,0,0,0,1,4.1235,3.6054,4,1,0,1,1,1,1,4,1,0.74,1,http://chase-security-alert.icu/auth/confirm-identity,1
86,16,38,23,2,1,0,1,3,6,0,5,0.0581,0.7558,0,1,0,1,0,0,4.5626,3.5,0,0,0,0,0,0,0,0,0,0.0,0,https://mail.spotify.com/repos/organization/repo-name/releases?ref=nav&q=test&id=24766,0
39,14,17,0,2,2,0,0,0,3,0,0,0.0,0.7949,0,1,0,1,0,0,4.2117,3.3788,1,0,0,0,0,0,0,3,0,0.31,0,https://dev.kaggle.com/terms-of-service,0
74,14,30,21,2,0,0,1,2,5,0,1,0.0135,0.8108,0,1,0,1,0,0,4.3247,3.182,0,0,0,0,0,0,0,4,0,0.22,0,https://api.medium.com/products/category/electronics?page=2&sort=price_asc,0
40,26,7,0,1,2,0,0,0,3,0,1,0.025,0.8,0,0,0,0,0,1,4.2842,4.1329,3,0,0,1,1,1,1,11,1,0.77,2,http://netfl1x-billing-update.com/signin,1
52,38,7,0,1,3,0,0,0,3,0,0,0.0,0.8462,0,0,0,0,0,1,4.2381,3.9381,5,1,0,1,1,1,1,10,1,0.74,2,http://paypal-account-security-update.monster/verify,1
36,14,15,0,3,0,0,0,0,4,0,11,0.3056,0.4722,1,0,0,2,0,0,4.1626,2.6456,1,0,1,1,1,1,1,5,0,0.94,1,http://212.137.84.218/banking/online,1
53,32,14,0,2,2,0,0,0,4,0,0,0.0,0.8302,0,0,0,1,0,1,4.3291,4.1136,5,1,0,1,1,1,1,11,1,0.72,2,http://secure.netflix-payment-update.gq/account/login,1
19,11,1,0,2,0,0,0,0,3,0,0,0.0,0.6842,0,0,0,1,0,0,3.6819,3.0958,0,0,0,0,0,0,0,1,0,0.14,0,http://mail.gov.in/,0
47,15,25,0,4,0,0,0,0,5,0,12,0.2553,0.5319,1,0,0,2,0,0,4.3601,2.8226,2,0,1,0,0,0,0,0,0,0.0,0,http://154.246.149.223/signin/paypal/index.html,1
67,15,22,22,2,1,0,1,3,5,0,5,0.0746,0.7015,0,0,0,1,0,0,4.6775,3.0566,1,0,0,0,0,0,0,0,0,0.0,0,http://mail.google.com/docs/v2/api-reference?ref=nav&q=test&id=4503,0
77,15,30,23,3,0,0,1,3,5,0,5,0.0649,0.7403,0,1,0,1,0,0,4.5261,3.3736,0,0,0,0,0,0,0,0,0,0.0,0,https://docs.target.com/download/latest/installer.exe?ref=nav&q=test&id=19839,0
47,18,22,0,2,1,0,0,0,5,0,1,0.0213,0.7872,0,0,0,1,0,0,4.1717,3.4613,1,0,0,0,0,0,0,0,0,0.26,0,http://support.medium.com/docs/v2/api-reference,0
41,8,25,0,1,0,0,0,0,5,0,0,0.0,0.8293,0,1,0,0,0,0,4.1779,3.0,0,0,0,0,0,0,0,0,0,0.0,0,https://bing.com/user/dashboard/analytics,0
49,13,28,0,2,2,0,0,0,4,0,0,0.0,0.8163,0,1,0,1,0,0,4.0817,3.0851,1,0,0,0,0,0,0,0,0,0.0,0,https://dev.adobe.com/help-center/contact-support,0
28,20,0,0,2,0,0,0,0,2,0,0,0.0,0.8214,0,1,0,1,0,0,4.0391,3.8219,1,0,0,0,0,0,0,0,0,0.18,0,https://support.linkedin.com,0
64,20,9,27,2,2,0,1,1,5,0,0,0.0,0.7969,0,0,0,0,0,0,4.3136,3.3464,1,1,0,1,1,0,1,6,0,0.86,1,http://suspicious-site.buzz/redirect?url=http://victim-login.com,1
46,15,23,0,2,1,0,0,0,4,0,0,0.0,0.8261,0,1,0,1,0,0,3.9739,3.3232,0,0,0,0,0,0,0,0,0,0.0,0,https://api.twitter.com/explore/popular-topics,0
47,19,6,13,2,0,0,1,1,3,0,2,0.0426,0.7872,0,1,0,1,0,0,4.5304,3.4316,1,0,0,0,0,0,0,0,0,0.0,0,https://support.youtube.com/watch?v=dQw4w9WgXcQ,0
49,31,11,0,1,3,0,0,0,3,0,0,0.0,0.8367,0,0,0,0,0,1,4.1833,3.889,3,1,0,0,0,0,0,0,0,0.0,0,http://unauthorized-login-detected.fun/secure-now,1
39,25,7,0,1,2,0,0,0,3,0,0,0.0,0.8205,0,0,0,0,0,1,4.2781,4.0537,4,1,0,0,0,0,0,0,0,0.0,0,http://paypal-account-verify.sbs/signin,1
49,16,25,0,2,0,0,0,0,5,0,0,0.0,0.8367,0,1,0,1,0,0,4.123,3.125,0,0,0,0,0,0,0,4,0,0.18,0,https://docs.dropbox.com/user/dashboard/analytics,0
47,17,22,0,2,1,0,0,0,5,0,1,0.0213,0.7872,0,1,0,1,0,0,4.275,3.4992,0,0,0,0,0,0,0,0,0,0.0,0,https://mail.flipkart.com/docs/v2/api-reference,0
39,26,6,0,1,2,0,0,0,3,0,0,0.0,0.8205,0,0,0,0,0,1,4.163,3.7962,4,1,0,0,0,0,0,0,0,0.0,0,http://account-security-update.tk/login,1
30,17,6,0,1,3,0,0,0,3,0,0,0.0,0.7333,0,0,1,0,0,1,4.2566,3.4548,0,0,0,0,0,0,0,0,0,0.0,0,http://xn--gogle-qqa.com/drive,1
86,18,36,23,2,3,0,1,3,5,0,13,0.1512,0.6512,0,1,0,1,0,0,4.877,3.5724,0,0,0,0,0,0,0,2,0,0.21,0,https://docs.wikipedia.org/questions/12345678/how-to-fix-error?ref=nav&q=test&id=92359,0
33,19,7,0,1,1,0,0,0,3,0,1,0.0303,0.7879,0,0,0,0,0,0,4.165,3.8269,2,0,0,0,0,0,0,0,0,0.0,0,http://paypa1-security.com/webscr,1
31,14,10,0,4,0,0,0,0,3,0,11,0.3548,0.3871,1,0,0,2,0,0,3.8489,2.5567,1,0,0,1,1,1,1,9,1,0.87,1,http://28.199.116.194/login.php,1
40,27,6,0,1,2,0,0,0,3,0,0,0.0,0.825,0,0,0,0,0,1,4.1751,3.8101,4,1,0,1,1,1,1,8,0,0.82,1,http://account-security-update.fun/login,1
24,15,1,0,2,0,0,0,0,3,0,0,0.0,0.75,0,1,0,1,0,0,3.4277,3.0566,1,0,0,0,0,0,0,0,0,0.0,0,https://support.zoom.us/,0
54,18,28,0,2,2,0,0,0,4,0,0,0.0,0.8333,0,1,0,1,0,0,4.0532,3.3083,2,0,0,0,0,0,0,0,0,0.0,0,https://mail.microsoft.com/help-center/contact-support,0
67,16,6,37,2,0,0,2,4,3,0,7,0.1045,0.6866,0,0,0,1,0,0,4.9199,3.875,0,0,0,0,0,0,0,0,0,0.08,0,http://dev.flipkart.com/watch?v=dQw4w9WgXcQ?ref=nav&q=test&id=50487,0
52,32,13,0,1,3,0,0,0,4,0,0,0.0,0.8269,0,0,0,0,0,1,4.3018,4.0542,3,1,0,0,0,0,0,0,0,0.0,0,http://hdfc-netbanking-customer-care.cf/secure/login,1
51,17,27,0,2,1,0,0,0,7,0,0,0.0,0.7843,0,0,0,0,0,0,4.1691,3.7345,4,1,0,1,1,1,1,3,1,0.75,1,http://portal-service.cf//account/verify//login.php,1
52,39,6,0,1,3,0,0,0,3,0,0,0.0,0.8462,0,0,0,0,0,1,4.0628,3.7627,2,1,0,1,1,1,1,11,1,0.94,2,http://icici-rewards-points-redemption.monster/claim,1
50,17,1,23,2,0,0,1,3,3,0,5,0.1,0.66,0,1,0,1,0,0,4.7284,3.4992,0,0,0,0,0,0,0,0,0,0.0,0,https://blog.linkedin.com/?ref=nav&q=test&id=93360,0
53,39,7,0,1,3,0,0,0,3,0,0,0.0,0.8491,0,0,0,0,0,1,4.2536,3.7847,3,1,0,0,0,0,0,0,0,0.0,0,http://coinbase-account-suspended-notice.click/verify,1
59,15,36,0,2,3,0,0,0,5,0,8,0.1356,0.678,0,1,0,1,0,0,4.6649,3.6402,1,0,0,0,0,0,0,0,0,0.0,0,https://dev.netflix.com/questions/12345678/how-to-fix-error,0
40,13,6,13,1,0,0,1,1,3,0,3,0.075,0.75,0,0,0,0,0,0,4.3464,3.027,0,0,0,0,0,0,0,3,0,0.23,0,http://w3schools.com/watch?v=dQw4w9WgXcQ,0
53,24,22,0,1,3,0,0,0,4,0,0,0.0,0.8302,0,0,0,0,0,1,4.2528,3.8035,4,1,0,1,1,1,1,7,0,0.81,2,http://chase-security-alert.xyz/auth/confirm-identity,1
45,14,1,22,2,0,0,1,3,3,0,4,0.0889,0.6444,0,0,0,1,0,0,4.5971,3.3788,0,0,0,0,0,0,0,2,0,0.33,0,http://api.docker.com/?ref=nav&q=test&id=7086,0
42,27,8,0,1,3,0,0,0,3,0,0,0.0,0.8095,0,0,0,0,0,1,4.1509,3.7542,2,1,0,0,0,0,0,0,0,0.0,0,http://verify-your-identity-now.tk/confirm,1
44,28,9,0,1,2,0,0,0,3,0,0,0.0,0.8409,0,0,0,0,0,1,4.1724,3.8249,2,1,0,1,1,1,1,2,1,0.87,2,http://binance-kyc-verification.sbs/security,1
54,33,14,0,2,2,0,0,0,4,0,0,0.0,0.8333,0,0,0,1,0,1,4.2478,3.9802,5,1,0,0,0,0,0,0,0,0.0,0,http://secure.netflix-payment-update.icu/account/login,1
75,18,25,23,2,2,0,1,3,4,0,5,0.0667,0.7333,0,1,0,1,0,0,4.6999,3.4613,0,0,0,0,0,0,0,0,0,0.0,0,https://www.cloudflare.com/about-us/leadership-team?ref=nav&q=test&id=94599,0
75,18,7,42,2,0,0,2,4,3,0,5,0.0667,0.7333,0,0,0,1,0,0,4.7116,3.7255,1,0,0,0,0,0,0,0,0,0.0,0,http://dev.wellsfargo.com/search?q=machine+learning?ref=nav&q=test&id=94901,0
37,12,18,0,4,0,0,0,0,4,0,9,0.2432,0.5135,1,0,0,2,0,0,4.0308,2.6887,2,0,1,0,0,0,0,0,0,0.0,0,http://69.93.211.24/paypal/signin.php,1
73,16,25,23,2,0,0,1,3,5,0,5,0.0685,0.7397,0,1,0,1,0,0,4.6521,3.3278,0,0,0,0,0,0,0,1,0,0.29,0,https://api.facebook.com/user/dashboard/analytics?ref=nav&q=test&id=89798,0
69,14,25,22,2,2,0,1,3,4,0,4,0.058,0.7246,0,0,0,1,0,0,4.6694,3.0391,1,0,0,0,0,0,0,4,0,0.12,0,http://api.amazon.com/about-us/leadership-team?ref=nav&q=test&id=5742,0
43,29,7,0,1,2,0,0,0,3,0,0,0.0,0.8372,0,0,0,0,0,1,3.9323,3.7285,0,1,0,1,1,0,1,8,1,0.81,0,http://immediate-action-required.top/notice,1
45,13,25,0,4,0,0,0,0,5,0,10,0.2222,0.5556,1,0,0,2,0,0,4.3055,2.6612,2,0,1,0,0,0,0,0,0,0.0,0,http://26.116.93.128/signin/paypal/index.html,1
53,33,13,0,1,3,0,0,0,4,0,0,0.0,0.8302,0,0,0,0,0,1,4.3037,4.1421,3,1,0,0,0,0,0,0,0,0.0,0,http://hdfc-netbanking-customer-care.top/secure/login,1
90,18,40,23,2,1,0,1,3,6,0,11,0.1222,0.7,0,1,0,1,0,0,4.8595,3.3921,1,0,0,0,0,0,0,0,0,0.0,0,https://blog.microsoft.com/article/2026/08/technology-breakthrough?ref=nav&q=test&id=84549,0
49,34,8,0,1,3,0,0,0,3,0,0,0.0,0.8367,0,0,0,0,0,1,4.1505,3.8895,1,1,0,0,0,0,0,0,0,0.0,0,http://metamask-wallet-recovery-phrase.ga/connect,1
49,20,7,14,3,1,0,1,1,3,0,0,0.0,0.7755,0,0,0,2,0,0,4.5019,3.4087,4,1,1,0,0,0,0,0,0,0.0,0,http://login.paypal.com.top/webscr?cmd=_login-run,1
52,34,11,0,1,3,0,0,0,4,0,3,0.0577,0.7692,0,0,0,0,0,1,4.4576,4.1163,4,1,0,0,0,0,0,0,0,0.0,0,http://microsoft-365-password-reset.click/auth/login,1
22,14,0,0,2,0,0,0,0,2,0,0,0.0,0.7727,0,1,0,1,0,0,3.7322,3.0931,0,0,0,0,0,0,0,0,0,0.0,0,https://mail.slack.com,0
22,14,0,0,2,0,0,0,0,2,0,0,0.0,0.7727,0,1,0,1,0,0,3.8231,3.2359,0,0,0,0,0,0,0,0,0,0.09,0,https://blog.slack.com,0
51,15,28,0,2,2,0,0,0,4,0,0,0.0,0.8235,0,1,0,1,0,0,4.0122,2.9736,1,0,0,0,0,0,0,0,0,0.0,0,https://www.walmart.com/help-center/contact-support,0
51,18,25,0,2,0,0,0,0,5,0,0,0.0,0.8431,0,1,0,1,0,0,4.0991,3.128,1,0,0,0,0,0,0,3,0,0.34,0,https://docs.microsoft.com/user/dashboard/analytics,0
51,29,15,0,1,3,0,0,0,3,0,0,0.0,0.8431,0,0,0,0,0,1,4.2823,3.9783,2,1,0,1,1,0,1,3,1,0.91,0,http://instagram-copyright-appeal.tk/verify-account,1
48,14,27,0,3,2,0,0,0,4,0,11,0.2292,0.5625,1,0,0,2,0,0,4.4885,2.3527,3,0,1,0,0,0,0,0,0,0.0,0,http://114.249.111.25/secure/update-banking-info,1
34,20,7,0,1,3,0,0,0,3,0,1,0.0294,0.7353,0,0,1,0,0,1,4.1163,3.6464,1,0,0,0,0,0,0,0,0,0.0,0,http://xn--mcrosoft-p1a.com/update,1
73,13,28,23,2,2,0,1,3,4,0,5,0.0685,0.726,0,1,0,1,0,0,4.6002,3.0851,1,0,0,0,0,0,0,4,0,0.07,0,https://app.adobe.com/help-center/contact-support?ref=nav&q=test&id=25176,0
49,35,7,0,1,3,0,0,0,3,0,0,0.0,0.8367,0,0,0,0,0,1,4.4262,4.1859,2,1,0,0,0,0,0,0,0,0.0,0,http://customer-support-helpdesk-agent.xyz/verify,1
74,17,25,23,2,0,0,1,3,5,0,5,0.0676,0.7432,0,1,0,1,0,0,4.6931,3.4104,0,0,0,0,0,0,0,4,0,0.16,0,https://dev.icicibank.com/user/dashboard/analytics?ref=nav&q=test&id=67954,0
50,35,8,0,1,3,0,0,0,3,0,0,0.0,0.84,0,0,0,0,0,1,4.0929,3.8757,1,1,0,0,0,0,0,0,0,0.0,0,http://metamask-wallet-recovery-phrase.top/connect,1
72,15,25,23,2,2,0,1,3,4,0,5,0.0694,0.7222,0,1,0,1,0,0,4.729,3.3232,0,0,0,0,0,0,0,1,0,0.12,0,https://api.dropbox.com/about-us/leadership-team?ref=nav&q=test&id=73201,0
31,14,10,0,4,0,0,0,0,3,0,11,0.3548,0.3871,1,0,0,2,0,0,4.0023,2.8963,1,0,0,1,1,0,1,10,1,0.91,1,http://13.205.116.178/login.php,1
74,17,25,23,2,2,0,1,3,4,0,5,0.0676,0.7297,0,1,0,1,0,0,4.7162,3.4104,0,0,0,0,0,0,0,0,0,0.0,0,https://dev.icicibank.com/about-us/leadership-team?ref=nav&q=test&id=76745,0
30,17,6,0,1,3,0,0,0,3,0,0,0.0,0.7333,0,0,1,0,0,1,4.0314,3.4548,1,0,0,0,0,0,0,0,0,0.0,0,http://xn--paypl-qqa.com/login,1
52,30,15,0,1,3,0,0,0,3,0,0,0.0,0.8462,0,0,0,0,0,1,4.3591,4.0817,2,1,0,0,0,0,0,0,0,0.0,0,http://instagram-copyright-appeal.xyz/verify-account,1
49,36,6,0,4,1,0,0,0,3,0,0,0.0,0.8163,0,0,0,3,1,0,4.1458,3.8712,3,1,1,0,0,0,0,0,0,0.0,0,http://appleid.apple.com.verify-identity.ml/login,1
30,17,6,0,1,3,0,0,0,3,0,0,0.0,0.7333,0,0,1,0,0,1,4.2566,3.4548,0,0,0,0,0,0,0,0,0,0.0,0,http://xn--gogle-qqa.com/drive,1
39,14,17,0,2,2,0,0,0,3,0,0,0.0,0.7949,0,1,0,1,0,0,4.0091,2.8963,1,0,0,0,0,0,0,4,0,0.1,0,https://app.zomato.com/terms-of-service,0
21,12,1,0,2,0,0,0,0,3,0,0,0.0,0.7143,0,1,0,1,0,0,3.5226,2.8554,0,0,0,0,0,0,0,4,0,0.27,0,https://docs.zoom.us/,0
49,13,28,0,2,2,0,0,0,4,0,0,0.0,0.8163,0,1,0,1,0,0,3.9713,3.027,2,0,0,0,0,0,0,0,0,0.0,0,https://www.apple.com/help-center/contact-support,0
77,18,28,23,2,2,0,1,3,4,0,6,0.0779,0.7273,0,0,0,1,0,0,4.6401,3.086,1,0,0,0,0,0,0,0,0,0.0,0,http://docs.w3schools.com/help-center/contact-support?ref=nav&q=test&id=41952,0
43,18,17,0,2,0,0,0,0,4,0,0,0.0,0.8372,0,1,0,1,0,0,4.0514,3.4613,1,0,0,0,0,0,0,3,0,0.26,0,https://support.docker.com/profile/settings,0
55,34,14,0,2,2,0,0,0,4,0,0,0.0,0.8364,0,0,0,1,0,1,4.3833,4.1944,5,1,0,1,1,1,1,10,1,0.88,2,http://secure.netflix-payment-update.work/account/login,1
47,35,5,0,1,3,0,0,0,3,0,0,0.0,0.8298,0,0,0,0,0,1,4.2646,4.0716,4,1,0,0,0,0,0,0,0,0.0,0,http://secure-wellsfargo-banking-alert.top/auth,1
50,32,11,0,1,3,0,0,0,4,0,3,0.06,0.76,0,0,0,0,0,1,4.4064,4.0542,4,1,0,0,0,0,0,0,0,0.0,0,http://microsoft-365-password-reset.icu/auth/login,1
44,31,6,0,1,2,0,0,0,3,0,0,0.0,0.8409,0,0,0,0,0,1,4.1858,3.8489,4,1,0,1,1,0,1,11,1,0.82,1,http://account-security-update.monster/login,1
60,9,6,37,1,0,0,2,4,3,0,7,0.1167,0.6667,0,0,0,0,0,0,4.792,2.6416,0,0,0,0,0,0,0,1,0,0.13,0,http://yahoo.com/watch?v=dQw4w9WgXcQ?ref=nav&q=test&id=22111,0
53,15,6,23,2,0,0,1,3,3,0,5,0.0943,0.6792,0,1,0,1,0,0,4.6594,3.2402,1,0,0,1,1,0,0,2,0,0.12,0,https://mail.gitlab.com/login?ref=nav&q=test&id=38423,0
69,21,17,22,2,0,0,1,3,4,0,4,0.058,0.7536,0,1,0,1,0,0,4.5629,3.8802,0,0,0,0,0,0,0,0,0,0.0,0,https://api.stackoverflow.com/profile/settings?ref=nav&q=test&id=3311,0
102,19,30,45,2,0,0,2,5,5,0,6,0.0588,0.7549,0,0,0,1,0,0,4.5948,3.4316,1,0,0,0,0,0,0,1,0,0.27,0,http://support.youtube.com/products/category/electronics?page=2&sort=price_asc?ref=nav&q=test&id=36382,0
20,13,0,0,2,0,0,0,0,2,0,0,0.0,0.75,0,0,0,1,0,0,3.9219,3.3927,0,0,0,0,0,0,0,0,0,0.0,0,http://dev.slack.com,0
30,17,6,0,1,3,0,0,0,3,0,0,0.0,0.7333,0,0,1,0,0,1,4.2566,3.4548,0,0,0,1,1,0,1,6,0,0.79,1,http://xn--gogle-qqa.com/drive,1
50,17,7,18,2,0,0,1,1,3,0,0,0.0,0.82,0,0,0,1,0,0,4.2811,3.3816,2,0,0,0,0,0,0,1,0,0.23,0,http://support.apple.com/search?q=machine+learning,0
73,33,5,27,1,3,0,1,1,3,0,6,0.0822,0.7808,0,0,0,0,0,1,4.7474,4.0667,1,1,0,1,1,1,1,6,1,0.87,1,http://google-drive-shared-document.work/view?id=5o8hweqaehow3jyul2swa2y7,1
40,15,17,0,2,2,0,0,0,3,0,0,0.0,0.8,0,1,0,1,0,0,4.0087,3.2402,2,0,0,0,0,0,0,0,0,0.0,0,https://support.bbc.com/terms-of-service,0
43,31,5,0,1,3,0,0,0,3,0,0,0.0,0.814,0,0,0,0,0,1,4.1962,4.0181,3,1,0,1,1,1,1,6,0,0.79,0,http://banking-portal-secure-entry.icu/auth,1
50,35,8,0,1,3,0,0,0,3,0,0,0.0,0.84,0,0,0,0,0,1,4.2411,4.0116,1,1,0,1,1,1,1,9,1,0.9,0,http://metamask-wallet-recovery-phrase.xyz/connect,1
57,14,36,0,1,3,0,0,0,5,0,8,0.1404,0.6842,0,0,0,0,0,0,4.592,3.5216,0,0,0,0,0,0,0,0,0,0.11,0,http://aliexpress.com/questions/12345678/how-to-fix-error,0
30,17,6,0,1,3,0,0,0,3,0,0,0.0,0.7333,0,0,1,0,0,1,4.2566,3.4548,0,0,0,0,0,0,0,0,0,0.0,0,http://xn--gogle-qqa.com/drive,1
52,39,6,0,4,1,0,0,0,3,0,0,0.0,0.8269,0,0,0,3,1,0,4.1883,3.9234,3,1,1,0,0,0,0,0,0,0.0,0,http://appleid.apple.com.verify-identity.click/login,1
46,14,1,23,2,0,0,1,3,3,0,5,0.1087,0.6304,0,0,0,1,0,0,4.7352,3.3249,0,0,0,0,0,0,0,2,0,0.25,0,http://blog.quora.com/?ref=nav&q=test&id=22396,0
30,17,6,0,1,3,0,0,0,3,0,0,0.0,0.7333,0,0,1,0,0,1,4.2566,3.4548,0,0,0,0,0,0,0,0,0,0.0,0,http://xn--gogle-qqa.com/drive,1
38,13,17,0,2,0,0,0,0,4,0,0,0.0,0.8158,0,1,0,1,0,0,4.096,3.2389,0,0,0,0,0,0,0,4,0,0.28,0,https://api.adobe.com/profile/settings,0
21,14,0,0,2,0,0,0,0,2,0,0,0.0,0.7619,0,0,0,1,0,0,3.6897,3.0391,0,0,0,0,0,0,0,1,0,0.16,0,http://docs.slack.com,0
50,7,36,0,1,3,0,0,0,5,0,8,0.16,0.64,0,0,0,0,0,0,4.5893,2.2359,0,0,0,0,0,0,0,3,0,0.33,0,http://bbc.com/questions/12345678/how-to-fix-error,0
31,14,10,0,4,0,0,0,0,3,0,11,0.3548,0.3871,1,0,0,2,0,0,3.7844,2.4138,1,0,0,0,0,0,0,0,0,0.0,0,http://77.173.118.128/login.php,1
52,18,27,0,2,1,0,0,0,7,0,0,0.0,0.7885,0,0,0,0,0,0,4.197,3.9477,4,1,0,0,0,0,0,0,0,0.0,0,http://portal-service.fun//account/verify//login.php,1
44,11,25,0,2,2,0,0,0,4,0,0,0.0,0.7955,0,1,0,1,0,0,4.2827,2.8454,0,0,0,0,0,0,0,0,0,0.0,0,https://www.nih.gov/about-us/leadership-team,0
34,20,7,0,1,3,0,0,0,3,0,1,0.0294,0.7353,0,0,1,0,0,1,4.1163,3.6464,1,0,0,1,1,1,1,4,0,0.82,1,http://xn--mcrosoft-p1a.com/update,1
29,12,10,0,4,0,0,0,0,3,0,9,0.3103,0.4138,1,0,0,2,0,0,3.7883,2.3962,1,0,0,1,1,1,1,4,0,0.72,2,http://89.97.93.133/login.php,1
58,14,36,0,2,3,0,0,0,5,0,8,0.1379,0.6724,0,1,0,1,0,0,4.653,3.182,0,0,0,0,0,0,0,0,0,0.0,0,https://dev.zomato.com/questions/12345678/how-to-fix-error,0
46,9,30,0,3,0,0,0,0,5,0,0,0.0,0.8043,0,0,0,1,0,0,4.0073,2.7255,0,0,1,0,0,0,0,0,0,0.2,0,http://sbi.co.in/download/latest/installer.exe,0
63,19,9,27,2,2,0,1,1,5,0,0,0.0,0.7937,0,0,0,0,0,0,4.1695,3.0503,1,1,0,1,1,0,1,11,1,0.73,1,http://suspicious-site.icu/redirect?url=http://victim-login.com,1
32,18,6,0,2,0,0,0,0,3,0,0,0.0,0.8125,0,1,0,1,0,0,3.882,3.4194,1,0,0,0,0,0,0,0,0,0.0,0,https://mail.instagram.com/login,0
56,12,36,0,2,3,0,0,0,5,0,8,0.1429,0.6607,0,1,0,1,0,0,4.6041,2.6887,0,0,0,0,0,0,0,0,0,0.0,0,https://docs.bbc.com/questions/12345678/how-to-fix-error,0
48,34,7,0,1,3,0,0,0,3,0,0,0.0,0.8333,0,0,0,0,0,1,4.1339,3.7856,5,1,0,1,1,1,1,10,1,0.74,2,http://paypal-account-security-update.top/verify,1
66,10,25,23,2,2,0,1,3,4,0,5,0.0758,0.697,0,0,0,1,0,0,4.624,2.9219,0,0,0,0,0,0,0,1,0,0.11,0,http://api.gov.in/about-us/leadership-team?ref=nav&q=test&id=73770,0
44,14,0,22,2,0,0,1,3,2,0,4,0.0909,0.6591,0,0,0,1,0,0,4.4906,3.3788,0,0,0,0,0,0,0,0,0,0.09,0,http://api.reddit.com?ref=nav&q=test&id=3970,0
30,17,6,0,1,3,0,0,0,3,0,0,0.0,0.7333,0,0,1,0,0,1,4.2566,3.4548,0,0,0,0,0,0,0,0,0,0.0,0,http://xn--gogle-qqa.com/drive,1
50,36,7,0,1,3,0,0,0,3,0,0,0.0,0.84,0,0,0,0,0,1,4.2962,3.8292,3,1,0,1,1,1,1,6,1,0.78,2,http://coinbase-account-suspended-notice.ml/verify,1
76,16,30,21,2,0,0,1,2,5,0,1,0.0132,0.8158,0,1,0,1,0,0,4.3136,3.375,0,0,0,0,0,0,0,0,0,0.0,0,https://docs.walmart.com/products/category/electronics?page=2&sort=price_asc,0
48,19,7,14,3,1,0,1,1,3,0,0,0.0,0.7708,0,0,0,2,0,0,4.5739,3.4714,4,1,1,0,0,0,0,0,0,0.0,0,http://login.paypal.com.cf/webscr?cmd=_login-run,1
49,34,8,0,1,3,0,0,0,3,0,0,0.0,0.8367,0,0,0,0,0,1,4.1579,3.9369,1,1,0,0,0,0,0,0,0,0.0,0,http://metamask-wallet-recovery-phrase.cf/connect,1
49,35,7,0,1,3,0,0,0,3,0,0,0.0,0.8367,0,0,0,0,0,1,4.3291,4.05,2,1,0,0,0,0,0,0,0,0.0,0,http://customer-support-helpdesk-agent.icu/verify,1
49,35,7,0,1,3,0,0,0,3,0,0,0.0,0.8367,0,0,0,0,0,1,4.3445,4.0144,2,1,0,1,1,1,1,6,0,0.65,0,http://customer-support-helpdesk-agent.cam/verify,1
52,32,13,0,1,3,0,0,0,4,0,0,0.0,0.8269,0,0,0,0,0,1,4.3037,4.0695,3,1,0,1,1,1,1,12,1,0.67,2,http://hdfc-netbanking-customer-care.ga/secure/login,1
23,15,0,0,2,0,0,0,0,2,0,0,0.0,0.7826,0,1,0,1,0,0,3.882,3.6402,0,0,0,0,0,0,0,0,0,0.0,0,https://dev.spotify.com,0
52,13,7,23,2,0,0,1,3,3,0,5,0.0962,0.6731,0,1,0,1,0,0,4.6903,3.0851,1,0,0,1,1,0,0,1,0,0.08,0,https://app.slack.com/signin?ref=nav&q=test&id=72814,0
52,37,7,0,4,1,0,0,0,3,0,0,0.0,0.8269,0,1,0,3,1,0,4.2437,3.8509,3,1,1,0,0,0,0,0,0,0.0,0,https://appleid.apple.com.account-recovery.ml/verify,1
47,15,1,23,2,0,0,1,3,3,0,5,0.1064,0.6383,0,0,0,1,0,0,4.5946,3.3232,0,0,0,0,0,0,0,0,0,0.0,0,http://api.walmart.com/?ref=nav&q=test&id=49733,0
51,38,6,0,2,2,0,0,0,3,0,0,0.0,0.8431,0,0,0,1,0,1,4.3235,3.9778,4,1,1,0,0,0,0,0,0,0.0,0,http://wellsfargo.banking-access-service.work/login,1
47,12,28,0,2,2,0,0,0,4,0,0,0.0,0.8085,0,0,0,1,0,0,4.054,3.085,1,0,0,0,0,0,0,2,0,0.18,0,http://app.imdb.com/help-center/contact-support,0
34,20,7,0,1,3,0,0,0,3,0,1,0.0294,0.7353,0,0,1,0,0,1,4.1163,3.6464,1,0,0,1,1,1,1,11,1,0.69,0,http://xn--mcrosoft-p1a.com/update,1
80,18,30,23,3,0,0,1,3,5,0,5,0.0625,0.75,0,1,0,1,0,0,4.5578,3.7255,0,0,0,0,0,0,0,0,0,0.0,0,https://blog.pinterest.com/download/latest/installer.exe?ref=nav&q=test&id=39097,0
39,25,7,0,1,2,0,0,0,3,0,0,0.0,0.8205,0,0,0,0,0,1,4.3294,4.0235,4,1,0,0,0,0,0,0,0,0.0,0,http://paypal-account-verify.xyz/signin,1
44,28,9,0,1,2,0,0,0,3,0,0,0.0,0.8409,0,0,0,0,0,1,4.1098,3.7229,2,1,0,0,0,0,0,0,0,0.0,0,http://binance-kyc-verification.icu/security,1
46,26,13,0,1,3,0,0,0,4,0,0,0.0,0.8043,0,0,0,0,0,1,4.1456,3.6714,2,1,0,0,0,0,0,0,0,0.0,0,http://sbi-online-banking-kyc.icu/retail/login,1
49,35,7,0,1,3,0,0,0,3,0,0,0.0,0.8367,0,0,0,0,0,1,4.3291,4.05,2,1,0,0,0,0,0,0,0,0.0,0,http://customer-support-helpdesk-agent.icu/verify,1
34,13,14,0,3,0,0,0,0,4,0,10,0.2941,0.4706,1,0,0,2,0,0,4.1019,2.5654,2,0,1,1,1,1,1,11,1,0.7,0,http://56.40.111.142/netflix/login,1
47,33,7,0,1,3,0,0,0,3,0,0,0.0,0.8298,0,0,0,0,0,1,4.275,3.9603,5,1,0,0,0,0,0,0,0,0.0,0,http://paypal-account-security-update.gq/verify,1
47,16,23,0,2,1,0,0,0,4,0,0,0.0,0.8298,0,1,0,1,0,0,4.1977,3.875,0,0,0,0,0,0,0,0,0,0.0,0,https://dev.flipkart.com/explore/popular-topics,0
46,13,1,23,2,0,0,1,3,3,0,5,0.1087,0.6304,0,1,0,1,0,0,4.5884,3.3927,0,0,0,0,0,0,0,3,0,0.16,0,https://dev.slack.com/?ref=nav&q=test&id=26762,0
47,32,8,0,1,3,0,0,0,3,0,0,0.0,0.8298,0,0,0,0,0,1,4.1369,3.8113,2,1,0,1,1,0,1,10,1,0.83,0,http://verify-your-identity-now.monster/confirm,1
72,32,5,27,1,3,0,1,1,3,0,3,0.0417,0.8194,0,0,0,0,0,1,4.7507,3.9917,1,1,0,1,1,1,1,7,1,0.83,2,http://google-drive-shared-document.cam/view?id=sxnteilbwbew4hfkvkq22rou,1
26,18,0,0,2,0,0,0,0,2,0,0,0.0,0.8077,0,1,0,1,0,0,3.9501,3.7255,1,0,0,0,0,0,0,0,0,0.0,0,https://support.kaggle.com,0
43,31,5,0,1,3,0,0,0,3,0,0,0.0,0.814,0,0,0,0,0,1,4.2313,4.0582,3,1,0,0,0,0,0,0,0,0.0,0,http://banking-portal-secure-entry.cam/auth,1
48,14,27,0,3,2,0,0,0,4,0,11,0.2292,0.5625,1,0,0,2,0,0,4.6313,2.8424,3,0,1,1,1,1,1,11,0,0.83,0,http://210.106.143.88/secure/update-banking-info,1
39,14,17,0,2,0,0,0,0,4,0,0,0.0,0.8205,0,1,0,1,0,0,3.9772,3.0931,1,0,0,0,0,0,0,3,0,0.09,0,https://mail.apple.com/profile/settings,0
44,13,23,0,1,1,0,0,0,4,0,0,0.0,0.8409,0,1,0,0,0,0,4.1009,3.3347,0,0,0,0,0,0,0,0,0,0.0,0,https://wikipedia.org/explore/popular-topics,0
48,15,26,0,2,1,0,0,0,6,0,0,0.0,0.7708,0,0,0,0,0,0,4.1969,3.5069,3,1,1,0,0,0,0,0,0,0.0,0,http://auth-check.work/https://paypal.com/signin,1
38,13,18,0,4,0,0,0,0,4,0,10,0.2632,0.5,1,0,0,2,0,0,3.9424,2.4116,2,0,1,0,0,0,0,0,0,0.0,0,http://210.27.122.75/paypal/signin.php,1
54,39,7,0,4,1,0,0,0,3,0,0,0.0,0.8333,0,1,0,3,1,0,4.32,3.9646,3,1,1,0,0,0,0,0,0,0.0,0,https://appleid.apple.com.account-recovery.work/verify,1
27,18,1,0,2,0,0,0,0,3,0,1,0.037,0.7407,0,1,0,1,0,0,3.5879,3.086,0,0,0,0,0,0,0,0,0,0.0,0,https://docs.w3schools.com/,0
40,26,7,0,1,2,0,0,0,3,0,1,0.025,0.8,0,0,0,0,0,1,4.2842,4.1329,3,0,0,0,0,0,0,0,0,0.0,0,http://netfl1x-billing-update.com/signin,1
34,20,7,0,1,3,0,0,0,3,0,1,0.0294,0.7353,0,0,1,0,0,1,4.1163,3.6464,1,0,0,0,0,0,0,0,0,0.0,0,http://xn--mcrosoft-p1a.com/update,1
43,15,6,13,2,0,0,1,1,3,0,2,0.0465,0.7674,0,1,0,1,0,0,4.3793,3.3232,0,0,0,0,0,0,0,3,0,0.11,0,https://dev.twitter.com/watch?v=dQw4w9WgXcQ,0
35,10,17,0,2,2,0,0,0,3,0,0,0.0,0.7714,0,1,0,1,0,0,4.1072,2.6464,1,0,0,0,0,0,0,0,0,0.16,0,https://www.gov.in/terms-of-service,0
76,17,30,21,2,0,0,1,2,5,0,1,0.0132,0.8158,0,0,0,1,0,0,4.2591,3.3816,1,0,0,0,0,0,0,0,0,0.0,0,http://support.yahoo.com/products/category/electronics?page=2&sort=price_asc,0
49,31,11,0,1,3,0,0,0,3,0,0,0.0,0.8367,0,0,0,0,0,1,4.1371,3.8245,3,1,0,1,1,1,1,7,0,0.83,1,http://unauthorized-login-detected.icu/secure-now,1
64,18,38,0,2,1,0,0,0,6,0,0,0.0,0.8438,0,1,0,1,0,0,4.0467,3.3083,1,0,0,0,0,0,0,0,0,0.16,0,https://mail.microsoft.com/repos/organization/repo-name/releases,0
31,14,10,0,4,0,0,0,0,3,0,11,0.3548,0.3871,1,0,0,2,0,0,3.6955,2.217,1,0,0,1,1,1,1,12,1,0.87,0,http://14.192.111.190/login.php,1
76,36,5,27,1,3,0,1,1,3,0,5,0.0658,0.8026,0,0,0,0,0,1,4.7478,3.9512,1,1,0,0,0,0,0,0,0,0.0,0,http://google-drive-shared-document.monster/view?id=nrrjma2whebp7c6egft1axs4,1
49,34,8,0,1,3,0,0,0,3,0,0,0.0,0.8367,0,0,0,0,0,1,4.1117,3.8337,1,1,0,0,0,0,0,0,0,0.0,0,http://metamask-wallet-recovery-phrase.ml/connect,1
46,26,13,0,1,3,0,0,0,4,0,0,0.0,0.8043,0,0,0,0,0,1,4.1456,3.6714,2,1,0,1,1,0,1,7,1,0.88,0,http://sbi-online-banking-kyc.icu/retail/login,1
70,13,25,23,1,0,0,1,3,5,0,5,0.0714,0.7429,0,1,0,0,0,0,4.5749,3.3927,0,0,0,0,0,0,0,0,0,0.0,0,https://instagram.com/user/dashboard/analytics?ref=nav&q=test&id=33163,0
47,27,13,0,1,3,0,0,0,4,0,0,0.0,0.8085,0,0,0,0,0,1,4.2304,3.7821,2,1,0,0,0,0,0,0,0,0.0,0,http://sbi-online-banking-kyc.buzz/retail/login,1
43,29,7,0,1,3,0,0,0,3,0,0,0.0,0.814,0,0,0,0,0,1,4.0651,3.7454,3,1,0,1,1,1,1,4,0,0.74,0,http://claim-free-crypto-airdrop.cam/wallet,1
49,14,28,0,2,2,0,0,0,4,0,0,0.0,0.8163,0,0,0,1,0,0,3.9784,3.3788,1,0,0,0,0,0,0,0,0,0.0,0,http://support.gov.in/help-center/contact-support,0
25,10,7,0,1,0,0,0,0,3,0,0,0.0,0.8,0,1,0,0,0,0,3.9435,3.1219,1,0,0,0,0,0,0,0,0,0.0,0,https://kaggle.com/signin,0
40,26,7,0,1,2,0,0,0,3,0,1,0.025,0.8,0,0,0,0,0,1,4.2842,4.1329,3,0,0,0,0,0,0,0,0,0.0,0,http://netfl1x-billing-update.com/signin,1
29,12,10,0,4,0,0,0,0,3,0,9,0.3103,0.4138,1,0,0,2,0,0,3.7194,2.2296,1,0,0,0,0,0,0,0,0,0.0,0,http://17.77.101.33/login.php,1
50,17,25,0,2,2,0,0,0,4,0,0,0.0,0.82,0,1,0,1,0,0,4.0766,3.5725,1,0,0,0,0,0,0,1,0,0.16,0,https://support.adobe.com/about-us/leadership-team,0
62,18,9,27,2,2,0,1,1,5,0,0,0.0,0.7903,0,0,0,0,0,0,4.2397,3.2391,1,1,0,0,0,0,0,0,0,0.0,0,http://suspicious-site.cf/redirect?url=http://victim-login.com,1
30,17,6,0,1,3,0,0,0,3,0,0,0.0,0.7333,0,0,1,0,0,1,4.2566,3.4548,0,0,0,0,0,0,0,0,0,0.0,0,http://xn--gogle-qqa.com/drive,1
45,12,7,18,2,0,0,1,1,3,0,0,0.0,0.8,0,0,0,1,0,0,4.2421,2.6887,0,0,0,0,0,0,0,0,0,0.0,0,http://docs.cnn.com/search?q=machine+learning,0
86,14,40,23,3,1,0,1,3,6,0,11,0.1279,0.6744,0,1,0,2,0,0,4.872,3.1281,0,0,1,0,0,0,0,0,0,0.0,0,https://mail.sbi.co.in/article/2026/08/technology-breakthrough?ref=nav&q=test&id=67390,0
43,28,8,0,1,3,0,0,0,3,0,0,0.0,0.814,0,0,0,0,0,1,4.2512,3.8693,2,1,0,1,1,0,1,4,1,0.72,1,http://verify-your-identity-now.sbs/confirm,1
27,14,6,0,2,0,0,0,0,3,0,0,0.0,0.7778,0,0,0,1,0,0,3.7821,3.3788,1,0,0,1,1,0,0,2,0,0.3,0,http://api.gitlab.com/login,0
65,22,36,0,2,3,0,0,0,5,0,8,0.1231,0.7077,0,0,0,1,0,0,4.7565,3.6635,0,0,0,0,0,0,0,4,0,0.24,0,http://blog.bankofamerica.com/questions/12345678/how-to-fix-error,0
25,10,7,0,1,0,0,0,0,3,0,0,0.0,0.8,0,1,0,0,0,0,3.9435,3.1219,1,0,0,0,0,0,0,0,0,0.0,0,https://kaggle.com/signin,0
44,30,7,0,1,3,0,0,0,3,0,0,0.0,0.8182,0,0,0,0,0,1,4.1209,3.8696,3,1,0,1,1,0,1,8,1,0.89,0,http://claim-free-crypto-airdrop.work/wallet,1
50,35,8,0,1,3,0,0,0,3,0,0,0.0,0.84,0,0,0,0,0,1,4.0929,3.8757,1,1,0,0,0,0,0,0,0,0.0,0,http://metamask-wallet-recovery-phrase.top/connect,1
43,11,25,0,1,0,0,0,0,5,0,0,0.0,0.8372,0,0,0,0,0,0,4.133,3.2776,0,0,0,0,0,0,0,0,0,0.17,0,http://nytimes.com/user/dashboard/analytics,0
62,16,38,0,2,1,0,0,0,6,0,0,0.0,0.8387,0,1,0,1,0,0,4.3009,3.4528,0,0,0,0,0,0,0,0,0,0.0,0,https://www.hdfcbank.com/repos/organization/repo-name/releases,0
32,18,7,0,2,0,0,0,0,3,0,0,0.0,0.8125,0,0,0,1,0,0,3.9056,3.3921,3,0,0,1,1,0,0,1,0,0.26,0,http://support.google.com/signin,0
31,14,10,0,4,0,0,0,0,3,0,11,0.3548,0.3871,1,0,0,2,0,0,3.9378,2.7534,1,0,0,0,0,0,0,0,0,0.0,0,http://15.160.178.215/login.php,1
32,18,6,0,2,0,0,0,0,3,0,0,0.0,0.8125,0,1,0,1,0,0,3.9056,3.3083,2,0,0,0,0,0,0,0,0,0.0,0,https://mail.microsoft.com/login,0
76,15,30,23,3,0,0,1,3,5,0,5,0.0658,0.7368,0,0,0,1,0,0,4.5029,3.3736,0,0,0,0,0,0,0,1,0,0.16,0,http://mail.reddit.com/download/latest/installer.exe?ref=nav&q=test&id=53312,0
35,14,14,0,3,0,0,0,0,4,0,11,0.3143,0.4571,1,0,0,2,0,0,4.036,2.4138,2,0,1,1,1,1,1,2,0,0.72,0,http://52.112.172.165/netflix/login,1
62,18,9,27,2,2,0,1,1,5,0,0,0.0,0.7903,0,0,0,0,0,0,4.2278,3.2391,1,1,0,0,0,0,0,0,0,0.0,0,http://suspicious-site.tk/redirect?url=http://victim-login.com,1
33,11,15,0,3,0,0,0,0,4,0,8,0.2424,0.5152,1,0,0,2,0,0,4.173,2.6635,1,0,1,0,0,0,0,0,0,0.0,0,http://89.71.47.22/banking/online,1
39,15,17,0,2,2,0,0,0,3,0,0,0.0,0.7949,0,0,0,1,0,0,4.2655,3.2402,2,0,0,0,0,0,0,1,0,0.09,0,http://blog.paypal.com/terms-of-service,0
40,26,7,0,1,2,0,0,0,3,0,1,0.025,0.8,0,0,0,0,0,1,4.2842,4.1329,3,0,0,0,0,0,0,0,0,0.0,0,http://netfl1x-billing-update.com/signin,1
52,18,7,18,2,0,0,1,1,3,0,0,0.0,0.8269,0,1,0,1,0,0,4.2437,3.128,0,0,0,0,0,0,0,4,0,0.09,0,https://mail.icicibank.com/search?q=machine+learning,0
50,37,6,0,4,1,0,0,0,3,0,0,0.0,0.82,0,0,0,3,1,0,4.1913,3.9227,3,1,1,0,0,0,0,0,0,0.0,0,http://appleid.apple.com.verify-identity.icu/login,1
48,15,25,0,2,0,0,0,0,5,0,0,0.0,0.8333,0,1,0,1,0,0,4.1374,3.3736,0,0,0,0,0,0,0,2,0,0.17,0,https://mail.target.com/user/dashboard/analytics,0
27,13,6,0,2,0,0,0,0,3,0,0,0.0,0.7778,0,1,0,1,0,0,4.0603,3.2389,1,0,0,1,1,0,0,2,0,0.22,0,https://dev.arxiv.org/login,0
48,15,26,0,2,1,0,0,0,6,0,0,0.0,0.7708,0,0,0,0,0,0,4.1969,3.3736,3,1,1,0,0,0,0,0,0,0.0,0,http://auth-check.buzz/https://paypal.com/signin,1
57,21,28,0,2,2,0,0,0,4,0,0,0.0,0.8421,0,1,0,1,0,0,4.1513,3.5352,1,0,0,0,0,0,0,3,0,0.3,0,https://api.bankofamerica.com/help-center/contact-support,0
34,20,7,0,1,3,0,0,0,3,0,1,0.0294,0.7353,0,0,1,0,0,1,4.1163,3.6464,1,0,0,1,1,1,1,5,1,0.83,0,http://xn--mcrosoft-p1a.com/update,1
65,18,40,0,2,1,0,0,0,6,0,6,0.0923,0.7538,0,0,0,1,0,0,4.4611,3.5033,0,0,0,0,0,0,0,0,0,0.08,0,http://app.cloudflare.com/article/2026/08/technology-breakthrough,0
44,31,6,0,1,2,0,0,0,3,0,0,0.0,0.8409,0,0,0,0,0,1,4.1858,3.8489,4,1,0,0,0,0,0,0,0,0.0,0,http://account-security-update.monster/login,1
38,13,18,0,4,0,0,0,0,4,0,10,0.2632,0.5,1,0,0,2,0,0,4.0477,2.7193,2,0,1,0,0,0,0,0,0,0.0,0,http://23.89.126.242/paypal/signin.php,1
50,35,8,0,1,3,0,0,0,3,0,0,0.0,0.84,0,0,0,0,0,1,4.1611,3.8973,1,1,0,0,0,0,0,0,0,0.0,0,http://metamask-wallet-recovery-phrase.sbs/connect,1
71,12,28,23,2,2,0,1,3,4,0,5,0.0704,0.7183,0,0,0,1,0,0,4.6761,3.085,1,0,0,0,0,0,0,0,0,0.0,0,http://blog.nih.gov/help-center/contact-support?ref=nav&q=test&id=76904,0
47,34,6,0,1,3,0,0,0,3,0,0,0.0,0.8298,0,0,0,0,0,1,4.1921,3.9147,2,1,0,0,0,0,0,0,0,0.0,0,http://icici-rewards-points-redemption.gq/claim,1
43,18,17,0,2,2,0,0,0,3,0,0,0.0,0.814,0,1,0,1,0,0,4.0429,3.4613,1,0,0,0,0,0,0,0,0,0.0,0,https://app.aliexpress.com/terms-of-service,0
40,27,6,0,1,2,0,0,0,3,0,0,0.0,0.825,0,0,0,0,0,1,4.2062,3.8282,4,1,0,0,0,0,0,0,0,0.0,0,http://account-security-update.sbs/login,1
47,13,7,18,2,0,0,1,1,3,0,0,0.0,0.8085,0,1,0,1,0,0,4.384,3.2389,0,0,0,0,0,0,0,0,0,0.0,0,https://dev.arxiv.org/search?q=machine+learning,0
54,34,13,0,1,3,0,0,0,4,0,0,0.0,0.8333,0,0,0,0,0,1,4.3868,4.1751,3,1,0,0,0,0,0,0,0,0.0,0,http://hdfc-netbanking-customer-care.buzz/secure/login,1
85,16,38,23,2,1,0,1,3,6,0,5,0.0588,0.7529,0,0,0,1,0,0,4.5499,3.1556,0,0,0,0,0,0,0,0,0,0.0,0,http://blog.mozilla.org/repos/organization/repo-name/releases?ref=nav&q=test&id=25732,0
68,12,18,30,3,0,0,1,1,4,0,16,0.2353,0.6176,1,0,0,2,0,0,4.8294,2.6258,3,0,0,0,0,0,0,0,0,0.0,0,http://167.212.4.13/auth/verification?token=tew24obl9h0knfp1vlyf6jr8,1
43,28,8,0,1,3,0,0,0,3,0,0,0.0,0.814,0,0,0,0,0,1,4.2512,3.8693,2,1,0,0,0,0,0,0,0,0.0,0,http://verify-your-identity-now.sbs/confirm,1
45,14,23,0,2,1,0,0,0,4,0,0,0.0,0.8222,0,1,0,1,0,0,4.0892,3.182,0,0,0,0,0,0,0,0,0,0.0,0,https://dev.reddit.com/explore/popular-topics,0
55,16,7,23,2,0,0,1,3,3,0,5,0.0909,0.6909,0,1,0,1,0,0,4.7016,3.875,1,0,0,1,1,0,0,4,0,0.09,0,https://dev.flipkart.com/signin?ref=nav&q=test&id=34185,0
48,30,11,0,1,3,0,0,0,3,0,0,0.0,0.8333,0,0,0,0,0,1,4.2173,3.9232,3,1,0,0,0,0,0,0,0,0.0,0,http://unauthorized-login-detected.ml/secure-now,1
48,36,5,0,1,3,0,0,0,3,0,0,0.0,0.8333,0,0,0,0,0,1,4.2878,3.9959,4,1,0,0,0,0,0,0,0,0.0,0,http://secure-wellsfargo-banking-alert.work/auth,1
46,34,5,0,1,3,0,0,0,3,0,0,0.0,0.8261,0,0,0,0,0,1,4.2326,3.9398,4,1,0,0,0,0,0,0,0,0.0,0,http://secure-wellsfargo-banking-alert.ga/auth,1
76,16,30,21,2,0,0,1,2,5,0,1,0.0132,0.8158,0,1,0,1,0,0,4.4122,3.375,0,0,0,0,0,0,0,3,0,0.19,0,https://dev.linkedin.com/products/category/electronics?page=2&sort=price_asc,0
53,24,22,0,1,3,0,0,0,4,0,0,0.0,0.8302,0,0,0,0,0,1,4.1473,3.7721,4,1,0,0,0,0,0,0,0,0.0,0,http://chase-security-alert.top/auth/confirm-identity,1
48,34,7,0,1,3,0,0,0,3,0,0,0.0,0.8333,0,0,0,0,0,1,4.2904,3.962,2,1,0,1,1,1,1,9,1,0.83,0,http://customer-support-helpdesk-agent.tk/verify,1
27,12,7,0,2,0,0,0,0,3,0,0,0.0,0.7778,0,1,0,1,0,0,4.1343,3.2516,1,0,0,1,1,0,0,3,0,0.07,0,https://dev.ebay.com/signin,0
37,12,18,0,4,0,0,0,0,4,0,9,0.2432,0.5135,1,0,0,2,0,0,3.9564,2.4591,2,0,1,1,1,0,1,12,1,0.66,2,http://49.7.114.219/paypal/signin.php,1
53,21,1,22,2,0,0,1,3,3,0,4,0.0755,0.6981,0,1,0,1,0,0,4.3945,3.1369,0,0,0,0,0,0,0,0,0,0.08,0,https://dev.geeksforgeeks.org/?ref=nav&q=test&id=8766,0
50,36,7,0,1,3,0,0,0,3,0,0,0.0,0.84,0,0,0,0,0,1,4.424,4.1206,2,1,0,1,1,1,1,8,1,0.92,1,http://customer-support-helpdesk-agent.buzz/verify,1
37,15,15,0,3,0,0,0,0,4,0,12,0.3243,0.4595,1,0,0,2,0,0,4.1957,2.7396,1,0,1,0,0,0,0,0,0,0.0,0,http://197.191.209.158/banking/online,1
43,29,7,0,1,3,0,0,0,3,0,0,0.0,0.814,0,0,0,0,0,1,4.0651,3.7454,3,1,0,0,0,0,0,0,0,0.0,0,http://claim-free-crypto-airdrop.cam/wallet,1
40,26,7,0,1,2,0,0,0,3,0,1,0.025,0.8,0,0,0,0,0,1,4.2842,4.1329,3,0,0,0,0,0,0,0,0,0.0,0,http://netfl1x-billing-update.com/signin,1
44,30,7,0,1,2,0,0,0,3,0,0,0.0,0.8409,0,0,0,0,0,1,4.1053,3.8402,0,1,0,1,1,1,1,3,1,0.82,2,http://immediate-action-required.buzz/notice,1
59,21,30,0,3,0,0,0,0,5,0,0,0.0,0.8475,0,1,0,1,0,0,4.1485,3.5945,0,0,0,0,0,0,0,0,0,0.0,0,https://www.stackoverflow.com/download/latest/installer.exe,0
36,12,17,0,1,0,0,0,0,4,0,0,0.0,0.8333,0,0,0,0,0,0,4.0169,3.2516,0,0,0,0,0,0,0,0,0,0.0,0,http://linkedin.com/profile/settings,0
49,34,8,0,1,3,0,0,0,3,0,0,0.0,0.8367,0,0,0,0,0,1,4.1579,3.9369,1,1,0,1,1,1,1,5,1,0.78,0,http://metamask-wallet-recovery-phrase.cf/connect,1
42,29,6,0,1,2,0,0,0,3,0,0,0.0,0.8333,0,0,0,0,0,1,4.1665,3.8539,4,1,0,0,0,0,0,0,0,0.0,0,http://account-security-update.click/login,1
49,34,8,0,1,3,0,0,0,3,0,0,0.0,0.8367,0,0,0,0,0,1,4.1579,3.9369,1,1,0,1,1,0,1,2,1,0.73,1,http://metamask-wallet-recovery-phrase.cf/connect,1
41,28,6,0,1,2,0,0,0,3,0,0,0.0,0.8293,0,0,0,0,0,1,4.2571,3.8963,4,1,0,0,0,0,0,0,0,0.0,0,http://account-security-update.buzz/login,1
39,15,17,0,2,0,0,0,0,4,0,0,0.0,0.8205,0,0,0,1,0,0,4.0091,3.3736,0,0,0,0,0,0,0,4,0,0.16,0,http://blog.target.com/profile/settings,0
31,16,7,0,2,0,0,0,0,3,0,0,0.0,0.8065,0,1,0,1,0,0,4.1069,3.5,1,0,0,1,1,0,0,1,0,0.18,0,https://mail.youtube.com/signin,0
47,32,8,0,1,3,0,0,0,3,0,0,0.0,0.8298,0,0,0,0,0,1,4.1369,3.8113,2,1,0,0,0,0,0,0,0,0.0,0,http://verify-your-identity-now.monster/confirm,1
44,28,9,0,1,2,0,0,0,3,0,0,0.0,0.8409,0,0,0,0,0,1,4.1813,3.7534,2,1,0,0,0,0,0,0,0,0.0,0,http://binance-kyc-verification.cam/security,1
43,18,17,0,2,2,0,0,0,3,0,0,0.0,0.814,0,1,0,1,0,0,4.2222,3.6144,1,0,0,0,0,0,0,1,0,0.23,0,https://blog.instagram.com/terms-of-service,0
44,14,22,0,2,1,0,0,0,5,0,1,0.0227,0.7727,0,1,0,1,0,0,4.2805,3.3788,0,0,0,0,0,0,0,3,0,0.25,0,https://dev.kaggle.com/docs/v2/api-reference,0
33,19,7,0,1,1,0,0,0,3,0,1,0.0303,0.7879,0,0,0,0,0,0,4.165,3.8269,2,0,0,0,0,0,0,0,0,0.0,0,http://paypa1-security.com/webscr,1
62,19,36,0,2,3,0,0,0,5,0,8,0.129,0.6935,0,0,0,1,0,0,4.7124,3.5766,0,0,0,0,0,0,0,0,0,0.31,0,http://mail.huggingface.co/questions/12345678/how-to-fix-error,0
29,14,7,0,2,0,0,0,0,3,0,0,0.0,0.7931,0,1,0,1,0,0,3.7883,2.8963,1,0,0,1,1,0,0,4,0,0.11,0,https://app.zomato.com/signin,0
41,17,17,0,2,0,0,0,0,4,0,0,0.0,0.8293,0,0,0,1,0,0,3.9579,3.3816,2,0,0,0,0,0,0,1,0,0.31,0,http://support.apple.com/profile/settings,0
52,32,13,0,1,3,0,0,0,4,0,0,0.0,0.8269,0,0,0,0,0,1,4.3018,4.0542,3,1,0,0,0,0,0,0,0,0.0,0,http://hdfc-netbanking-customer-care.cf/secure/login,1
47,15,25,0,4,0,0,0,0,5,0,12,0.2553,0.5319,1,0,0,2,0,0,4.3762,2.8729,2,0,1,1,1,1,1,2,1,0.88,2,http://152.254.136.174/signin/paypal/index.html,1
70,14,18,30,3,0,0,1,1,4,0,22,0.3143,0.5429,1,0,0,2,0,0,4.6621,2.156,3,0,0,0,0,0,0,0,0,0.0,0,http://169.106.16.191/auth/verification?token=96v3fwp83q29cy6ifhb9h2c0,1
55,26,22,0,1,3,0,0,0,4,0,0,0.0,0.8364,0,0,0,0,0,1,4.1834,3.6714,4,1,0,0,0,0,0,0,0,0.0,0,http://chase-security-alert.click/auth/confirm-identity,1
51,29,15,0,1,3,0,0,0,3,0,0,0.0,0.8431,0,0,0,0,0,1,4.2283,3.8539,2,1,0,1,1,1,1,9,0,0.94,1,http://instagram-copyright-appeal.ga/verify-account,1
39,14,17,0,2,0,0,0,0,4,0,0,0.0,0.8205,0,1,0,1,0,0,3.994,2.8963,0,0,0,0,0,0,0,0,0,0.0,0,https://app.zomato.com/profile/settings,0
34,20,7,0,1,3,0,0,0,3,0,1,0.0294,0.7353,0,0,1,0,0,1,4.1163,3.6464,1,0,0,0,0,0,0,0,0,0.0,0,http://xn--mcrosoft-p1a.com/update,1
44,28,9,0,1,2,0,0,0,3,0,0,0.0,0.8409,0,0,0,0,0,1,4.1613,3.7804,2,1,0,0,0,0,0,0,0,0.0,0,http://binance-kyc-verification.fun/security,1
48,34,7,0,1,3,0,0,0,3,0,0,0.0,0.8333,0,0,0,0,0,1,4.3717,4.0575,2,1,0,1,1,1,1,10,1,0.91,1,http://customer-support-helpdesk-agent.gq/verify,1
50,35,8,0,1,3,0,0,0,3,0,0,0.0,0.84,0,0,0,0,0,1,4.2162,4.0116,1,1,0,0,0,0,0,0,0,0.0,0,http://metamask-wallet-recovery-phrase.icu/connect,1
76,16,28,23,2,2,0,1,3,4,0,5,0.0658,0.7368,0,1,0,1,0,0,4.6374,3.3278,1,0,0,0,0,0,0,3,0,0.16,0,https://www.linkedin.com/help-center/contact-support?ref=nav&q=test&id=26888,0
42,15,6,13,2,0,0,1,1,3,0,2,0.0476,0.7619,0,0,0,1,0,0,4.4633,3.4566,1,0,0,0,0,0,0,3,0,0.25,0,http://www.netflix.com/watch?v=dQw4w9WgXcQ,0
34,20,7,0,1,3,0,0,0,3,0,1,0.0294,0.7353,0,0,1,0,0,1,4.1163,3.6464,1,0,0,1,1,1,1,8,1,0.71,1,http://xn--mcrosoft-p1a.com/update,1
38,24,7,0,1,2,0,0,0,3,0,0,0.0,0.8158,0,0,0,0,0,1,4.2866,4.0535,4,1,0,0,0,0,0,0,0,0.0,0,http://paypal-account-verify.gq/signin,1
67,19,40,0,2,1,0,0,0,6,0,6,0.0896,0.7612,0,1,0,1,0,0,4.4466,3.4714,0,0,0,0,0,0,0,0,0,0.0,0,https://blog.salesforce.com/article/2026/08/technology-breakthrough,0
58,14,36,0,2,3,0,0,0,5,0,8,0.1379,0.6724,0,1,0,1,0,0,4.5865,3.3788,0,0,0,0,0,0,0,0,0,0.0,0,https://api.target.com/questions/12345678/how-to-fix-error,0
49,36,6,0,2,2,0,0,0,3,0,0,0.0,0.8367,0,0,0,1,0,1,4.3078,4.0169,4,1,1,0,0,0,0,0,0,0.0,0,http://wellsfargo.banking-access-service.tk/login,1
43,10,25,0,2,2,0,0,0,4,0,0,0.0,0.7907,0,1,0,1,0,0,4.1933,2.9219,0,0,0,0,0,0,0,0,0,0.0,0,https://api.gov.in/about-us/leadership-team,0
47,35,5,0,1,3,0,0,0,3,0,0,0.0,0.8298,0,0,0,0,0,1,4.2828,4.0144,4,1,0,1,1,1,1,2,1,0.67,1,http://secure-wellsfargo-banking-alert.icu/auth,1
28,14,6,0,2,0,0,0,0,3,0,0,0.0,0.7857,0,1,0,1,0,0,3.9408,3.5216,1,0,0,0,0,0,0,0,0,0.0,0,https://app.github.com/login,0
50,16,7,18,2,0,0,1,1,3,0,0,0.0,0.82,0,1,0,1,0,0,4.3309,3.375,0,0,0,0,0,0,0,0,0,0.0,0,https://docs.walmart.com/search?q=machine+learning,0
73,13,28,23,2,2,0,1,3,4,0,5,0.0685,0.726,0,1,0,1,0,0,4.5447,3.027,1,0,0,0,0,0,0,0,0,0.0,0,https://dev.twitch.tv/help-center/contact-support?ref=nav&q=test&id=28673,0
47,14,26,0,2,1,0,0,0,6,0,0,0.0,0.766,0,0,0,0,0,0,4.0197,3.3788,3,1,1,0,0,0,0,0,0,0.0,0,http://auth-check.top/https://paypal.com/signin,1
44,11,25,0,2,0,0,0,0,5,0,0,0.0,0.8182,0,1,0,1,0,0,4.1164,2.914,0,0,0,0,0,0,0,0,0,0.0,0,https://app.zoom.us/user/dashboard/analytics,0
48,34,7,0,1,3,0,0,0,3,0,0,0.0,0.8333,0,0,0,0,0,1,4.33,3.9987,2,1,0,1,1,0,1,10,1,0.92,0,http://customer-support-helpdesk-agent.ga/verify,1
29,15,6,0,2,0,0,0,0,3,0,0,0.0,0.7931,0,1,0,1,0,0,4.1163,3.3736,1,0,0,0,0,0,0,0,0,0.0,0,https://mail.docker.com/login,0
77,21,25,22,2,2,0,1,3,4,0,5,0.0649,0.7403,0,1,0,1,0,0,4.6623,3.4992,1,0,0,0,0,0,0,3,0,0.26,0,https://support.w3schools.com/about-us/leadership-team?ref=nav&q=test&id=5613,0
53,24,22,0,1,3,0,0,0,4,0,0,0.0,0.8302,0,0,0,0,0,1,4.1631,3.8035,4,1,0,1,1,1,1,7,1,0.67,1,http://chase-security-alert.fun/auth/confirm-identity,1
30,17,6,0,1,3,0,0,0,3,0,0,0.0,0.7333,0,0,1,0,0,1,4.2566,3.4548,0,0,0,0,0,0,0,0,0,0.0,0,http://xn--gogle-qqa.com/drive,1
47,14,25,0,2,0,0,0,0,5,0,0,0.0,0.8298,0,1,0,1,0,0,4.153,3.3788,0,0,0,0,0,0,0,2,0,0.13,0,https://api.gitlab.com/user/dashboard/analytics,0
40,26,7,0,1,2,0,0,0,3,0,1,0.025,0.8,0,0,0,0,0,1,4.2842,4.1329,3,0,0,0,0,0,0,0,0,0.0,0,http://netfl1x-billing-update.com/signin,1
42,30,5,0,1,3,0,0,0,3,0,0,0.0,0.8095,0,0,0,0,0,1,4.2462,4.0729,3,1,0,1,1,1,1,6,1,0.77,1,http://banking-portal-secure-entry.gq/auth,1
84,15,38,23,2,1,0,1,3,6,0,5,0.0595,0.75,0,0,0,1,0,0,4.5537,3.5069,0,0,0,0,0,0,0,4,0,0.35,0,http://dev.mozilla.org/repos/organization/repo-name/releases?ref=nav&q=test&id=71493,0
33,19,7,0,1,1,0,0,0,3,0,1,0.0303,0.7879,0,0,0,0,0,0,4.165,3.8269,2,0,0,1,1,0,1,8,1,0.75,1,http://paypa1-security.com/webscr,1
49,14,28,0,2,2,0,0,0,4,0,0,0.0,0.8163,0,0,0,1,0,0,3.8796,2.7534,2,0,0,0,0,0,0,0,0,0.23,0,http://app.paypal.com/help-center/contact-support,0
49,34,8,0,1,3,0,0,0,3,0,0,0.0,0.8367,0,0,0,0,0,1,4.1117,3.8337,1,1,0,1,1,1,1,3,1,0.74,1,http://metamask-wallet-recovery-phrase.ml/connect,1
34,20,7,0,1,3,0,0,0,3,0,1,0.0294,0.7353,0,0,1,0,0,1,4.1163,3.6464,1,0,0,1,1,1,1,7,0,0.72,2,http://xn--mcrosoft-p1a.com/update,1
44,12,25,0,4,0,0,0,0,5,0,9,0.2045,0.5682,1,0,0,2,0,0,4.3088,2.6887,2,0,1,0,0,0,0,0,0,0.0,0,http://89.81.135.65/signin/paypal/index.html,1
56,18,6,23,2,0,0,1,3,3,0,5,0.0893,0.6964,0,1,0,1,0,0,4.6106,3.5033,1,0,0,1,1,0,0,0,0,0.32,0,https://api.aliexpress.com/login?ref=nav&q=test&id=25250,0
44,30,7,0,1,2,0,0,0,3,0,0,0.0,0.8409,0,0,0,0,0,1,4.0709,3.8151,0,1,0,1,1,0,1,11,1,0.71,0,http://immediate-action-required.work/notice,1
25,17,0,0,1,0,0,0,0,2,0,0,0.0,0.84,0,1,0,0,0,0,4.0537,3.4548,0,0,0,0,0,0,0,0,0,0.0,0,https://bankofamerica.com,0
50,37,6,0,2,2,0,0,0,3,0,0,0.0,0.84,0,0,0,1,0,1,4.268,3.8846,4,1,1,0,0,0,0,0,0,0.0,0,http://wellsfargo.banking-access-service.sbs/login,1
36,14,15,0,3,0,0,0,0,4,0,11,0.3056,0.4722,1,0,0,2,0,0,4.2391,2.8424,1,0,1,1,1,1,1,5,1,0.69,1,http://93.253.137.201/banking/online,1
33,19,7,0,1,1,0,0,0,3,0,1,0.0303,0.7879,0,0,0,0,0,0,4.165,3.8269,2,0,0,1,1,1,1,2,1,0.67,2,http://paypa1-security.com/webscr,1
72,12,30,21,1,0,0,1,2,5,0,1,0.0139,0.8194,0,1,0,0,0,0,4.3435,3.0221,0,0,0,0,0,0,0,0,0,0.0,0,https://facebook.com/products/category/electronics?page=2&sort=price_asc,0
41,7,7,18,1,0,0,1,1,3,0,0,0.0,0.8049,0,1,0,0,0,0,4.2899,2.2359,0,0,0,0,0,0,0,0,0,0.0,0,https://bbc.com/search?q=machine+learning,0
54,34,13,0,1,3,0,0,0,4,0,0,0.0,0.8333,0,0,0,0,0,1,4.3868,4.1751,3,1,0,0,0,0,0,0,0,0.0,0,http://hdfc-netbanking-customer-care.buzz/secure/login,1
61,13,40,0,3,1,0,0,0,6,0,6,0.0984,0.7213,0,1,0,2,0,0,4.4939,2.8151,0,0,1,0,0,0,0,0,0,0.0,0,https://www.sbi.co.in/article/2026/08/technology-breakthrough,0
50,36,7,0,1,3,0,0,0,3,0,0,0.0,0.84,0,0,0,0,0,1,4.2411,3.7527,3,1,0,1,1,1,1,6,1,0.71,2,http://coinbase-account-suspended-notice.ga/verify,1
46,13,25,0,2,0,0,0,0,5,0,0,0.0,0.8261,0,1,0,1,0,0,4.1292,3.0851,0,0,0,0,0,0,0,4,0,0.17,0,https://app.quora.com/user/dashboard/analytics,0
49,15,27,0,3,2,0,0,0,4,0,12,0.2449,0.551,1,0,0,2,0,0,4.5173,2.4729,3,0,1,0,0,0,0,0,0,0.0,0,http://152.105.205.232/secure/update-banking-info,1
64,10,22,23,1,1,0,1,3,5,0,6,0.0938,0.6875,0,1,0,0,0,0,4.5642,3.1219,0,0,0,0,0,0,0,1,0,0.24,0,https://reddit.com/docs/v2/api-reference?ref=nav&q=test&id=57816,0
49,18,23,0,2,1,0,0,0,4,0,0,0.0,0.8367,0,1,0,1,0,0,4.1171,3.4194,0,0,0,0,0,0,0,0,0,0.0,0,https://mail.instagram.com/explore/popular-topics,0
56,12,36,0,2,3,0,0,0,5,0,8,0.1429,0.6607,0,1,0,1,0,0,4.6245,2.8554,0,0,0,0,0,0,0,0,0,0.0,0,https://www.imdb.com/questions/12345678/how-to-fix-error,0
40,27,6,0,1,2,0,0,0,3,0,0,0.0,0.825,0,0,0,0,0,1,4.2751,3.9303,4,1,0,0,0,0,0,0,0,0.0,0,http://account-security-update.xyz/login,1
47,35,5,0,1,3,0,0,0,3,0,0,0.0,0.8298,0,0,0,0,0,1,4.4265,4.1859,4,1,0,0,0,0,0,0,0,0.0,0,http://secure-wellsfargo-banking-alert.xyz/auth,1
52,23,22,0,1,3,0,0,0,4,0,0,0.0,0.8269,0,0,0,0,0,1,4.1875,3.6753,4,1,0,1,1,1,1,4,0,0.82,1,http://chase-security-alert.ga/auth/confirm-identity,1
70,16,23,23,2,1,0,1,3,4,0,5,0.0714,0.7286,0,0,0,1,0,0,4.6915,3.2028,0,0,0,0,0,0,0,1,0,0.2,0,http://app.facebook.com/explore/popular-topics?ref=nav&q=test&id=71852,0
60,14,38,0,2,1,0,0,0,6,0,0,0.0,0.8333,0,1,0,1,0,0,3.9829,2.7534,1,0,0,0,0,0,0,0,0,0.0,0,https://app.paypal.com/repos/organization/repo-name/releases,0
78,16,30,23,3,0,0,1,3,5,0,5,0.0641,0.7436,0,1,0,1,0,0,4.6314,3.625,1,0,0,0,0,0,0,0,0,0.15,0,https://support.ebay.com/download/latest/installer.exe?ref=nav&q=test&id=10737,0
72,12,28,23,2,2,0,1,3,4,0,5,0.0694,0.7222,0,1,0,1,0,0,4.7236,2.8554,1,0,0,0,0,0,0,0,0,0.0,0,https://www.imdb.com/help-center/contact-support?ref=nav&q=test&id=41982,0
69,14,23,23,2,1,0,1,3,4,0,5,0.0725,0.7246,0,1,0,1,0,0,4.5869,2.9852,1,0,0,0,0,0,0,0,0,0.0,0,https://api.paypal.com/explore/popular-topics?ref=nav&q=test&id=33994,0
30,17,6,0,1,3,0,0,0,3,0,0,0.0,0.7333,0,0,1,0,0,1,4.0314,3.4548,1,0,0,0,0,0,0,0,0,0.0,0,http://xn--paypl-qqa.com/login,1
30,17,6,0,1,3,0,0,0,3,0,0,0.0,0.7333,0,0,1,0,0,1,4.0314,3.4548,1,0,0,1,1,1,1,10,0,0.86,1,http://xn--paypl-qqa.com/login,1
68,12,18,30,3,0,0,1,1,4,0,14,0.2059,0.6471,1,0,0,2,0,0,4.8993,2.6258,3,0,0,1,1,1,1,10,0,0.68,2,http://43.180.83.98/auth/verification?token=vdsrm07c9stxqdl21dploaey,1
52,30,15,0,1,3,0,0,0,3,0,0,0.0,0.8462,0,0,0,0,0,1,4.2488,3.9899,2,1,0,1,1,0,1,4,1,0.85,1,http://instagram-copyright-appeal.icu/verify-account,1
29,14,7,0,2,0,0,0,0,3,0,0,0.0,0.7931,0,1,0,1,0,0,3.8833,3.0391,1,0,0,1,1,0,0,4,0,0.27,0,https://mail.yahoo.com/signin,0
47,14,7,18,3,0,0,1,1,3,0,0,0.0,0.7872,0,0,0,2,0,0,4.3093,3.0391,0,0,1,0,0,0,0,0,0,0.0,0,http://blog.sbi.co.in/search?q=machine+learning,0
56,35,14,0,2,2,0,0,0,4,0,0,0.0,0.8393,0,0,0,1,0,1,4.2984,4.0687,5,1,0,1,1,1,1,5,1,0.86,2,http://secure.netflix-payment-update.click/account/login,1
54,21,1,23,2,0,0,1,3,3,0,5,0.0926,0.6852,0,1,0,1,0,0,4.4488,3.3088,0,0,0,0,0,0,0,1,0,0.31,0,https://api.geeksforgeeks.org/?ref=nav&q=test&id=61464,0
64,20,9,27,2,2,0,1,1,5,0,0,0.0,0.7969,0,0,0,0,0,0,4.3136,3.3464,1,1,0,1,1,1,1,2,0,0.68,2,http://suspicious-site.buzz/redirect?url=http://victim-login.com,1
39,12,6,13,2,0,0,1,1,3,0,2,0.0513,0.7436,0,0,0,1,0,0,4.3681,3.085,0,0,0,0,0,0,0,3,0,0.18,0,http://app.imdb.com/watch?v=dQw4w9WgXcQ,0
48,34,7,0,1,3,0,0,0,3,0,0,0.0,0.8333,0,0,0,0,0,1,4.33,3.9987,2,1,0,1,1,1,1,7,1,0.66,2,http://customer-support-helpdesk-agent.ml/verify,1
48,36,5,0,1,3,0,0,0,3,0,0,0.0,0.8333,0,0,0,0,0,1,4.2878,3.9959,4,1,0,0,0,0,0,0,0,0.0,0,http://secure-wellsfargo-banking-alert.work/auth,1
47,13,27,0,3,2,0,0,0,4,0,10,0.2128,0.5745,1,0,0,2,0,0,4.6393,2.8731,3,0,1,1,1,1,1,3,1,0.87,2,http://155.80.28.176/secure/update-banking-info,1
56,18,30,0,3,0,0,0,0,5,0,0,0.0,0.8393,0,1,0,1,0,0,4.125,3.6144,0,0,0,0,0,0,0,4,0,0.07,0,https://api.cloudflare.com/download/latest/installer.exe,0
49,36,6,0,4,1,0,0,0,3,0,0,0.0,0.8163,0,0,0,3,1,0,4.1792,3.9267,3,1,1,1,1,1,1,4,1,0.68,0,http://appleid.apple.com.verify-identity.tk/login,1
51,34,10,0,1,3,0,0,0,4,0,0,0.0,0.8235,0,0,0,0,0,1,4.0199,3.7826,2,1,0,0,0,0,0,0,0,0.0,0,http://amazon-unusual-activity-signin.fun/ap/signin,1
75,15,30,21,2,0,0,1,2,5,0,1,0.0133,0.8133,0,1,0,1,0,0,4.3787,3.3736,0,0,0,0,0,0,0,0,0,0.0,0,https://blog.github.com/products/category/electronics?page=2&sort=price_asc,0
78,18,28,23,2,2,0,1,3,4,0,5,0.0641,0.7436,0,1,0,1,0,0,4.5751,3.5724,1,0,0,0,0,0,0,0,0,0.0,0,https://www.aliexpress.com/help-center/contact-support?ref=nav&q=test&id=11881,0
45,31,7,0,1,3,0,0,0,3,0,0,0.0,0.8222,0,0,0,0,0,1,4.1023,3.8087,3,1,0,0,0,0,0,0,0,0.0,0,http://claim-free-crypto-airdrop.click/wallet,1
40,13,6,13,2,0,0,1,1,3,0,2,0.05,0.75,0,0,0,1,0,0,4.4276,3.027,0,0,0,0,0,0,0,4,0,0.34,0,http://mail.imdb.com/watch?v=dQw4w9WgXcQ,0
50,35,8,0,1,3,0,0,0,3,0,0,0.0,0.84,0,0,0,0,0,1,4.2162,4.0116,1,1,0,1,1,1,1,8,0,0.88,2,http://metamask-wallet-recovery-phrase.icu/connect,1
46,21,17,0,2,0,0,0,0,4,0,0,0.0,0.8478,0,1,0,1,0,0,4.2512,3.5585,0,0,0,0,0,0,0,0,0,0.0,0,https://www.bankofamerica.com/profile/settings,0
53,24,22,0,1,3,0,0,0,4,0,0,0.0,0.8302,0,0,0,0,0,1,4.2528,3.8035,4,1,0,1,1,1,1,2,1,0.93,1,http://chase-security-alert.xyz/auth/confirm-identity,1
34,9,17,0,1,0,0,0,0,4,0,0,0.0,0.8235,0,1,0,0,0,0,3.9254,2.9477,1,0,0,0,0,0,0,0,0,0.0,0,https://apple.com/profile/settings,0
36,8,6,13,1,0,0,1,1,3,0,2,0.0556,0.75,0,1,0,0,0,0,4.4749,3.0,0,0,0,0,0,0,0,0,0,0.0,0,https://ebay.com/watch?v=dQw4w9WgXcQ,0
44,12,25,0,4,0,0,0,0,5,0,9,0.2045,0.5682,1,0,0,2,0,0,4.3088,2.6887,2,0,1,0,0,0,0,0,0,0.0,0,http://42.196.7.197/signin/paypal/index.html,1
45,13,25,0,4,0,0,0,0,5,0,10,0.2222,0.5556,1,0,0,2,0,0,4.2779,2.5654,2,0,1,0,0,0,0,0,0,0.0,0,http://98.182.14.115/signin/paypal/index.html,1
57,12,38,0,2,1,0,0,0,6,0,0,0.0,0.8246,0,0,0,1,0,0,4.1416,3.0221,0,0,0,0,0,0,0,0,0,0.0,0,http://www.bing.com/repos/organization/repo-name/releases,0
76,19,25,23,2,0,0,1,3,5,0,5,0.0658,0.75,0,1,0,1,0,0,4.6826,3.3661,1,0,0,0,0,0,0,4,0,0.27,0,https://support.dropbox.com/user/dashboard/analytics?ref=nav&q=test&id=68503,0
52,14,30,0,3,0,0,0,0,5,0,0,0.0,0.8269,0,1,0,1,0,0,4.1978,3.5216,0,0,0,0,0,0,0,0,0,0.0,0,https://api.github.com/download/latest/installer.exe,0
67,14,22,23,2,1,0,1,3,5,0,6,0.0896,0.6866,0,0,0,1,0,0,4.775,3.3249,0,0,0,0,0,0,0,2,0,0.22,0,http://www.github.com/docs/v2/api-reference?ref=nav&q=test&id=53921,0
33,20,6,0,2,0,0,0,0,3,0,0,0.0,0.8182,0,0,0,1,0,0,4.0587,3.8219,2,0,0,1,1,0,0,0,0,0.09,0,http://support.linkedin.com/login,0
85,16,38,22,2,1,0,1,3,6,0,4,0.0471,0.7647,0,1,0,1,0,0,4.539,3.3278,0,0,0,0,0,0,0,0,0,0.0,0,https://dev.facebook.com/repos/organization/repo-name/releases?ref=nav&q=test&id=1441,0
46,34,5,0,1,3,0,0,0,3,0,0,0.0,0.8261,0,0,0,0,0,1,4.284,3.9987,4,1,0,1,1,1,1,11,1,0.84,0,http://secure-wellsfargo-banking-alert.cf/auth,1
49,14,28,0,2,2,0,0,0,4,0,0,0.0,0.8163,0,0,0,1,0,0,4.0254,3.3788,2,0,0,0,0,0,0,3,0,0.33,0,http://blog.chase.com/help-center/contact-support,0
50,32,11,0,1,3,0,0,0,4,0,3,0.06,0.76,0,0,0,0,0,1,4.5415,4.1792,4,1,0,1,1,1,1,3,0,0.65,0,http://microsoft-365-password-reset.xyz/auth/login,1
46,34,5,0,1,3,0,0,0,3,0,0,0.0,0.8261,0,0,0,0,0,1,4.3004,4.0209,4,1,0,1,1,1,1,2,0,0.7,0,http://secure-wellsfargo-banking-alert.ml/auth,1
51,17,27,0,2,1,0,0,0,7,0,0,0.0,0.7843,0,0,0,0,0,0,4.2179,3.7345,4,1,0,0,0,0,0,0,0,0.0,0,http://portal-service.ml//account/verify//login.php,1
54,21,25,0,2,2,0,0,0,4,0,0,0.0,0.8333,0,1,0,1,0,0,4.0604,3.4633,1,0,0,0,0,0,0,0,0,0.0,0,https://support.pinterest.com/about-us/leadership-team,0
23,15,0,0,2,0,0,0,0,2,0,0,0.0,0.7826,0,1,0,1,0,0,3.5884,3.2402,1,0,0,0,0,0,0,4,0,0.12,0,https://support.cnn.com,0
51,13,30,0,3,0,0,0,0,5,0,0,0.0,0.8235,0,1,0,1,0,0,3.9571,2.5654,0,0,0,0,0,0,0,3,0,0.33,0,https://www.twitch.tv/download/latest/installer.exe,0
50,32,11,0,1,3,0,0,0,4,0,3,0.06,0.76,0,0,0,0,0,1,4.4215,4.1167,4,1,0,0,0,0,0,0,0,0.0,0,http://microsoft-365-password-reset.fun/auth/login,1
73,33,5,27,1,3,0,1,1,3,0,6,0.0822,0.7808,0,0,0,0,0,1,4.8961,4.1273,1,1,0,1,1,1,1,7,1,0.94,1,http://google-drive-shared-document.buzz/view?id=bpwfekkzgke9rflq7435isw2,1
49,35,7,0,1,3,0,0,0,3,0,0,0.0,0.8367,0,0,0,0,0,1,4.4262,4.1859,2,1,0,0,0,0,0,0,0,0.0,0,http://customer-support-helpdesk-agent.xyz/verify,1
49,21,6,13,2,0,0,1,1,3,0,2,0.0408,0.7959,0,1,0,1,0,0,4.5227,3.6538,1,0,0,0,0,0,0,4,0,0.11,0,https://support.wikipedia.org/watch?v=dQw4w9WgXcQ,0
41,8,25,0,1,0,0,0,0,5,0,0,0.0,0.8293,0,1,0,0,0,0,4.1779,3.0,0,0,0,0,0,0,0,0,0,0.09,0,https://bing.com/user/dashboard/analytics,0
87,16,40,23,2,1,0,1,3,6,0,11,0.1264,0.6897,0,0,0,1,0,0,4.8554,3.4528,0,0,0,0,0,0,0,0,0,0.0,0,http://app.flipkart.com/article/2026/08/technology-breakthrough?ref=nav&q=test&id=41656,0
52,37,7,0,4,1,0,0,0,3,0,0,0.0,0.8269,0,1,0,3,1,0,4.2728,3.9254,3,1,1,0,0,0,0,0,0,0.0,0,https://appleid.apple.com.account-recovery.tk/verify,1
50,15,28,0,2,2,0,0,0,4,0,0,0.0,0.82,0,0,0,1,0,0,3.9904,3.5069,1,0,0,0,0,0,0,0,0,0.0,0,http://app.nytimes.com/help-center/contact-support,0
55,34,14,0,2,2,0,0,0,4,0,0,0.0,0.8364,0,0,0,1,0,1,4.3744,4.1134,5,1,0,1,1,0,1,7,1,0.93,0,http://secure.netflix-payment-update.buzz/account/login,1
46,17,22,0,2,1,0,0,0,5,0,1,0.0217,0.7826,0,0,0,1,0,0,4.2034,3.2195,0,0,0,0,0,0,0,4,0,0.32,0,http://www.wikipedia.org/docs/v2/api-reference,0
68,14,22,23,2,1,0,1,3,5,0,6,0.0882,0.6912,0,1,0,1,0,0,4.6206,2.9502,0,0,0,0,0,0,0,3,0,0.34,0,https://docs.yahoo.com/docs/v2/api-reference?ref=nav&q=test&id=59450,0
63,19,9,27,2,2,0,1,1,5,0,0,0.0,0.7937,0,0,0,0,0,0,4.2463,3.3661,1,1,0,1,1,1,1,3,1,0.7,0,http://suspicious-site.cam/redirect?url=http://victim-login.com,1
47,34,6,0,1,3,0,0,0,3,0,0,0.0,0.8298,0,0,0,0,0,1,4.1334,3.8559,2,1,0,1,1,1,1,6,0,0.88,1,http://icici-rewards-points-redemption.ga/claim,1
53,38,7,0,4,1,0,0,0,3,0,0,0.0,0.8302,0,1,0,3,1,0,4.2752,3.945,3,1,1,0,0,0,0,0,0,0.0,0,https://appleid.apple.com.account-recovery.fun/verify,1
49,31,11,0,1,3,0,0,0,3,0,0,0.0,0.8367,0,0,0,0,0,1,4.1291,3.8732,3,1,0,1,1,0,1,4,0,0.79,0,http://unauthorized-login-detected.top/secure-now,1
30,17,6,0,1,3,0,0,0,3,0,0,0.0,0.7333,0,0,1,0,0,1,4.0314,3.4548,1,0,0,1,1,1,1,11,1,0.91,0,http://xn--paypl-qqa.com/login,1
56,22,7,18,2,0,0,1,1,3,0,0,0.0,0.8393,0,1,0,1,0,0,4.4138,3.6978,1,0,0,0,0,0,0,0,0,0.0,0,https://support.cloudflare.com/search?q=machine+learning,0
44,14,23,0,2,1,0,0,0,4,0,0,0.0,0.8182,0,0,0,1,0,0,4.0239,3.3788,0,0,0,0,0,0,0,3,0,0.23,0,http://app.gitlab.com/explore/popular-topics,0
39,15,17,0,2,2,0,0,0,3,0,0,0.0,0.7949,0,0,0,1,0,0,4.1504,3.5069,1,0,0,0,0,0,0,2,0,0.1,0,http://blog.reddit.com/terms-of-service,0
25,11,6,0,1,0,0,0,0,3,0,0,0.0,0.8,0,1,0,0,0,0,3.8333,3.2776,1,0,0,0,0,0,0,0,0,0.0,0,https://spotify.com/login,0
43,18,17,0,2,2,0,0,0,3,0,0,0.0,0.814,0,1,0,1,0,0,4.1184,3.5724,1,0,0,0,0,0,0,0,0,0.0,0,https://www.aliexpress.com/terms-of-service,0
59,21,30,0,3,0,0,0,0,5,0,0,0.0,0.8475,0,1,0,1,0,0,4.2114,3.5585,0,0,0,0,0,0,0,0,0,0.0,0,https://www.bankofamerica.com/download/latest/installer.exe,0
43,27,9,0,1,2,0,0,0,3,0,0,0.0,0.8372,0,0,0,0,0,1,4.1359,3.6899,2,1,0,1,1,1,1,8,0,0.94,1,http://binance-kyc-verification.cf/security,1
34,20,7,0,1,3,0,0,0,3,0,1,0.0294,0.7353,0,0,1,0,0,1,4.1163,3.6464,1,0,0,0,0,0,0,0,0,0.0,0,http://xn--mcrosoft-p1a.com/update,1
51,36,8,0,1,3,0,0,0,3,0,0,0.0,0.8431,0,0,0,0,0,1,4.1403,3.882,1,1,0,1,1,1,1,4,0,0.81,0,http://metamask-wallet-recovery-phrase.work/connect,1
51,17,27,0,2,1,0,0,0,7,0,0,0.0,0.7843,0,0,0,0,0,0,4.2179,3.7345,4,1,0,1,1,1,1,4,0,0.76,0,http://portal-service.ml//account/verify//login.php,1
50,22,6,13,2,0,0,1,1,3,0,2,0.04,0.8,0,1,0,1,0,0,4.5362,3.1524,0,0,0,0,0,0,0,2,0,0.12,0,https://blog.geeksforgeeks.org/watch?v=dQw4w9WgXcQ,0
30,17,6,0,1,3,0,0,0,3,0,0,0.0,0.7333,0,0,1,0,0,1,4.0314,3.4548,1,0,0,0,0,0,0,0,0,0.0,0,http://xn--paypl-qqa.com/login,1
54,33,14,0,2,2,0,0,0,4,0,0,0.0,0.8333,0,0,0,1,0,1,4.255,3.9573,5,1,0,0,0,0,0,0,0,0.0,0,http://secure.netflix-payment-update.fun/account/login,1
82,11,40,22,1,1,0,1,3,6,0,10,0.122,0.6951,0,1,0,0,0,0,4.874,3.0958,0,0,0,0,0,0,0,0,0,0.23,0,https://youtube.com/article/2026/08/technology-breakthrough?ref=nav&q=test&id=7345,0
